order_id,created_at,customer_email,quantity,unit_price,total,country,currency,phone
,2026-08-01 00:00:00,customer_0@example.com,1,10.0,10.0,US,USD,15550100000
,2026-08-01 00:15:00,customer_1@example.com,3,17.0,51.0,US,USD,15550100001
,2026-08-01 00:30:00,customer_2@example.com,2,14.0,28.0,US,USD,15550100002
,2026-08-01 00:45:00,customer_3@example.com,1,27.0,27.0,US,USD,15550100003
,2026-08-01 01:00:00,customer_4@example.com,1,28.0,28.0,US,USD,15550100004
,2026-08-01 01:15:00,customer_5@example.com,4,11.0,44.0,US,USD,15550100005
,2026-08-01 01:30:00,customer_6@example.com,1,12.0,12.0,US,USD,15550100006
,2026-08-01 01:45:00,customer_7@example.com,2,17.0,34.0,US,USD,15550100007
,2026-08-01 02:00:00,customer_8@example.com,5,29.0,145.0,US,USD,15550100008
,2026-08-01 02:15:00,customer_9@example.com,1,27.0,27.0,US,USD,15550100009
,2026-08-01 02:30:00,customer_10@example.com,2,30.0,60.0,US,USD,15550100010
,2026-08-01 02:45:00,customer_11@example.com,5,23.0,115.0,US,USD,15550100011
,2026-08-01 03:00:00,customer_12@example.com,2,24.0,48.0,US,USD,15550100012
,2026-08-01 03:15:00,customer_13@example.com,5,18.0,90.0,US,USD,15550100013
,2026-08-01 03:30:00,customer_14@example.com,1,15.0,15.0,US,USD,15550100014
,2026-08-01 03:45:00,customer_15@example.com,4,20.0,80.0,US,USD,15550100015
,2026-08-01 04:00:00,customer_16@example.com,3,14.0,42.0,US,USD,15550100016
,2026-08-01 04:15:00,customer_17@example.com,2,20.0,40.0,US,USD,15550100017
,2026-08-01 04:30:00,customer_18@example.com,1,12.0,12.0,US,USD,15550100018
,2026-08-01 04:45:00,customer_19@example.com,4,13.0,52.0,US,USD,15550100019
,2026-08-01 05:00:00,customer_20@example.com,3,21.0,63.0,US,USD,15550100020
,2026-08-01 05:15:00,customer_21@example.com,5,18.0,90.0,US,USD,15550100021
,2026-08-01 05:30:00,customer_22@example.com,1,24.0,24.0,US,USD,15550100022
,2026-08-01 05:45:00,customer_23@example.com,5,13.0,65.0,US,USD,15550100023
,2026-08-01 06:00:00,customer_24@example.com,4,12.0,48.0,US,USD,15550100024
,2026-08-01 06:15:00,customer_25@example.com,5,19.0,95.0,US,USD,15550100025
,2026-08-01 06:30:00,customer_26@example.com,5,21.0,105.0,US,USD,15550100026
,2026-08-01 06:45:00,customer_27@example.com,5,16.0,80.0,US,USD,15550100027
,2026-08-01 07:00:00,customer_28@example.com,1,11.0,11.0,US,USD,15550100028
,2026-08-01 07:15:00,customer_29@example.com,2,19.0,38.0,US,USD,15550100029
,2026-08-01 07:30:00,customer_30@example.com,1,17.0,17.0,US,USD,15550100030
,2026-08-01 07:45:00,customer_31@example.com,1,22.0,22.0,US,USD,15550100031
,2026-08-01 08:00:00,customer_32@example.com,3,24.0,72.0,US,USD,15550100032
,2026-08-01 08:15:00,customer_33@example.com,3,15.0,45.0,US,USD,15550100033
,2026-08-01 08:30:00,customer_34@example.com,3,21.0,63.0,US,USD,15550100034
,2026-08-01 08:45:00,customer_35@example.com,2,18.0,36.0,US,USD,15550100035
,2026-08-01 09:00:00,customer_36@example.com,1,29.0,29.0,US,USD,15550100036
,2026-08-01 09:15:00,customer_37@example.com,2,27.0,54.0,US,USD,15550100037
,2026-08-01 09:30:00,customer_38@example.com,2,15.0,30.0,US,USD,15550100038
,2026-08-01 09:45:00,customer_39@example.com,4,22.0,88.0,US,USD,15550100039
,2026-08-01 10:00:00,customer_40@example.com,3,30.0,90.0,US,USD,15550100040
,2026-08-01 10:15:00,customer_41@example.com,5,17.0,85.0,US,USD,15550100041
,2026-08-01 10:30:00,customer_42@example.com,3,11.0,33.0,US,USD,15550100042
,2026-08-01 10:45:00,customer_43@example.com,2,11.0,22.0,US,USD,15550100043
,2026-08-01 11:00:00,customer_44@example.com,3,22.0,66.0,US,USD,15550100044
,2026-08-01 11:15:00,customer_45@example.com,3,12.0,36.0,US,USD,15550100045
,2026-08-01 11:30:00,customer_46@example.com,2,28.0,56.0,US,USD,15550100046
,2026-08-01 11:45:00,customer_47@example.com,3,16.0,48.0,US,USD,15550100047
,2026-08-01 12:00:00,customer_48@example.com,4,22.0,88.0,US,USD,15550100048
,2026-08-01 12:15:00,customer_49@example.com,4,14.0,56.0,US,USD,15550100049
,2026-08-01 12:30:00,customer_50@example.com,3,14.0,42.0,US,USD,15550100050
,2026-08-01 12:45:00,customer_51@example.com,2,27.0,54.0,US,USD,15550100051
,2026-08-01 13:00:00,customer_52@example.com,5,18.0,90.0,US,USD,15550100052
,2026-08-01 13:15:00,customer_53@example.com,5,23.0,115.0,US,USD,15550100053
,2026-08-01 13:30:00,customer_54@example.com,5,22.0,110.0,US,USD,15550100054
,2026-08-01 13:45:00,customer_55@example.com,3,17.0,51.0,US,USD,15550100055
,2026-08-01 14:00:00,customer_56@example.com,2,26.0,52.0,US,USD,15550100056
,2026-08-01 14:15:00,customer_57@example.com,4,12.0,48.0,US,USD,15550100057
,2026-08-01 14:30:00,customer_58@example.com,1,13.0,13.0,US,USD,15550100058
,2026-08-01 14:45:00,customer_59@example.com,2,30.0,60.0,US,USD,15550100059
,2026-08-01 15:00:00,customer_60@example.com,2,23.0,46.0,US,USD,15550100060
,2026-08-01 15:15:00,customer_61@example.com,5,12.0,60.0,US,USD,15550100061
,2026-08-01 15:30:00,customer_62@example.com,4,22.0,88.0,US,USD,15550100062
,2026-08-01 15:45:00,customer_63@example.com,5,24.0,120.0,US,USD,15550100063
,2026-08-01 16:00:00,customer_64@example.com,5,18.0,90.0,US,USD,15550100064
,2026-08-01 16:15:00,customer_65@example.com,5,10.0,50.0,US,USD,15550100065
,2026-08-01 16:30:00,customer_66@example.com,1,27.0,27.0,US,USD,15550100066
,2026-08-01 16:45:00,customer_67@example.com,3,30.0,90.0,US,USD,15550100067
,2026-08-01 17:00:00,customer_68@example.com,3,13.0,39.0,US,USD,15550100068
,2026-08-01 17:15:00,customer_69@example.com,3,23.0,69.0,US,USD,15550100069
,2026-08-01 17:30:00,customer_70@example.com,2,24.0,48.0,US,USD,15550100070
,2026-08-01 17:45:00,customer_71@example.com,1,18.0,18.0,US,USD,15550100071
,2026-08-01 18:00:00,customer_72@example.com,5,15.0,75.0,US,USD,15550100072
,2026-08-01 18:15:00,customer_73@example.com,5,13.0,65.0,US,USD,15550100073
,2026-08-01 18:30:00,customer_74@example.com,3,30.0,90.0,US,USD,15550100074
,2026-08-01 18:45:00,customer_75@example.com,5,29.0,145.0,US,USD,15550100075
,2026-08-01 19:00:00,customer_76@example.com,2,14.0,28.0,US,USD,15550100076
,2026-08-01 19:15:00,customer_77@example.com,3,15.0,45.0,US,USD,15550100077
,2026-08-01 19:30:00,customer_78@example.com,5,26.0,130.0,US,USD,15550100078
,2026-08-01 19:45:00,customer_79@example.com,1,29.0,29.0,US,USD,15550100079
,2026-08-01 20:00:00,customer_80@example.com,3,25.0,75.0,US,USD,15550100080
,2026-08-01 20:15:00,customer_81@example.com,1,13.0,13.0,US,USD,15550100081
,2026-08-01 20:30:00,customer_82@example.com,3,19.0,57.0,US,USD,15550100082
,2026-08-01 20:45:00,customer_83@example.com,2,11.0,22.0,US,USD,15550100083
,2026-08-01 21:00:00,customer_84@example.com,2,28.0,56.0,US,USD,15550100084
,2026-08-01 21:15:00,customer_85@example.com,1,12.0,12.0,US,USD,15550100085
,2026-08-01 21:30:00,customer_86@example.com,4,12.0,48.0,US,USD,15550100086
,2026-08-01 21:45:00,customer_87@example.com,5,14.0,70.0,US,USD,15550100087
,2026-08-01 22:00:00,customer_88@example.com,2,25.0,50.0,US,USD,15550100088
,2026-08-01 22:15:00,customer_89@example.com,5,15.0,75.0,US,USD,15550100089
,2026-08-01 22:30:00,customer_90@example.com,3,26.0,78.0,US,USD,15550100090
,2026-08-01 22:45:00,customer_91@example.com,5,23.0,115.0,US,USD,15550100091
,2026-08-01 23:00:00,customer_92@example.com,2,27.0,54.0,US,USD,15550100092
,2026-08-01 23:15:00,customer_93@example.com,2,19.0,38.0,US,USD,15550100093
,2026-08-01 23:30:00,customer_94@example.com,4,30.0,120.0,US,USD,15550100094
,2026-08-01 23:45:00,customer_95@example.com,3,24.0,72.0,US,USD,15550100095
,2026-08-02 00:00:00,customer_96@example.com,5,24.0,120.0,US,USD,15550100096
,2026-08-02 00:15:00,customer_97@example.com,1,17.0,17.0,US,USD,15550100097
,2026-08-02 00:30:00,customer_98@example.com,2,12.0,24.0,US,USD,15550100098
,2026-08-02 00:45:00,customer_99@example.com,3,10.0,30.0,US,USD,15550100099
,2026-08-02 01:00:00,customer_100@example.com,5,27.0,135.0,US,USD,15550100100
,2026-08-02 01:15:00,customer_101@example.com,2,28.0,56.0,US,USD,15550100101
,2026-08-02 01:30:00,customer_102@example.com,2,10.0,20.0,US,USD,15550100102
,2026-08-02 01:45:00,customer_103@example.com,1,30.0,30.0,US,USD,15550100103
,2026-08-02 02:00:00,customer_104@example.com,1,17.0,17.0,US,USD,15550100104
,2026-08-02 02:15:00,customer_105@example.com,1,11.0,11.0,US,USD,15550100105
,2026-08-02 02:30:00,customer_106@example.com,3,12.0,36.0,US,USD,15550100106
,2026-08-02 02:45:00,customer_107@example.com,5,17.0,85.0,US,USD,15550100107
,2026-08-02 03:00:00,customer_108@example.com,3,25.0,75.0,US,USD,15550100108
,2026-08-02 03:15:00,customer_109@example.com,2,27.0,54.0,US,USD,15550100109
,2026-08-02 03:30:00,customer_110@example.com,2,28.0,56.0,US,USD,15550100110
,2026-08-02 03:45:00,customer_111@example.com,5,25.0,125.0,US,USD,15550100111
,2026-08-02 04:00:00,customer_112@example.com,2,25.0,50.0,US,USD,15550100112
,2026-08-02 04:15:00,customer_113@example.com,4,16.0,64.0,US,USD,15550100113
,2026-08-02 04:30:00,customer_114@example.com,1,13.0,13.0,US,USD,15550100114
,2026-08-02 04:45:00,customer_115@example.com,4,21.0,84.0,US,USD,15550100115
,2026-08-02 05:00:00,customer_116@example.com,4,23.0,92.0,US,USD,15550100116
,2026-08-02 05:15:00,customer_117@example.com,4,11.0,44.0,US,USD,15550100117
,2026-08-02 05:30:00,customer_118@example.com,1,11.0,11.0,US,USD,15550100118
,2026-08-02 05:45:00,customer_119@example.com,4,20.0,80.0,US,USD,15550100119
,2026-08-02 06:00:00,customer_120@example.com,1,17.0,17.0,US,USD,15550100120
,2026-08-02 06:15:00,customer_121@example.com,2,16.0,32.0,US,USD,15550100121
,2026-08-02 06:30:00,customer_122@example.com,5,24.0,120.0,US,USD,15550100122
,2026-08-02 06:45:00,customer_123@example.com,2,23.0,46.0,US,USD,15550100123
,2026-08-02 07:00:00,customer_124@example.com,2,18.0,36.0,US,USD,15550100124
,2026-08-02 07:15:00,customer_125@example.com,4,17.0,68.0,US,USD,15550100125
,2026-08-02 07:30:00,customer_126@example.com,1,24.0,24.0,US,USD,15550100126
,2026-08-02 07:45:00,customer_127@example.com,5,13.0,65.0,US,USD,15550100127
,2026-08-02 08:00:00,customer_128@example.com,1,30.0,30.0,US,USD,15550100128
,2026-08-02 08:15:00,customer_129@example.com,5,10.0,50.0,US,USD,15550100129
,2026-08-02 08:30:00,customer_130@example.com,1,17.0,17.0,US,USD,15550100130
,2026-08-02 08:45:00,customer_131@example.com,2,23.0,46.0,US,USD,15550100131
,2026-08-02 09:00:00,customer_132@example.com,4,25.0,100.0,US,USD,15550100132
,2026-08-02 09:15:00,customer_133@example.com,2,22.0,44.0,US,USD,15550100133
,2026-08-02 09:30:00,customer_134@example.com,1,15.0,15.0,US,USD,15550100134
,2026-08-02 09:45:00,customer_135@example.com,4,10.0,40.0,US,USD,15550100135
,2026-08-02 10:00:00,customer_136@example.com,4,18.0,72.0,US,USD,15550100136
,2026-08-02 10:15:00,customer_137@example.com,4,19.0,76.0,US,USD,15550100137
,2026-08-02 10:30:00,customer_138@example.com,4,27.0,108.0,US,USD,15550100138
,2026-08-02 10:45:00,customer_139@example.com,4,14.0,56.0,US,USD,15550100139
,2026-08-02 11:00:00,customer_140@example.com,2,19.0,38.0,US,USD,15550100140
,2026-08-02 11:15:00,customer_141@example.com,2,11.0,22.0,US,USD,15550100141
,2026-08-02 11:30:00,customer_142@example.com,5,27.0,135.0,US,USD,15550100142
,2026-08-02 11:45:00,customer_143@example.com,1,20.0,20.0,US,USD,15550100143
,2026-08-02 12:00:00,customer_144@example.com,1,11.0,11.0,US,USD,15550100144
,2026-08-02 12:15:00,customer_145@example.com,5,25.0,125.0,US,USD,15550100145
,2026-08-02 12:30:00,customer_146@example.com,5,26.0,130.0,US,USD,15550100146
,2026-08-02 12:45:00,customer_147@example.com,2,11.0,22.0,US,USD,15550100147
,2026-08-02 13:00:00,customer_148@example.com,5,12.0,60.0,US,USD,15550100148
,2026-08-02 13:15:00,customer_149@example.com,2,12.0,24.0,US,USD,15550100149
,2026-08-02 13:30:00,customer_150@example.com,5,12.0,60.0,US,USD,15550100150
,2026-08-02 13:45:00,customer_151@example.com,2,22.0,44.0,US,USD,15550100151
,2026-08-02 14:00:00,customer_152@example.com,1,28.0,28.0,US,USD,15550100152
,2026-08-02 14:15:00,customer_153@example.com,2,28.0,56.0,US,USD,15550100153
,2026-08-02 14:30:00,customer_154@example.com,5,11.0,55.0,US,USD,15550100154
,2026-08-02 14:45:00,customer_155@example.com,5,12.0,60.0,US,USD,15550100155
,2026-08-02 15:00:00,customer_156@example.com,4,28.0,112.0,US,USD,15550100156
,2026-08-02 15:15:00,customer_157@example.com,5,26.0,130.0,US,USD,15550100157
,2026-08-02 15:30:00,customer_158@example.com,3,18.0,54.0,US,USD,15550100158
,2026-08-02 15:45:00,customer_159@example.com,2,20.0,40.0,US,USD,15550100159
,2026-08-02 16:00:00,customer_160@example.com,2,18.0,36.0,US,USD,15550100160
,2026-08-02 16:15:00,customer_161@example.com,4,14.0,56.0,US,USD,15550100161
,2026-08-02 16:30:00,customer_162@example.com,3,24.0,72.0,US,USD,15550100162
,2026-08-02 16:45:00,customer_163@example.com,3,12.0,36.0,US,USD,15550100163
,2026-08-02 17:00:00,customer_164@example.com,1,24.0,24.0,US,USD,15550100164
,2026-08-02 17:15:00,customer_165@example.com,5,28.0,140.0,US,USD,15550100165
,2026-08-02 17:30:00,customer_166@example.com,1,12.0,12.0,US,USD,15550100166
,2026-08-02 17:45:00,customer_167@example.com,5,16.0,80.0,US,USD,15550100167
,2026-08-02 18:00:00,customer_168@example.com,5,18.0,90.0,US,USD,15550100168
,2026-08-02 18:15:00,customer_169@example.com,2,21.0,42.0,US,USD,15550100169
,2026-08-02 18:30:00,customer_170@example.com,1,17.0,17.0,US,USD,15550100170
,2026-08-02 18:45:00,customer_171@example.com,3,19.0,57.0,US,USD,15550100171
,2026-08-02 19:00:00,customer_172@example.com,2,24.0,48.0,US,USD,15550100172
,2026-08-02 19:15:00,customer_173@example.com,5,19.0,95.0,US,USD,15550100173
,2026-08-02 19:30:00,customer_174@example.com,5,30.0,150.0,US,USD,15550100174
,2026-08-02 19:45:00,customer_175@example.com,5,10.0,50.0,US,USD,15550100175
,2026-08-02 20:00:00,customer_176@example.com,5,19.0,95.0,US,USD,15550100176
,2026-08-02 20:15:00,customer_177@example.com,1,14.0,14.0,US,USD,15550100177
,2026-08-02 20:30:00,customer_178@example.com,3,13.0,39.0,US,USD,15550100178
,2026-08-02 20:45:00,customer_179@example.com,1,27.0,27.0,US,USD,15550100179
,2026-08-02 21:00:00,customer_180@example.com,2,18.0,36.0,US,USD,15550100180
,2026-08-02 21:15:00,customer_181@example.com,3,29.0,87.0,US,USD,15550100181
,2026-08-02 21:30:00,customer_182@example.com,2,20.0,40.0,US,USD,15550100182
,2026-08-02 21:45:00,customer_183@example.com,2,30.0,60.0,US,USD,15550100183
,2026-08-02 22:00:00,customer_184@example.com,3,26.0,78.0,US,USD,15550100184
,2026-08-02 22:15:00,customer_185@example.com,4,18.0,72.0,US,USD,15550100185
,2026-08-02 22:30:00,customer_186@example.com,1,12.0,12.0,US,USD,15550100186
,2026-08-02 22:45:00,customer_187@example.com,4,18.0,72.0,US,USD,15550100187
,2026-08-02 23:00:00,customer_188@example.com,1,10.0,10.0,US,USD,15550100188
,2026-08-02 23:15:00,customer_189@example.com,3,14.0,42.0,US,USD,15550100189
,2026-08-02 23:30:00,customer_190@example.com,3,15.0,45.0,US,USD,15550100190
,2026-08-02 23:45:00,customer_191@example.com,4,27.0,108.0,US,USD,15550100191
,2026-08-03 00:00:00,customer_192@example.com,4,27.0,108.0,US,USD,15550100192
,2026-08-03 00:15:00,customer_193@example.com,1,13.0,13.0,US,USD,15550100193
,2026-08-03 00:30:00,customer_194@example.com,1,14.0,14.0,US,USD,15550100194
,2026-08-03 00:45:00,customer_195@example.com,5,11.0,55.0,US,USD,15550100195
,2026-08-03 01:00:00,customer_196@example.com,3,28.0,84.0,US,USD,15550100196
,2026-08-03 01:15:00,customer_197@example.com,5,14.0,70.0,US,USD,15550100197
,2026-08-03 01:30:00,customer_198@example.com,4,14.0,56.0,US,USD,15550100198
,2026-08-03 01:45:00,customer_199@example.com,1,19.0,19.0,US,USD,15550100199
,2026-08-03 02:00:00,customer_200@example.com,3,11.0,33.0,US,USD,15550100200
,2026-08-03 02:15:00,customer_201@example.com,3,16.0,48.0,US,USD,15550100201
,2026-08-03 02:30:00,customer_202@example.com,2,13.0,26.0,US,USD,15550100202
,2026-08-03 02:45:00,customer_203@example.com,3,27.0,81.0,US,USD,15550100203
,2026-08-03 03:00:00,customer_204@example.com,4,29.0,116.0,US,USD,15550100204
,2026-08-03 03:15:00,customer_205@example.com,2,17.0,34.0,US,USD,15550100205
,2026-08-03 03:30:00,customer_206@example.com,2,15.0,30.0,US,USD,15550100206
,2026-08-03 03:45:00,customer_207@example.com,4,10.0,40.0,US,USD,15550100207
,2026-08-03 04:00:00,customer_208@example.com,2,20.0,40.0,US,USD,15550100208
,2026-08-03 04:15:00,customer_209@example.com,4,17.0,68.0,US,USD,15550100209
,2026-08-03 04:30:00,customer_210@example.com,3,15.0,45.0,US,USD,15550100210
,2026-08-03 04:45:00,customer_211@example.com,1,22.0,22.0,US,USD,15550100211
,2026-08-03 05:00:00,customer_212@example.com,1,25.0,25.0,US,USD,15550100212
,2026-08-03 05:15:00,customer_213@example.com,2,16.0,32.0,US,USD,15550100213
,2026-08-03 05:30:00,customer_214@example.com,4,21.0,84.0,US,USD,15550100214
,2026-08-03 05:45:00,customer_215@example.com,3,17.0,51.0,US,USD,15550100215
,2026-08-03 06:00:00,customer_216@example.com,2,10.0,20.0,US,USD,15550100216
,2026-08-03 06:15:00,customer_217@example.com,2,22.0,44.0,US,USD,15550100217
,2026-08-03 06:30:00,customer_218@example.com,3,18.0,54.0,US,USD,15550100218
,2026-08-03 06:45:00,customer_219@example.com,1,18.0,18.0,US,USD,15550100219
,2026-08-03 07:00:00,customer_220@example.com,3,30.0,90.0,US,USD,15550100220
,2026-08-03 07:15:00,customer_221@example.com,5,22.0,110.0,US,USD,15550100221
,2026-08-03 07:30:00,customer_222@example.com,5,20.0,100.0,US,USD,15550100222
,2026-08-03 07:45:00,customer_223@example.com,1,13.0,13.0,US,USD,15550100223
,2026-08-03 08:00:00,customer_224@example.com,3,15.0,45.0,US,USD,15550100224
,2026-08-03 08:15:00,customer_225@example.com,5,18.0,90.0,US,USD,15550100225
,2026-08-03 08:30:00,customer_226@example.com,1,13.0,13.0,US,USD,15550100226
,2026-08-03 08:45:00,customer_227@example.com,5,23.0,115.0,US,USD,15550100227
,2026-08-03 09:00:00,customer_228@example.com,3,20.0,60.0,US,USD,15550100228
,2026-08-03 09:15:00,customer_229@example.com,4,29.0,116.0,US,USD,15550100229
,2026-08-03 09:30:00,customer_230@example.com,5,13.0,65.0,US,USD,15550100230
,2026-08-03 09:45:00,customer_231@example.com,4,28.0,112.0,US,USD,15550100231
,2026-08-03 10:00:00,customer_232@example.com,2,18.0,36.0,US,USD,15550100232
,2026-08-03 10:15:00,customer_233@example.com,1,23.0,23.0,US,USD,15550100233
,2026-08-03 10:30:00,customer_234@example.com,1,26.0,26.0,US,USD,15550100234
,2026-08-03 10:45:00,customer_235@example.com,5,16.0,80.0,US,USD,15550100235
,2026-08-03 11:00:00,customer_236@example.com,3,23.0,69.0,US,USD,15550100236
,2026-08-03 11:15:00,customer_237@example.com,1,20.0,20.0,US,USD,15550100237
,2026-08-03 11:30:00,customer_238@example.com,5,20.0,100.0,US,USD,15550100238
,2026-08-03 11:45:00,customer_239@example.com,1,19.0,19.0,US,USD,15550100239
,2026-08-03 12:00:00,customer_240@example.com,5,19.0,95.0,US,USD,15550100240
,2026-08-03 12:15:00,customer_241@example.com,4,20.0,80.0,US,USD,15550100241
,2026-08-03 12:30:00,customer_242@example.com,4,19.0,76.0,US,USD,15550100242
,2026-08-03 12:45:00,customer_243@example.com,5,14.0,70.0,US,USD,15550100243
,2026-08-03 13:00:00,customer_244@example.com,2,23.0,46.0,US,USD,15550100244
,2026-08-03 13:15:00,customer_245@example.com,4,15.0,60.0,US,USD,15550100245
,2026-08-03 13:30:00,customer_246@example.com,5,28.0,140.0,US,USD,15550100246
,2026-08-03 13:45:00,customer_247@example.com,3,22.0,66.0,US,USD,15550100247
,2026-08-03 14:00:00,customer_248@example.com,5,10.0,50.0,US,USD,15550100248
,2026-08-03 14:15:00,customer_249@example.com,3,19.0,57.0,US,USD,15550100249
,2026-08-03 14:30:00,customer_250@example.com,2,23.0,46.0,US,USD,15550100250
,2026-08-03 14:45:00,customer_251@example.com,5,29.0,145.0,US,USD,15550100251
,2026-08-03 15:00:00,customer_252@example.com,3,24.0,72.0,US,USD,15550100252
,2026-08-03 15:15:00,customer_253@example.com,4,24.0,96.0,US,USD,15550100253
,2026-08-03 15:30:00,customer_254@example.com,2,26.0,52.0,US,USD,15550100254
,2026-08-03 15:45:00,customer_255@example.com,4,15.0,60.0,US,USD,15550100255
,2026-08-03 16:00:00,customer_256@example.com,1,19.0,19.0,US,USD,15550100256
,2026-08-03 16:15:00,customer_257@example.com,5,30.0,150.0,US,USD,15550100257
,2026-08-03 16:30:00,customer_258@example.com,5,20.0,100.0,US,USD,15550100258
,2026-08-03 16:45:00,customer_259@example.com,1,17.0,17.0,US,USD,15550100259
,2026-08-03 17:00:00,customer_260@example.com,3,17.0,51.0,US,USD,15550100260
,2026-08-03 17:15:00,customer_261@example.com,2,14.0,28.0,US,USD,15550100261
,2026-08-03 17:30:00,customer_262@example.com,1,11.0,11.0,US,USD,15550100262
,2026-08-03 17:45:00,customer_263@example.com,2,25.0,50.0,US,USD,15550100263
,2026-08-03 18:00:00,customer_264@example.com,5,12.0,60.0,US,USD,15550100264
,2026-08-03 18:15:00,customer_265@example.com,4,23.0,92.0,US,USD,15550100265
,2026-08-03 18:30:00,customer_266@example.com,5,16.0,80.0,US,USD,15550100266
,2026-08-03 18:45:00,customer_267@example.com,4,25.0,100.0,US,USD,15550100267
,2026-08-03 19:00:00,customer_268@example.com,4,17.0,68.0,US,USD,15550100268
,2026-08-03 19:15:00,customer_269@example.com,2,30.0,60.0,US,USD,15550100269
,2026-08-03 19:30:00,customer_270@example.com,1,13.0,13.0,US,USD,15550100270
,2026-08-03 19:45:00,customer_271@example.com,4,17.0,68.0,US,USD,15550100271
,2026-08-03 20:00:00,customer_272@example.com,2,26.0,52.0,US,USD,15550100272
,2026-08-03 20:15:00,customer_273@example.com,4,11.0,44.0,US,USD,15550100273
,2026-08-03 20:30:00,customer_274@example.com,5,17.0,85.0,US,USD,15550100274
,2026-08-03 20:45:00,customer_275@example.com,1,24.0,24.0,US,USD,15550100275
,2026-08-03 21:00:00,customer_276@example.com,2,24.0,48.0,US,USD,15550100276
,2026-08-03 21:15:00,customer_277@example.com,5,27.0,135.0,US,USD,15550100277
,2026-08-03 21:30:00,customer_278@example.com,5,20.0,100.0,US,USD,15550100278
,2026-08-03 21:45:00,customer_279@example.com,4,29.0,116.0,US,USD,15550100279
,2026-08-03 22:00:00,customer_280@example.com,5,23.0,115.0,US,USD,15550100280
,2026-08-03 22:15:00,customer_281@example.com,5,24.0,120.0,US,USD,15550100281
,2026-08-03 22:30:00,customer_282@example.com,2,25.0,50.0,US,USD,15550100282
,2026-08-03 22:45:00,customer_283@example.com,4,18.0,72.0,US,USD,15550100283
,2026-08-03 23:00:00,customer_284@example.com,2,30.0,60.0,US,USD,15550100284
,2026-08-03 23:15:00,customer_285@example.com,3,26.0,78.0,US,USD,15550100285
,2026-08-03 23:30:00,customer_286@example.com,4,30.0,120.0,US,USD,15550100286
,2026-08-03 23:45:00,customer_287@example.com,2,18.0,36.0,US,USD,15550100287
,2026-08-04 00:00:00,customer_288@example.com,4,12.0,48.0,US,USD,15550100288
,2026-08-04 00:15:00,customer_289@example.com,3,17.0,51.0,US,USD,15550100289
,2026-08-04 00:30:00,customer_290@example.com,3,20.0,60.0,US,USD,15550100290
,2026-08-04 00:45:00,customer_291@example.com,3,27.0,81.0,US,USD,15550100291
,2026-08-04 01:00:00,customer_292@example.com,1,14.0,14.0,US,USD,15550100292
,2026-08-04 01:15:00,customer_293@example.com,2,17.0,34.0,US,USD,15550100293
,2026-08-04 01:30:00,customer_294@example.com,4,14.0,56.0,US,USD,15550100294
,2026-08-04 01:45:00,customer_295@example.com,2,12.0,24.0,US,USD,15550100295
,2026-08-04 02:00:00,customer_296@example.com,4,23.0,92.0,US,USD,15550100296
,2026-08-04 02:15:00,customer_297@example.com,3,27.0,81.0,US,USD,15550100297
,2026-08-04 02:30:00,customer_298@example.com,4,23.0,92.0,US,USD,15550100298
,2026-08-04 02:45:00,customer_299@example.com,1,16.0,16.0,US,USD,15550100299
,2026-08-04 03:00:00,customer_300@example.com,4,22.0,88.0,US,USD,15550100300
,2026-08-04 03:15:00,customer_301@example.com,5,10.0,50.0,US,USD,15550100301
,2026-08-04 03:30:00,customer_302@example.com,5,22.0,110.0,US,USD,15550100302
,2026-08-04 03:45:00,customer_303@example.com,4,10.0,40.0,US,USD,15550100303
,2026-08-04 04:00:00,customer_304@example.com,3,19.0,57.0,US,USD,15550100304
,2026-08-04 04:15:00,customer_305@example.com,4,23.0,92.0,US,USD,15550100305
,2026-08-04 04:30:00,customer_306@example.com,5,27.0,135.0,US,USD,15550100306
,2026-08-04 04:45:00,customer_307@example.com,5,17.0,85.0,US,USD,15550100307
,2026-08-04 05:00:00,customer_308@example.com,4,17.0,68.0,US,USD,15550100308
,2026-08-04 05:15:00,customer_309@example.com,3,23.0,69.0,US,USD,15550100309
,2026-08-04 05:30:00,customer_310@example.com,4,10.0,40.0,US,USD,15550100310
,2026-08-04 05:45:00,customer_311@example.com,4,20.0,80.0,US,USD,15550100311
,2026-08-04 06:00:00,customer_312@example.com,4,15.0,60.0,US,USD,15550100312
,2026-08-04 06:15:00,customer_313@example.com,4,14.0,56.0,US,USD,15550100313
,2026-08-04 06:30:00,customer_314@example.com,5,27.0,135.0,US,USD,15550100314
,2026-08-04 06:45:00,customer_315@example.com,1,22.0,22.0,US,USD,15550100315
,2026-08-04 07:00:00,customer_316@example.com,5,28.0,140.0,US,USD,15550100316
,2026-08-04 07:15:00,customer_317@example.com,1,12.0,12.0,US,USD,15550100317
,2026-08-04 07:30:00,customer_318@example.com,4,14.0,56.0,US,USD,15550100318
,2026-08-04 07:45:00,customer_319@example.com,4,15.0,60.0,US,USD,15550100319
,2026-08-04 08:00:00,customer_320@example.com,1,18.0,18.0,US,USD,15550100320
,2026-08-04 08:15:00,customer_321@example.com,4,20.0,80.0,US,USD,15550100321
,2026-08-04 08:30:00,customer_322@example.com,2,24.0,48.0,US,USD,15550100322
,2026-08-04 08:45:00,customer_323@example.com,3,20.0,60.0,US,USD,15550100323
,2026-08-04 09:00:00,customer_324@example.com,4,18.0,72.0,US,USD,15550100324
,2026-08-04 09:15:00,customer_325@example.com,4,18.0,72.0,US,USD,15550100325
,2026-08-04 09:30:00,customer_326@example.com,1,25.0,25.0,US,USD,15550100326
,2026-08-04 09:45:00,customer_327@example.com,1,27.0,27.0,US,USD,15550100327
,2026-08-04 10:00:00,customer_328@example.com,1,21.0,21.0,US,USD,15550100328
,2026-08-04 10:15:00,customer_329@example.com,2,30.0,60.0,US,USD,15550100329
,2026-08-04 10:30:00,customer_330@example.com,1,30.0,30.0,US,USD,15550100330
,2026-08-04 10:45:00,customer_331@example.com,1,10.0,10.0,US,USD,15550100331
,2026-08-04 11:00:00,customer_332@example.com,2,16.0,32.0,US,USD,15550100332
,2026-08-04 11:15:00,customer_333@example.com,1,29.0,29.0,US,USD,15550100333
,2026-08-04 11:30:00,customer_334@example.com,2,17.0,34.0,US,USD,15550100334
,2026-08-04 11:45:00,customer_335@example.com,2,25.0,50.0,US,USD,15550100335
,2026-08-04 12:00:00,customer_336@example.com,1,28.0,28.0,US,USD,15550100336
,2026-08-04 12:15:00,customer_337@example.com,2,24.0,48.0,US,USD,15550100337
,2026-08-04 12:30:00,customer_338@example.com,3,21.0,63.0,US,USD,15550100338
,2026-08-04 12:45:00,customer_339@example.com,2,29.0,58.0,US,USD,15550100339
,2026-08-04 13:00:00,customer_340@example.com,5,13.0,65.0,US,USD,15550100340
,2026-08-04 13:15:00,customer_341@example.com,2,19.0,38.0,US,USD,15550100341
,2026-08-04 13:30:00,customer_342@example.com,1,28.0,28.0,US,USD,15550100342
,2026-08-04 13:45:00,customer_343@example.com,1,19.0,19.0,US,USD,15550100343
,2026-08-04 14:00:00,customer_344@example.com,5,22.0,110.0,US,USD,15550100344
,2026-08-04 14:15:00,customer_345@example.com,4,16.0,64.0,US,USD,15550100345
,2026-08-04 14:30:00,customer_346@example.com,1,28.0,28.0,US,USD,15550100346
,2026-08-04 14:45:00,customer_347@example.com,2,13.0,26.0,US,USD,15550100347
,2026-08-04 15:00:00,customer_348@example.com,3,29.0,87.0,US,USD,15550100348
,2026-08-04 15:15:00,customer_349@example.com,1,28.0,28.0,US,USD,15550100349
,2026-08-04 15:30:00,customer_350@example.com,1,21.0,21.0,US,USD,15550100350
,2026-08-04 15:45:00,customer_351@example.com,5,23.0,115.0,US,USD,15550100351
,2026-08-04 16:00:00,customer_352@example.com,3,12.0,36.0,US,USD,15550100352
,2026-08-04 16:15:00,customer_353@example.com,5,30.0,150.0,US,USD,15550100353
,2026-08-04 16:30:00,customer_354@example.com,3,10.0,30.0,US,USD,15550100354
,2026-08-04 16:45:00,customer_355@example.com,4,25.0,100.0,US,USD,15550100355
,2026-08-04 17:00:00,customer_356@example.com,1,23.0,23.0,US,USD,15550100356
,2026-08-04 17:15:00,customer_357@example.com,3,30.0,90.0,US,USD,15550100357
,2026-08-04 17:30:00,customer_358@example.com,4,14.0,56.0,US,USD,15550100358
,2026-08-04 17:45:00,customer_359@example.com,4,15.0,60.0,US,USD,15550100359
,2026-08-04 18:00:00,customer_360@example.com,5,30.0,150.0,US,USD,15550100360
,2026-08-04 18:15:00,customer_361@example.com,3,29.0,87.0,US,USD,15550100361
,2026-08-04 18:30:00,customer_362@example.com,5,25.0,125.0,US,USD,15550100362
,2026-08-04 18:45:00,customer_363@example.com,4,23.0,92.0,US,USD,15550100363
,2026-08-04 19:00:00,customer_364@example.com,5,18.0,90.0,US,USD,15550100364
,2026-08-04 19:15:00,customer_365@example.com,3,17.0,51.0,US,USD,15550100365
,2026-08-04 19:30:00,customer_366@example.com,1,18.0,18.0,US,USD,15550100366
,2026-08-04 19:45:00,customer_367@example.com,4,17.0,68.0,US,USD,15550100367
,2026-08-04 20:00:00,customer_368@example.com,4,28.0,112.0,US,USD,15550100368
,2026-08-04 20:15:00,customer_369@example.com,5,22.0,110.0,US,USD,15550100369
,2026-08-04 20:30:00,customer_370@example.com,3,10.0,30.0,US,USD,15550100370
,2026-08-04 20:45:00,customer_371@example.com,4,20.0,80.0,US,USD,15550100371
,2026-08-04 21:00:00,customer_372@example.com,2,25.0,50.0,US,USD,15550100372
,2026-08-04 21:15:00,customer_373@example.com,2,21.0,42.0,US,USD,15550100373
,2026-08-04 21:30:00,customer_374@example.com,3,20.0,60.0,US,USD,15550100374
,2026-08-04 21:45:00,customer_375@example.com,3,29.0,87.0,US,USD,15550100375
,2026-08-04 22:00:00,customer_376@example.com,3,27.0,81.0,US,USD,15550100376
,2026-08-04 22:15:00,customer_377@example.com,1,26.0,26.0,US,USD,15550100377
,2026-08-04 22:30:00,customer_378@example.com,2,12.0,24.0,US,USD,15550100378
,2026-08-04 22:45:00,customer_379@example.com,2,23.0,46.0,US,USD,15550100379
,2026-08-04 23:00:00,customer_380@example.com,4,27.0,108.0,US,USD,15550100380
,2026-08-04 23:15:00,customer_381@example.com,2,25.0,50.0,US,USD,15550100381
,2026-08-04 23:30:00,customer_382@example.com,4,24.0,96.0,US,USD,15550100382
,2026-08-04 23:45:00,customer_383@example.com,1,12.0,12.0,US,USD,15550100383
,2026-08-05 00:00:00,customer_384@example.com,3,17.0,51.0,US,USD,15550100384
,2026-08-05 00:15:00,customer_385@example.com,4,17.0,68.0,US,USD,15550100385
,2026-08-05 00:30:00,customer_386@example.com,3,28.0,84.0,US,USD,15550100386
,2026-08-05 00:45:00,customer_387@example.com,3,25.0,75.0,US,USD,15550100387
,2026-08-05 01:00:00,customer_388@example.com,5,26.0,130.0,US,USD,15550100388
,2026-08-05 01:15:00,customer_389@example.com,3,23.0,69.0,US,USD,15550100389
,2026-08-05 01:30:00,customer_390@example.com,5,20.0,100.0,US,USD,15550100390
,2026-08-05 01:45:00,customer_391@example.com,3,24.0,72.0,US,USD,15550100391
,2026-08-05 02:00:00,customer_392@example.com,3,19.0,57.0,US,USD,15550100392
,2026-08-05 02:15:00,customer_393@example.com,3,17.0,51.0,US,USD,15550100393
,2026-08-05 02:30:00,customer_394@example.com,1,16.0,16.0,US,USD,15550100394
,2026-08-05 02:45:00,customer_395@example.com,3,13.0,39.0,US,USD,15550100395
,2026-08-05 03:00:00,customer_396@example.com,5,15.0,75.0,US,USD,15550100396
,2026-08-05 03:15:00,customer_397@example.com,2,16.0,32.0,US,USD,15550100397
,2026-08-05 03:30:00,customer_398@example.com,4,18.0,72.0,US,USD,15550100398
,2026-08-05 03:45:00,customer_399@example.com,5,26.0,130.0,US,USD,15550100399
,2026-08-05 04:00:00,customer_400@example.com,5,19.0,95.0,US,USD,15550100400
,2026-08-05 04:15:00,customer_401@example.com,1,16.0,16.0,US,USD,15550100401
,2026-08-05 04:30:00,customer_402@example.com,3,17.0,51.0,US,USD,15550100402
,2026-08-05 04:45:00,customer_403@example.com,3,15.0,45.0,US,USD,15550100403
,2026-08-05 05:00:00,customer_404@example.com,3,10.0,30.0,US,USD,15550100404
,2026-08-05 05:15:00,customer_405@example.com,5,14.0,70.0,US,USD,15550100405
,2026-08-05 05:30:00,customer_406@example.com,3,11.0,33.0,US,USD,15550100406
,2026-08-05 05:45:00,customer_407@example.com,1,27.0,27.0,US,USD,15550100407
,2026-08-05 06:00:00,customer_408@example.com,3,14.0,42.0,US,USD,15550100408
,2026-08-05 06:15:00,customer_409@example.com,4,13.0,52.0,US,USD,15550100409
,2026-08-05 06:30:00,customer_410@example.com,1,28.0,28.0,US,USD,15550100410
,2026-08-05 06:45:00,customer_411@example.com,3,25.0,75.0,US,USD,15550100411
,2026-08-05 07:00:00,customer_412@example.com,4,24.0,96.0,US,USD,15550100412
,2026-08-05 07:15:00,customer_413@example.com,3,15.0,45.0,US,USD,15550100413
,2026-08-05 07:30:00,customer_414@example.com,1,18.0,18.0,US,USD,15550100414
,2026-08-05 07:45:00,customer_415@example.com,4,13.0,52.0,US,USD,15550100415
,2026-08-05 08:00:00,customer_416@example.com,1,22.0,22.0,US,USD,15550100416
,2026-08-05 08:15:00,customer_417@example.com,4,12.0,48.0,US,USD,15550100417
,2026-08-05 08:30:00,customer_418@example.com,5,30.0,150.0,US,USD,15550100418
,2026-08-05 08:45:00,customer_419@example.com,1,14.0,14.0,US,USD,15550100419
,2026-08-05 09:00:00,customer_420@example.com,2,28.0,56.0,US,USD,15550100420
,2026-08-05 09:15:00,customer_421@example.com,3,12.0,36.0,US,USD,15550100421
,2026-08-05 09:30:00,customer_422@example.com,2,13.0,26.0,US,USD,15550100422
,2026-08-05 09:45:00,customer_423@example.com,5,23.0,115.0,US,USD,15550100423
,2026-08-05 10:00:00,customer_424@example.com,5,29.0,145.0,US,USD,15550100424
,2026-08-05 10:15:00,customer_425@example.com,5,17.0,85.0,US,USD,15550100425
,2026-08-05 10:30:00,customer_426@example.com,5,22.0,110.0,US,USD,15550100426
,2026-08-05 10:45:00,customer_427@example.com,4,24.0,96.0,US,USD,15550100427
,2026-08-05 11:00:00,customer_428@example.com,3,28.0,84.0,US,USD,15550100428
,2026-08-05 11:15:00,customer_429@example.com,4,19.0,76.0,US,USD,15550100429
,2026-08-05 11:30:00,customer_430@example.com,5,29.0,145.0,US,USD,15550100430
,2026-08-05 11:45:00,customer_431@example.com,1,29.0,29.0,US,USD,15550100431
,2026-08-05 12:00:00,customer_432@example.com,1,16.0,16.0,US,USD,15550100432
,2026-08-05 12:15:00,customer_433@example.com,2,18.0,36.0,US,USD,15550100433
,2026-08-05 12:30:00,customer_434@example.com,1,15.0,15.0,US,USD,15550100434
,2026-08-05 12:45:00,customer_435@example.com,2,15.0,30.0,US,USD,15550100435
,2026-08-05 13:00:00,customer_436@example.com,5,12.0,60.0,US,USD,15550100436
,2026-08-05 13:15:00,customer_437@example.com,2,10.0,20.0,US,USD,15550100437
,2026-08-05 13:30:00,customer_438@example.com,4,24.0,96.0,US,USD,15550100438
,2026-08-05 13:45:00,customer_439@example.com,5,25.0,125.0,US,USD,15550100439
,2026-08-05 14:00:00,customer_440@example.com,3,11.0,33.0,US,USD,15550100440
,2026-08-05 14:15:00,customer_441@example.com,2,19.0,38.0,US,USD,15550100441
,2026-08-05 14:30:00,customer_442@example.com,3,24.0,72.0,US,USD,15550100442
,2026-08-05 14:45:00,customer_443@example.com,1,17.0,17.0,US,USD,15550100443
,2026-08-05 15:00:00,customer_444@example.com,3,30.0,90.0,US,USD,15550100444
,2026-08-05 15:15:00,customer_445@example.com,5,16.0,80.0,US,USD,15550100445
,2026-08-05 15:30:00,customer_446@example.com,4,13.0,52.0,US,USD,15550100446
,2026-08-05 15:45:00,customer_447@example.com,5,17.0,85.0,US,USD,15550100447
,2026-08-05 16:00:00,customer_448@example.com,2,18.0,36.0,US,USD,15550100448
,2026-08-05 16:15:00,customer_449@example.com,2,12.0,24.0,US,USD,15550100449
,2026-08-05 16:30:00,customer_450@example.com,1,15.0,15.0,US,USD,15550100450
,2026-08-05 16:45:00,customer_451@example.com,3,29.0,87.0,US,USD,15550100451
,2026-08-05 17:00:00,customer_452@example.com,5,19.0,95.0,US,USD,15550100452
,2026-08-05 17:15:00,customer_453@example.com,4,13.0,52.0,US,USD,15550100453
,2026-08-05 17:30:00,customer_454@example.com,4,19.0,76.0,US,USD,15550100454
,2026-08-05 17:45:00,customer_455@example.com,4,18.0,72.0,US,USD,15550100455
,2026-08-05 18:00:00,customer_456@example.com,5,27.0,135.0,US,USD,15550100456
,2026-08-05 18:15:00,customer_457@example.com,4,24.0,96.0,US,USD,15550100457
,2026-08-05 18:30:00,customer_458@example.com,1,29.0,29.0,US,USD,15550100458
,2026-08-05 18:45:00,customer_459@example.com,1,23.0,23.0,US,USD,15550100459
,2026-08-05 19:00:00,customer_460@example.com,3,29.0,87.0,US,USD,15550100460
,2026-08-05 19:15:00,customer_461@example.com,3,10.0,30.0,US,USD,15550100461
,2026-08-05 19:30:00,customer_462@example.com,1,17.0,17.0,US,USD,15550100462
,2026-08-05 19:45:00,customer_463@example.com,5,28.0,140.0,US,USD,15550100463
,2026-08-05 20:00:00,customer_464@example.com,1,18.0,18.0,US,USD,15550100464
,2026-08-05 20:15:00,customer_465@example.com,5,11.0,55.0,US,USD,15550100465
,2026-08-05 20:30:00,customer_466@example.com,2,25.0,50.0,US,USD,15550100466
,2026-08-05 20:45:00,customer_467@example.com,5,30.0,150.0,US,USD,15550100467
,2026-08-05 21:00:00,customer_468@example.com,4,18.0,72.0,US,USD,15550100468
,2026-08-05 21:15:00,customer_469@example.com,2,28.0,56.0,US,USD,15550100469
,2026-08-05 21:30:00,customer_470@example.com,4,30.0,120.0,US,USD,15550100470
,2026-08-05 21:45:00,customer_471@example.com,4,12.0,48.0,US,USD,15550100471
,2026-08-05 22:00:00,customer_472@example.com,4,21.0,84.0,US,USD,15550100472
,2026-08-05 22:15:00,customer_473@example.com,4,20.0,80.0,US,USD,15550100473
,2026-08-05 22:30:00,customer_474@example.com,3,13.0,39.0,US,USD,15550100474
,2026-08-05 22:45:00,customer_475@example.com,2,20.0,40.0,US,USD,15550100475
,2026-08-05 23:00:00,customer_476@example.com,4,25.0,100.0,US,USD,15550100476
,2026-08-05 23:15:00,customer_477@example.com,3,22.0,66.0,US,USD,15550100477
,2026-08-05 23:30:00,customer_478@example.com,5,11.0,55.0,US,USD,15550100478
,2026-08-05 23:45:00,customer_479@example.com,4,12.0,48.0,US,USD,15550100479
,2026-08-06 00:00:00,customer_480@example.com,3,18.0,54.0,US,USD,15550100480
,2026-08-06 00:15:00,customer_481@example.com,3,13.0,39.0,US,USD,15550100481
,2026-08-06 00:30:00,customer_482@example.com,4,26.0,104.0,US,USD,15550100482
,2026-08-06 00:45:00,customer_483@example.com,1,27.0,27.0,US,USD,15550100483
,2026-08-06 01:00:00,customer_484@example.com,4,23.0,92.0,US,USD,15550100484
,2026-08-06 01:15:00,customer_485@example.com,1,16.0,16.0,US,USD,15550100485
,2026-08-06 01:30:00,customer_486@example.com,5,21.0,105.0,US,USD,15550100486
,2026-08-06 01:45:00,customer_487@example.com,5,25.0,125.0,US,USD,15550100487
,2026-08-06 02:00:00,customer_488@example.com,4,11.0,44.0,US,USD,15550100488
,2026-08-06 02:15:00,customer_489@example.com,2,18.0,36.0,US,USD,15550100489
,2026-08-06 02:30:00,customer_490@example.com,5,14.0,70.0,US,USD,15550100490
,2026-08-06 02:45:00,customer_491@example.com,3,24.0,72.0,US,USD,15550100491
,2026-08-06 03:00:00,customer_492@example.com,4,13.0,52.0,US,USD,15550100492
,2026-08-06 03:15:00,customer_493@example.com,1,30.0,30.0,US,USD,15550100493
,2026-08-06 03:30:00,customer_494@example.com,5,17.0,85.0,US,USD,15550100494
,2026-08-06 03:45:00,customer_495@example.com,2,19.0,38.0,US,USD,15550100495
,2026-08-06 04:00:00,customer_496@example.com,5,10.0,50.0,US,USD,15550100496
,2026-08-06 04:15:00,customer_497@example.com,5,23.0,115.0,US,USD,15550100497
,2026-08-06 04:30:00,customer_498@example.com,1,17.0,17.0,US,USD,15550100498
,2026-08-06 04:45:00,customer_499@example.com,1,24.0,24.0,US,USD,15550100499
,2026-08-06 05:00:00,customer_500@example.com,1,30.0,30.0,US,USD,15550100500
,2026-08-06 05:15:00,customer_501@example.com,2,25.0,50.0,US,USD,15550100501
,2026-08-06 05:30:00,customer_502@example.com,3,26.0,78.0,US,USD,15550100502
,2026-08-06 05:45:00,customer_503@example.com,3,23.0,69.0,US,USD,15550100503
,2026-08-06 06:00:00,customer_504@example.com,4,25.0,100.0,US,USD,15550100504
,2026-08-06 06:15:00,customer_505@example.com,2,24.0,48.0,US,USD,15550100505
,2026-08-06 06:30:00,customer_506@example.com,5,14.0,70.0,US,USD,15550100506
,2026-08-06 06:45:00,customer_507@example.com,4,16.0,64.0,US,USD,15550100507
,2026-08-06 07:00:00,customer_508@example.com,5,26.0,130.0,US,USD,15550100508
,2026-08-06 07:15:00,customer_509@example.com,2,12.0,24.0,US,USD,15550100509
,2026-08-06 07:30:00,customer_510@example.com,3,23.0,69.0,US,USD,15550100510
,2026-08-06 07:45:00,customer_511@example.com,3,26.0,78.0,US,USD,15550100511
,2026-08-06 08:00:00,customer_512@example.com,3,10.0,30.0,US,USD,15550100512
,2026-08-06 08:15:00,customer_513@example.com,3,19.0,57.0,US,USD,15550100513
,2026-08-06 08:30:00,customer_514@example.com,5,28.0,140.0,US,USD,15550100514
,2026-08-06 08:45:00,customer_515@example.com,4,14.0,56.0,US,USD,15550100515
,2026-08-06 09:00:00,customer_516@example.com,4,27.0,108.0,US,USD,15550100516
,2026-08-06 09:15:00,customer_517@example.com,4,21.0,84.0,US,USD,15550100517
,2026-08-06 09:30:00,customer_518@example.com,3,27.0,81.0,US,USD,15550100518
,2026-08-06 09:45:00,customer_519@example.com,5,22.0,110.0,US,USD,15550100519
,2026-08-06 10:00:00,customer_520@example.com,4,20.0,80.0,US,USD,15550100520
,2026-08-06 10:15:00,customer_521@example.com,2,17.0,34.0,US,USD,15550100521
,2026-08-06 10:30:00,customer_522@example.com,5,22.0,110.0,US,USD,15550100522
,2026-08-06 10:45:00,customer_523@example.com,2,23.0,46.0,US,USD,15550100523
,2026-08-06 11:00:00,customer_524@example.com,1,20.0,20.0,US,USD,15550100524
,2026-08-06 11:15:00,customer_525@example.com,4,22.0,88.0,US,USD,15550100525
,2026-08-06 11:30:00,customer_526@example.com,4,30.0,120.0,US,USD,15550100526
,2026-08-06 11:45:00,customer_527@example.com,2,25.0,50.0,US,USD,15550100527
,2026-08-06 12:00:00,customer_528@example.com,1,14.0,14.0,US,USD,15550100528
,2026-08-06 12:15:00,customer_529@example.com,5,28.0,140.0,US,USD,15550100529
,2026-08-06 12:30:00,customer_530@example.com,3,13.0,39.0,US,USD,15550100530
,2026-08-06 12:45:00,customer_531@example.com,4,13.0,52.0,US,USD,15550100531
,2026-08-06 13:00:00,customer_532@example.com,5,24.0,120.0,US,USD,15550100532
,2026-08-06 13:15:00,customer_533@example.com,1,14.0,14.0,US,USD,15550100533
,2026-08-06 13:30:00,customer_534@example.com,4,30.0,120.0,US,USD,15550100534
,2026-08-06 13:45:00,customer_535@example.com,2,12.0,24.0,US,USD,15550100535
,2026-08-06 14:00:00,customer_536@example.com,4,18.0,72.0,US,USD,15550100536
,2026-08-06 14:15:00,customer_537@example.com,3,29.0,87.0,US,USD,15550100537
,2026-08-06 14:30:00,customer_538@example.com,4,30.0,120.0,US,USD,15550100538
,2026-08-06 14:45:00,customer_539@example.com,1,20.0,20.0,US,USD,15550100539
,2026-08-06 15:00:00,customer_540@example.com,5,22.0,110.0,US,USD,15550100540
,2026-08-06 15:15:00,customer_541@example.com,3,30.0,90.0,US,USD,15550100541
,2026-08-06 15:30:00,customer_542@example.com,4,27.0,108.0,US,USD,15550100542
,2026-08-06 15:45:00,customer_543@example.com,1,29.0,29.0,US,USD,15550100543
,2026-08-06 16:00:00,customer_544@example.com,1,17.0,17.0,US,USD,15550100544
,2026-08-06 16:15:00,customer_545@example.com,3,17.0,51.0,US,USD,15550100545
,2026-08-06 16:30:00,customer_546@example.com,1,23.0,23.0,US,USD,15550100546
,2026-08-06 16:45:00,customer_547@example.com,1,30.0,30.0,US,USD,15550100547
,2026-08-06 17:00:00,customer_548@example.com,1,24.0,24.0,US,USD,15550100548
,2026-08-06 17:15:00,customer_549@example.com,2,19.0,38.0,US,USD,15550100549
,2026-08-06 17:30:00,customer_550@example.com,1,11.0,11.0,US,USD,15550100550
,2026-08-06 17:45:00,customer_551@example.com,3,11.0,33.0,US,USD,15550100551
,2026-08-06 18:00:00,customer_552@example.com,3,21.0,63.0,US,USD,15550100552
,2026-08-06 18:15:00,customer_553@example.com,3,23.0,69.0,US,USD,15550100553
,2026-08-06 18:30:00,customer_554@example.com,2,17.0,34.0,US,USD,15550100554
,2026-08-06 18:45:00,customer_555@example.com,5,23.0,115.0,US,USD,15550100555
,2026-08-06 19:00:00,customer_556@example.com,5,15.0,75.0,US,USD,15550100556
,2026-08-06 19:15:00,customer_557@example.com,2,15.0,30.0,US,USD,15550100557
,2026-08-06 19:30:00,customer_558@example.com,1,29.0,29.0,US,USD,15550100558
,2026-08-06 19:45:00,customer_559@example.com,4,29.0,116.0,US,USD,15550100559
,2026-08-06 20:00:00,customer_560@example.com,2,25.0,50.0,US,USD,15550100560
,2026-08-06 20:15:00,customer_561@example.com,5,14.0,70.0,US,USD,15550100561
,2026-08-06 20:30:00,customer_562@example.com,2,24.0,48.0,US,USD,15550100562
,2026-08-06 20:45:00,customer_563@example.com,3,24.0,72.0,US,USD,15550100563
,2026-08-06 21:00:00,customer_564@example.com,3,10.0,30.0,US,USD,15550100564
,2026-08-06 21:15:00,customer_565@example.com,4,19.0,76.0,US,USD,15550100565
,2026-08-06 21:30:00,customer_566@example.com,5,15.0,75.0,US,USD,15550100566
,2026-08-06 21:45:00,customer_567@example.com,1,24.0,24.0,US,USD,15550100567
,2026-08-06 22:00:00,customer_568@example.com,3,28.0,84.0,US,USD,15550100568
,2026-08-06 22:15:00,customer_569@example.com,3,30.0,90.0,US,USD,15550100569
,2026-08-06 22:30:00,customer_570@example.com,4,18.0,72.0,US,USD,15550100570
,2026-08-06 22:45:00,customer_571@example.com,4,19.0,76.0,US,USD,15550100571
,2026-08-06 23:00:00,customer_572@example.com,2,22.0,44.0,US,USD,15550100572
,2026-08-06 23:15:00,customer_573@example.com,4,13.0,52.0,US,USD,15550100573
,2026-08-06 23:30:00,customer_574@example.com,2,22.0,44.0,US,USD,15550100574
,2026-08-06 23:45:00,customer_575@example.com,5,21.0,105.0,US,USD,15550100575
,2026-08-07 00:00:00,customer_576@example.com,5,19.0,95.0,US,USD,15550100576
,2026-08-07 00:15:00,customer_577@example.com,3,10.0,30.0,US,USD,15550100577
,2026-08-07 00:30:00,customer_578@example.com,4,18.0,72.0,US,USD,15550100578
,2026-08-07 00:45:00,customer_579@example.com,1,28.0,28.0,US,USD,15550100579
,2026-08-07 01:00:00,customer_580@example.com,1,29.0,29.0,US,USD,15550100580
,2026-08-07 01:15:00,customer_581@example.com,4,19.0,76.0,US,USD,15550100581
,2026-08-07 01:30:00,customer_582@example.com,2,29.0,58.0,US,USD,15550100582
,2026-08-07 01:45:00,customer_583@example.com,3,17.0,51.0,US,USD,15550100583
,2026-08-07 02:00:00,customer_584@example.com,2,29.0,58.0,US,USD,15550100584
,2026-08-07 02:15:00,customer_585@example.com,3,14.0,42.0,US,USD,15550100585
,2026-08-07 02:30:00,customer_586@example.com,1,30.0,30.0,US,USD,15550100586
,2026-08-07 02:45:00,customer_587@example.com,1,19.0,19.0,US,USD,15550100587
,2026-08-07 03:00:00,customer_588@example.com,4,11.0,44.0,US,USD,15550100588
,2026-08-07 03:15:00,customer_589@example.com,5,21.0,105.0,US,USD,15550100589
,2026-08-07 03:30:00,customer_590@example.com,2,12.0,24.0,US,USD,15550100590
,2026-08-07 03:45:00,customer_591@example.com,3,20.0,60.0,US,USD,15550100591
,2026-08-07 04:00:00,customer_592@example.com,4,15.0,60.0,US,USD,15550100592
,2026-08-07 04:15:00,customer_593@example.com,2,14.0,28.0,US,USD,15550100593
,2026-08-07 04:30:00,customer_594@example.com,5,21.0,105.0,US,USD,15550100594
,2026-08-07 04:45:00,customer_595@example.com,5,26.0,130.0,US,USD,15550100595
,2026-08-07 05:00:00,customer_596@example.com,3,15.0,45.0,US,USD,15550100596
,2026-08-07 05:15:00,customer_597@example.com,3,25.0,75.0,US,USD,15550100597
,2026-08-07 05:30:00,customer_598@example.com,3,20.0,60.0,US,USD,15550100598
,2026-08-07 05:45:00,customer_599@example.com,1,24.0,24.0,US,USD,15550100599
,2026-08-07 06:00:00,customer_600@example.com,1,14.0,14.0,US,USD,15550100600
,2026-08-07 06:15:00,customer_601@example.com,2,22.0,44.0,US,USD,15550100601
,2026-08-07 06:30:00,customer_602@example.com,5,21.0,105.0,US,USD,15550100602
,2026-08-07 06:45:00,customer_603@example.com,1,22.0,22.0,US,USD,15550100603
,2026-08-07 07:00:00,customer_604@example.com,1,18.0,18.0,US,USD,15550100604
,2026-08-07 07:15:00,customer_605@example.com,5,13.0,65.0,US,USD,15550100605
,2026-08-07 07:30:00,customer_606@example.com,4,21.0,84.0,US,USD,15550100606
,2026-08-07 07:45:00,customer_607@example.com,3,28.0,84.0,US,USD,15550100607
,2026-08-07 08:00:00,customer_608@example.com,4,30.0,120.0,US,USD,15550100608
,2026-08-07 08:15:00,customer_609@example.com,3,13.0,39.0,US,USD,15550100609
,2026-08-07 08:30:00,customer_610@example.com,2,25.0,50.0,US,USD,15550100610
,2026-08-07 08:45:00,customer_611@example.com,1,29.0,29.0,US,USD,15550100611
,2026-08-07 09:00:00,customer_612@example.com,5,20.0,100.0,US,USD,15550100612
,2026-08-07 09:15:00,customer_613@example.com,5,17.0,85.0,US,USD,15550100613
,2026-08-07 09:30:00,customer_614@example.com,1,30.0,30.0,US,USD,15550100614
,2026-08-07 09:45:00,customer_615@example.com,4,19.0,76.0,US,USD,15550100615
,2026-08-07 10:00:00,customer_616@example.com,4,13.0,52.0,US,USD,15550100616
,2026-08-07 10:15:00,customer_617@example.com,2,11.0,22.0,US,USD,15550100617
,2026-08-07 10:30:00,customer_618@example.com,1,19.0,19.0,US,USD,15550100618
,2026-08-07 10:45:00,customer_619@example.com,4,13.0,52.0,US,USD,15550100619
,2026-08-07 11:00:00,customer_620@example.com,1,17.0,17.0,US,USD,15550100620
,2026-08-07 11:15:00,customer_621@example.com,5,14.0,70.0,US,USD,15550100621
,2026-08-07 11:30:00,customer_622@example.com,4,24.0,96.0,US,USD,15550100622
,2026-08-07 11:45:00,customer_623@example.com,3,27.0,81.0,US,USD,15550100623
,2026-08-07 12:00:00,customer_624@example.com,4,28.0,112.0,US,USD,15550100624
,2026-08-07 12:15:00,customer_625@example.com,2,23.0,46.0,US,USD,15550100625
,2026-08-07 12:30:00,customer_626@example.com,1,25.0,25.0,US,USD,15550100626
,2026-08-07 12:45:00,customer_627@example.com,5,23.0,115.0,US,USD,15550100627
,2026-08-07 13:00:00,customer_628@example.com,3,11.0,33.0,US,USD,15550100628
,2026-08-07 13:15:00,customer_629@example.com,3,16.0,48.0,US,USD,15550100629
,2026-08-07 13:30:00,customer_630@example.com,4,24.0,96.0,US,USD,15550100630
,2026-08-07 13:45:00,customer_631@example.com,2,21.0,42.0,US,USD,15550100631
,2026-08-07 14:00:00,customer_632@example.com,1,21.0,21.0,US,USD,15550100632
,2026-08-07 14:15:00,customer_633@example.com,5,30.0,150.0,US,USD,15550100633
,2026-08-07 14:30:00,customer_634@example.com,3,11.0,33.0,US,USD,15550100634
,2026-08-07 14:45:00,customer_635@example.com,4,18.0,72.0,US,USD,15550100635
,2026-08-07 15:00:00,customer_636@example.com,2,13.0,26.0,US,USD,15550100636
,2026-08-07 15:15:00,customer_637@example.com,4,12.0,48.0,US,USD,15550100637
,2026-08-07 15:30:00,customer_638@example.com,2,30.0,60.0,US,USD,15550100638
,2026-08-07 15:45:00,customer_639@example.com,5,10.0,50.0,US,USD,15550100639
,2026-08-07 16:00:00,customer_640@example.com,1,20.0,20.0,US,USD,15550100640
,2026-08-07 16:15:00,customer_641@example.com,2,14.0,28.0,US,USD,15550100641
,2026-08-07 16:30:00,customer_642@example.com,5,16.0,80.0,US,USD,15550100642
,2026-08-07 16:45:00,customer_643@example.com,1,27.0,27.0,US,USD,15550100643
,2026-08-07 17:00:00,customer_644@example.com,2,28.0,56.0,US,USD,15550100644
,2026-08-07 17:15:00,customer_645@example.com,2,17.0,34.0,US,USD,15550100645
,2026-08-07 17:30:00,customer_646@example.com,3,14.0,42.0,US,USD,15550100646
,2026-08-07 17:45:00,customer_647@example.com,5,10.0,50.0,US,USD,15550100647
,2026-08-07 18:00:00,customer_648@example.com,3,14.0,42.0,US,USD,15550100648
,2026-08-07 18:15:00,customer_649@example.com,2,27.0,54.0,US,USD,15550100649
,2026-08-07 18:30:00,customer_650@example.com,3,15.0,45.0,US,USD,15550100650
,2026-08-07 18:45:00,customer_651@example.com,1,10.0,10.0,US,USD,15550100651
,2026-08-07 19:00:00,customer_652@example.com,2,10.0,20.0,US,USD,15550100652
,2026-08-07 19:15:00,customer_653@example.com,3,17.0,51.0,US,USD,15550100653
,2026-08-07 19:30:00,customer_654@example.com,5,20.0,100.0,US,USD,15550100654
,2026-08-07 19:45:00,customer_655@example.com,1,15.0,15.0,US,USD,15550100655
,2026-08-07 20:00:00,customer_656@example.com,3,11.0,33.0,US,USD,15550100656
,2026-08-07 20:15:00,customer_657@example.com,2,23.0,46.0,US,USD,15550100657
,2026-08-07 20:30:00,customer_658@example.com,5,13.0,65.0,US,USD,15550100658
,2026-08-07 20:45:00,customer_659@example.com,1,25.0,25.0,US,USD,15550100659
,2026-08-07 21:00:00,customer_660@example.com,4,21.0,84.0,US,USD,15550100660
,2026-08-07 21:15:00,customer_661@example.com,5,28.0,140.0,US,USD,15550100661
,2026-08-07 21:30:00,customer_662@example.com,1,24.0,24.0,US,USD,15550100662
,2026-08-07 21:45:00,customer_663@example.com,5,17.0,85.0,US,USD,15550100663
,2026-08-07 22:00:00,customer_664@example.com,5,11.0,55.0,US,USD,15550100664
,2026-08-07 22:15:00,customer_665@example.com,5,19.0,95.0,US,USD,15550100665
,2026-08-07 22:30:00,customer_666@example.com,4,30.0,120.0,US,USD,15550100666
,2026-08-07 22:45:00,customer_667@example.com,1,11.0,11.0,US,USD,15550100667
,2026-08-07 23:00:00,customer_668@example.com,4,22.0,88.0,US,USD,15550100668
,2026-08-07 23:15:00,customer_669@example.com,4,13.0,52.0,US,USD,15550100669
,2026-08-07 23:30:00,customer_670@example.com,4,24.0,96.0,US,USD,15550100670
,2026-08-07 23:45:00,customer_671@example.com,1,12.0,12.0,US,USD,15550100671
,2026-08-08 00:00:00,customer_672@example.com,3,29.0,87.0,US,USD,15550100672
,2026-08-08 00:15:00,customer_673@example.com,2,12.0,24.0,US,USD,15550100673
,2026-08-08 00:30:00,customer_674@example.com,2,18.0,36.0,US,USD,15550100674
,2026-08-08 00:45:00,customer_675@example.com,5,30.0,150.0,US,USD,15550100675
,2026-08-08 01:00:00,customer_676@example.com,5,27.0,135.0,US,USD,15550100676
,2026-08-08 01:15:00,customer_677@example.com,3,22.0,66.0,US,USD,15550100677
,2026-08-08 01:30:00,customer_678@example.com,5,26.0,130.0,US,USD,15550100678
,2026-08-08 01:45:00,customer_679@example.com,3,24.0,72.0,US,USD,15550100679
,2026-08-08 02:00:00,customer_680@example.com,5,29.0,145.0,US,USD,15550100680
,2026-08-08 02:15:00,customer_681@example.com,4,13.0,52.0,US,USD,15550100681
,2026-08-08 02:30:00,customer_682@example.com,1,30.0,30.0,US,USD,15550100682
,2026-08-08 02:45:00,customer_683@example.com,5,16.0,80.0,US,USD,15550100683
,2026-08-08 03:00:00,customer_684@example.com,4,24.0,96.0,US,USD,15550100684
,2026-08-08 03:15:00,customer_685@example.com,2,23.0,46.0,US,USD,15550100685
,2026-08-08 03:30:00,customer_686@example.com,3,24.0,72.0,US,USD,15550100686
,2026-08-08 03:45:00,customer_687@example.com,4,23.0,92.0,US,USD,15550100687
,2026-08-08 04:00:00,customer_688@example.com,1,20.0,20.0,US,USD,15550100688
,2026-08-08 04:15:00,customer_689@example.com,4,20.0,80.0,US,USD,15550100689
,2026-08-08 04:30:00,customer_690@example.com,3,21.0,63.0,US,USD,15550100690
,2026-08-08 04:45:00,customer_691@example.com,2,25.0,50.0,US,USD,15550100691
,2026-08-08 05:00:00,customer_692@example.com,1,12.0,12.0,US,USD,15550100692
,2026-08-08 05:15:00,customer_693@example.com,1,12.0,12.0,US,USD,15550100693
,2026-08-08 05:30:00,customer_694@example.com,4,13.0,52.0,US,USD,15550100694
,2026-08-08 05:45:00,customer_695@example.com,3,14.0,42.0,US,USD,15550100695
,2026-08-08 06:00:00,customer_696@example.com,5,11.0,55.0,US,USD,15550100696
,2026-08-08 06:15:00,customer_697@example.com,5,27.0,135.0,US,USD,15550100697
,2026-08-08 06:30:00,customer_698@example.com,5,20.0,100.0,US,USD,15550100698
,2026-08-08 06:45:00,customer_699@example.com,1,23.0,23.0,US,USD,15550100699
,2026-08-08 07:00:00,customer_700@example.com,3,23.0,69.0,US,USD,15550100700
,2026-08-08 07:15:00,customer_701@example.com,1,19.0,19.0,US,USD,15550100701
,2026-08-08 07:30:00,customer_702@example.com,5,19.0,95.0,US,USD,15550100702
,2026-08-08 07:45:00,customer_703@example.com,3,13.0,39.0,US,USD,15550100703
,2026-08-08 08:00:00,customer_704@example.com,5,26.0,130.0,US,USD,15550100704
,2026-08-08 08:15:00,customer_705@example.com,2,14.0,28.0,US,USD,15550100705
,2026-08-08 08:30:00,customer_706@example.com,4,17.0,68.0,US,USD,15550100706
,2026-08-08 08:45:00,customer_707@example.com,1,21.0,21.0,US,USD,15550100707
,2026-08-08 09:00:00,customer_708@example.com,5,21.0,105.0,US,USD,15550100708
,2026-08-08 09:15:00,customer_709@example.com,1,18.0,18.0,US,USD,15550100709
,2026-08-08 09:30:00,customer_710@example.com,5,17.0,85.0,US,USD,15550100710
,2026-08-08 09:45:00,customer_711@example.com,4,27.0,108.0,US,USD,15550100711
,2026-08-08 10:00:00,customer_712@example.com,5,29.0,145.0,US,USD,15550100712
,2026-08-08 10:15:00,customer_713@example.com,5,10.0,50.0,US,USD,15550100713
,2026-08-08 10:30:00,customer_714@example.com,5,18.0,90.0,US,USD,15550100714
,2026-08-08 10:45:00,customer_715@example.com,1,15.0,15.0,US,USD,15550100715
,2026-08-08 11:00:00,customer_716@example.com,3,19.0,57.0,US,USD,15550100716
,2026-08-08 11:15:00,customer_717@example.com,3,21.0,63.0,US,USD,15550100717
,2026-08-08 11:30:00,customer_718@example.com,1,15.0,15.0,US,USD,15550100718
,2026-08-08 11:45:00,customer_719@example.com,2,28.0,56.0,US,USD,15550100719
,2026-08-08 12:00:00,customer_720@example.com,4,12.0,48.0,US,USD,15550100720
,2026-08-08 12:15:00,customer_721@example.com,2,30.0,60.0,US,USD,15550100721
,2026-08-08 12:30:00,customer_722@example.com,1,12.0,12.0,US,USD,15550100722
,2026-08-08 12:45:00,customer_723@example.com,5,16.0,80.0,US,USD,15550100723
,2026-08-08 13:00:00,customer_724@example.com,4,23.0,92.0,US,USD,15550100724
,2026-08-08 13:15:00,customer_725@example.com,4,20.0,80.0,US,USD,15550100725
,2026-08-08 13:30:00,customer_726@example.com,2,21.0,42.0,US,USD,15550100726
,2026-08-08 13:45:00,customer_727@example.com,3,20.0,60.0,US,USD,15550100727
,2026-08-08 14:00:00,customer_728@example.com,5,29.0,145.0,US,USD,15550100728
,2026-08-08 14:15:00,customer_729@example.com,1,11.0,11.0,US,USD,15550100729
,2026-08-08 14:30:00,customer_730@example.com,2,15.0,30.0,US,USD,15550100730
,2026-08-08 14:45:00,customer_731@example.com,5,11.0,55.0,US,USD,15550100731
,2026-08-08 15:00:00,customer_732@example.com,1,18.0,18.0,US,USD,15550100732
,2026-08-08 15:15:00,customer_733@example.com,4,23.0,92.0,US,USD,15550100733
,2026-08-08 15:30:00,customer_734@example.com,4,29.0,116.0,US,USD,15550100734
,2026-08-08 15:45:00,customer_735@example.com,4,23.0,92.0,US,USD,15550100735
,2026-08-08 16:00:00,customer_736@example.com,3,16.0,48.0,US,USD,15550100736
,2026-08-08 16:15:00,customer_737@example.com,5,13.0,65.0,US,USD,15550100737
,2026-08-08 16:30:00,customer_738@example.com,3,23.0,69.0,US,USD,15550100738
,2026-08-08 16:45:00,customer_739@example.com,1,19.0,19.0,US,USD,15550100739
,2026-08-08 17:00:00,customer_740@example.com,5,25.0,125.0,US,USD,15550100740
,2026-08-08 17:15:00,customer_741@example.com,5,19.0,95.0,US,USD,15550100741
,2026-08-08 17:30:00,customer_742@example.com,1,17.0,17.0,US,USD,15550100742
,2026-08-08 17:45:00,customer_743@example.com,4,29.0,116.0,US,USD,15550100743
,2026-08-08 18:00:00,customer_744@example.com,1,10.0,10.0,US,USD,15550100744
,2026-08-08 18:15:00,customer_745@example.com,2,19.0,38.0,US,USD,15550100745
,2026-08-08 18:30:00,customer_746@example.com,2,14.0,28.0,US,USD,15550100746
,2026-08-08 18:45:00,customer_747@example.com,3,19.0,57.0,US,USD,15550100747
,2026-08-08 19:00:00,customer_748@example.com,3,13.0,39.0,US,USD,15550100748
,2026-08-08 19:15:00,customer_749@example.com,1,25.0,25.0,US,USD,15550100749
,2026-08-08 19:30:00,customer_750@example.com,4,15.0,60.0,US,USD,15550100750
,2026-08-08 19:45:00,customer_751@example.com,2,22.0,44.0,US,USD,15550100751
,2026-08-08 20:00:00,customer_752@example.com,5,17.0,85.0,US,USD,15550100752
,2026-08-08 20:15:00,customer_753@example.com,5,27.0,135.0,US,USD,15550100753
,2026-08-08 20:30:00,customer_754@example.com,3,12.0,36.0,US,USD,15550100754
,2026-08-08 20:45:00,customer_755@example.com,4,11.0,44.0,US,USD,15550100755
,2026-08-08 21:00:00,customer_756@example.com,4,10.0,40.0,US,USD,15550100756
,2026-08-08 21:15:00,customer_757@example.com,4,12.0,48.0,US,USD,15550100757
,2026-08-08 21:30:00,customer_758@example.com,3,28.0,84.0,US,USD,15550100758
,2026-08-08 21:45:00,customer_759@example.com,4,28.0,112.0,US,USD,15550100759
,2026-08-08 22:00:00,customer_760@example.com,4,30.0,120.0,US,USD,15550100760
,2026-08-08 22:15:00,customer_761@example.com,4,19.0,76.0,US,USD,15550100761
,2026-08-08 22:30:00,customer_762@example.com,1,22.0,22.0,US,USD,15550100762
,2026-08-08 22:45:00,customer_763@example.com,1,20.0,20.0,US,USD,15550100763
,2026-08-08 23:00:00,customer_764@example.com,2,29.0,58.0,US,USD,15550100764
,2026-08-08 23:15:00,customer_765@example.com,4,21.0,84.0,US,USD,15550100765
,2026-08-08 23:30:00,customer_766@example.com,1,23.0,23.0,US,USD,15550100766
,2026-08-08 23:45:00,customer_767@example.com,1,17.0,17.0,US,USD,15550100767
,2026-08-09 00:00:00,customer_768@example.com,4,28.0,112.0,US,USD,15550100768
,2026-08-09 00:15:00,customer_769@example.com,4,26.0,104.0,US,USD,15550100769
,2026-08-09 00:30:00,customer_770@example.com,1,22.0,22.0,US,USD,15550100770
,2026-08-09 00:45:00,customer_771@example.com,3,20.0,60.0,US,USD,15550100771
,2026-08-09 01:00:00,customer_772@example.com,2,20.0,40.0,US,USD,15550100772
,2026-08-09 01:15:00,customer_773@example.com,2,12.0,24.0,US,USD,15550100773
,2026-08-09 01:30:00,customer_774@example.com,5,30.0,150.0,US,USD,15550100774
,2026-08-09 01:45:00,customer_775@example.com,1,26.0,26.0,US,USD,15550100775
,2026-08-09 02:00:00,customer_776@example.com,5,16.0,80.0,US,USD,15550100776
,2026-08-09 02:15:00,customer_777@example.com,3,21.0,63.0,US,USD,15550100777
,2026-08-09 02:30:00,customer_778@example.com,2,17.0,34.0,US,USD,15550100778
,2026-08-09 02:45:00,customer_779@example.com,1,14.0,14.0,US,USD,15550100779
,2026-08-09 03:00:00,customer_780@example.com,3,16.0,48.0,US,USD,15550100780
,2026-08-09 03:15:00,customer_781@example.com,2,29.0,58.0,US,USD,15550100781
,2026-08-09 03:30:00,customer_782@example.com,2,30.0,60.0,US,USD,15550100782
,2026-08-09 03:45:00,customer_783@example.com,1,15.0,15.0,US,USD,15550100783
,2026-08-09 04:00:00,customer_784@example.com,4,24.0,96.0,US,USD,15550100784
,2026-08-09 04:15:00,customer_785@example.com,5,28.0,140.0,US,USD,15550100785
,2026-08-09 04:30:00,customer_786@example.com,4,28.0,112.0,US,USD,15550100786
,2026-08-09 04:45:00,customer_787@example.com,5,20.0,100.0,US,USD,15550100787
,2026-08-09 05:00:00,customer_788@example.com,3,14.0,42.0,US,USD,15550100788
,2026-08-09 05:15:00,customer_789@example.com,4,12.0,48.0,US,USD,15550100789
,2026-08-09 05:30:00,customer_790@example.com,4,24.0,96.0,US,USD,15550100790
,2026-08-09 05:45:00,customer_791@example.com,3,18.0,54.0,US,USD,15550100791
,2026-08-09 06:00:00,customer_792@example.com,5,11.0,55.0,US,USD,15550100792
,2026-08-09 06:15:00,customer_793@example.com,3,26.0,78.0,US,USD,15550100793
,2026-08-09 06:30:00,customer_794@example.com,1,19.0,19.0,US,USD,15550100794
,2026-08-09 06:45:00,customer_795@example.com,4,24.0,96.0,US,USD,15550100795
,2026-08-09 07:00:00,customer_796@example.com,1,11.0,11.0,US,USD,15550100796
,2026-08-09 07:15:00,customer_797@example.com,3,19.0,57.0,US,USD,15550100797
,2026-08-09 07:30:00,customer_798@example.com,1,30.0,30.0,US,USD,15550100798
,2026-08-09 07:45:00,customer_799@example.com,1,29.0,29.0,US,USD,15550100799
,2026-08-09 08:00:00,customer_800@example.com,5,26.0,130.0,US,USD,15550100800
,2026-08-09 08:15:00,customer_801@example.com,4,24.0,96.0,US,USD,15550100801
,2026-08-09 08:30:00,customer_802@example.com,5,27.0,135.0,US,USD,15550100802
,2026-08-09 08:45:00,customer_803@example.com,1,24.0,24.0,US,USD,15550100803
,2026-08-09 09:00:00,customer_804@example.com,5,30.0,150.0,US,USD,15550100804
,2026-08-09 09:15:00,customer_805@example.com,2,20.0,40.0,US,USD,15550100805
,2026-08-09 09:30:00,customer_806@example.com,5,25.0,125.0,US,USD,15550100806
,2026-08-09 09:45:00,customer_807@example.com,5,14.0,70.0,US,USD,15550100807
,2026-08-09 10:00:00,customer_808@example.com,1,24.0,24.0,US,USD,15550100808
,2026-08-09 10:15:00,customer_809@example.com,1,20.0,20.0,US,USD,15550100809
,2026-08-09 10:30:00,customer_810@example.com,1,26.0,26.0,US,USD,15550100810
,2026-08-09 10:45:00,customer_811@example.com,2,11.0,22.0,US,USD,15550100811
,2026-08-09 11:00:00,customer_812@example.com,2,24.0,48.0,US,USD,15550100812
,2026-08-09 11:15:00,customer_813@example.com,4,26.0,104.0,US,USD,15550100813
,2026-08-09 11:30:00,customer_814@example.com,5,29.0,145.0,US,USD,15550100814
,2026-08-09 11:45:00,customer_815@example.com,2,21.0,42.0,US,USD,15550100815
,2026-08-09 12:00:00,customer_816@example.com,3,19.0,57.0,US,USD,15550100816
,2026-08-09 12:15:00,customer_817@example.com,4,23.0,92.0,US,USD,15550100817
,2026-08-09 12:30:00,customer_818@example.com,3,29.0,87.0,US,USD,15550100818
,2026-08-09 12:45:00,customer_819@example.com,1,30.0,30.0,US,USD,15550100819
,2026-08-09 13:00:00,customer_820@example.com,3,12.0,36.0,US,USD,15550100820
,2026-08-09 13:15:00,customer_821@example.com,3,13.0,39.0,US,USD,15550100821
,2026-08-09 13:30:00,customer_822@example.com,5,22.0,110.0,US,USD,15550100822
,2026-08-09 13:45:00,customer_823@example.com,3,18.0,54.0,US,USD,15550100823
,2026-08-09 14:00:00,customer_824@example.com,5,14.0,70.0,US,USD,15550100824
,2026-08-09 14:15:00,customer_825@example.com,3,12.0,36.0,US,USD,15550100825
,2026-08-09 14:30:00,customer_826@example.com,5,14.0,70.0,US,USD,15550100826
,2026-08-09 14:45:00,customer_827@example.com,3,19.0,57.0,US,USD,15550100827
,2026-08-09 15:00:00,customer_828@example.com,4,14.0,56.0,US,USD,15550100828
,2026-08-09 15:15:00,customer_829@example.com,5,12.0,60.0,US,USD,15550100829
,2026-08-09 15:30:00,customer_830@example.com,3,27.0,81.0,US,USD,15550100830
,2026-08-09 15:45:00,customer_831@example.com,4,30.0,120.0,US,USD,15550100831
,2026-08-09 16:00:00,customer_832@example.com,3,14.0,42.0,US,USD,15550100832
,2026-08-09 16:15:00,customer_833@example.com,5,12.0,60.0,US,USD,15550100833
,2026-08-09 16:30:00,customer_834@example.com,4,26.0,104.0,US,USD,15550100834
,2026-08-09 16:45:00,customer_835@example.com,3,10.0,30.0,US,USD,15550100835
,2026-08-09 17:00:00,customer_836@example.com,3,19.0,57.0,US,USD,15550100836
,2026-08-09 17:15:00,customer_837@example.com,2,16.0,32.0,US,USD,15550100837
,2026-08-09 17:30:00,customer_838@example.com,3,25.0,75.0,US,USD,15550100838
,2026-08-09 17:45:00,customer_839@example.com,2,17.0,34.0,US,USD,15550100839
,2026-08-09 18:00:00,customer_840@example.com,2,14.0,28.0,US,USD,15550100840
,2026-08-09 18:15:00,customer_841@example.com,1,19.0,19.0,US,USD,15550100841
,2026-08-09 18:30:00,customer_842@example.com,1,26.0,26.0,US,USD,15550100842
,2026-08-09 18:45:00,customer_843@example.com,5,26.0,130.0,US,USD,15550100843
,2026-08-09 19:00:00,customer_844@example.com,1,20.0,20.0,US,USD,15550100844
,2026-08-09 19:15:00,customer_845@example.com,5,14.0,70.0,US,USD,15550100845
,2026-08-09 19:30:00,customer_846@example.com,5,22.0,110.0,US,USD,15550100846
,2026-08-09 19:45:00,customer_847@example.com,2,15.0,30.0,US,USD,15550100847
,2026-08-09 20:00:00,customer_848@example.com,2,29.0,58.0,US,USD,15550100848
,2026-08-09 20:15:00,customer_849@example.com,2,24.0,48.0,US,USD,15550100849
,2026-08-09 20:30:00,customer_850@example.com,1,23.0,23.0,US,USD,15550100850
,2026-08-09 20:45:00,customer_851@example.com,3,17.0,51.0,US,USD,15550100851
,2026-08-09 21:00:00,customer_852@example.com,4,29.0,116.0,US,USD,15550100852
,2026-08-09 21:15:00,customer_853@example.com,3,24.0,72.0,US,USD,15550100853
,2026-08-09 21:30:00,customer_854@example.com,2,27.0,54.0,US,USD,15550100854
,2026-08-09 21:45:00,customer_855@example.com,2,19.0,38.0,US,USD,15550100855
,2026-08-09 22:00:00,customer_856@example.com,4,16.0,64.0,US,USD,15550100856
,2026-08-09 22:15:00,customer_857@example.com,3,28.0,84.0,US,USD,15550100857
,2026-08-09 22:30:00,customer_858@example.com,4,24.0,96.0,US,USD,15550100858
,2026-08-09 22:45:00,customer_859@example.com,3,22.0,66.0,US,USD,15550100859
,2026-08-09 23:00:00,customer_860@example.com,5,26.0,130.0,US,USD,15550100860
,2026-08-09 23:15:00,customer_861@example.com,4,15.0,60.0,US,USD,15550100861
,2026-08-09 23:30:00,customer_862@example.com,2,29.0,58.0,US,USD,15550100862
,2026-08-09 23:45:00,customer_863@example.com,2,18.0,36.0,US,USD,15550100863
,2026-08-10 00:00:00,customer_864@example.com,1,30.0,30.0,US,USD,15550100864
,2026-08-10 00:15:00,customer_865@example.com,4,21.0,84.0,US,USD,15550100865
,2026-08-10 00:30:00,customer_866@example.com,5,13.0,65.0,US,USD,15550100866
,2026-08-10 00:45:00,customer_867@example.com,5,13.0,65.0,US,USD,15550100867
,2026-08-10 01:00:00,customer_868@example.com,3,12.0,36.0,US,USD,15550100868
,2026-08-10 01:15:00,customer_869@example.com,2,18.0,36.0,US,USD,15550100869
,2026-08-10 01:30:00,customer_870@example.com,4,26.0,104.0,US,USD,15550100870
,2026-08-10 01:45:00,customer_871@example.com,2,23.0,46.0,US,USD,15550100871
,2026-08-10 02:00:00,customer_872@example.com,1,17.0,17.0,US,USD,15550100872
,2026-08-10 02:15:00,customer_873@example.com,4,21.0,84.0,US,USD,15550100873
,2026-08-10 02:30:00,customer_874@example.com,1,23.0,23.0,US,USD,15550100874
,2026-08-10 02:45:00,customer_875@example.com,1,22.0,22.0,US,USD,15550100875
,2026-08-10 03:00:00,customer_876@example.com,5,21.0,105.0,US,USD,15550100876
,2026-08-10 03:15:00,customer_877@example.com,2,22.0,44.0,US,USD,15550100877
,2026-08-10 03:30:00,customer_878@example.com,1,21.0,21.0,US,USD,15550100878
,2026-08-10 03:45:00,customer_879@example.com,2,10.0,20.0,US,USD,15550100879
,2026-08-10 04:00:00,customer_880@example.com,3,13.0,39.0,US,USD,15550100880
,2026-08-10 04:15:00,customer_881@example.com,3,14.0,42.0,US,USD,15550100881
,2026-08-10 04:30:00,customer_882@example.com,2,11.0,22.0,US,USD,15550100882
,2026-08-10 04:45:00,customer_883@example.com,3,25.0,75.0,US,USD,15550100883
,2026-08-10 05:00:00,customer_884@example.com,2,25.0,50.0,US,USD,15550100884
,2026-08-10 05:15:00,customer_885@example.com,4,29.0,116.0,US,USD,15550100885
,2026-08-10 05:30:00,customer_886@example.com,1,12.0,12.0,US,USD,15550100886
,2026-08-10 05:45:00,customer_887@example.com,1,18.0,18.0,US,USD,15550100887
,2026-08-10 06:00:00,customer_888@example.com,2,14.0,28.0,US,USD,15550100888
,2026-08-10 06:15:00,customer_889@example.com,5,29.0,145.0,US,USD,15550100889
,2026-08-10 06:30:00,customer_890@example.com,5,23.0,115.0,US,USD,15550100890
,2026-08-10 06:45:00,customer_891@example.com,1,19.0,19.0,US,USD,15550100891
,2026-08-10 07:00:00,customer_892@example.com,2,19.0,38.0,US,USD,15550100892
,2026-08-10 07:15:00,customer_893@example.com,1,11.0,11.0,US,USD,15550100893
,2026-08-10 07:30:00,customer_894@example.com,2,23.0,46.0,US,USD,15550100894
,2026-08-10 07:45:00,customer_895@example.com,5,24.0,120.0,US,USD,15550100895
,2026-08-10 08:00:00,customer_896@example.com,1,13.0,13.0,US,USD,15550100896
,2026-08-10 08:15:00,customer_897@example.com,4,29.0,116.0,US,USD,15550100897
,2026-08-10 08:30:00,customer_898@example.com,5,10.0,50.0,US,USD,15550100898
,2026-08-10 08:45:00,customer_899@example.com,5,28.0,140.0,US,USD,15550100899
,2026-08-10 09:00:00,customer_900@example.com,2,14.0,28.0,US,USD,15550100900
,2026-08-10 09:15:00,customer_901@example.com,3,23.0,69.0,US,USD,15550100901
,2026-08-10 09:30:00,customer_902@example.com,1,29.0,29.0,US,USD,15550100902
,2026-08-10 09:45:00,customer_903@example.com,3,17.0,51.0,US,USD,15550100903
,2026-08-10 10:00:00,customer_904@example.com,5,23.0,115.0,US,USD,15550100904
,2026-08-10 10:15:00,customer_905@example.com,2,12.0,24.0,US,USD,15550100905
,2026-08-10 10:30:00,customer_906@example.com,5,21.0,105.0,US,USD,15550100906
,2026-08-10 10:45:00,customer_907@example.com,1,26.0,26.0,US,USD,15550100907
,2026-08-10 11:00:00,customer_908@example.com,5,26.0,130.0,US,USD,15550100908
,2026-08-10 11:15:00,customer_909@example.com,5,27.0,135.0,US,USD,15550100909
,2026-08-10 11:30:00,customer_910@example.com,1,22.0,22.0,US,USD,15550100910
,2026-08-10 11:45:00,customer_911@example.com,4,11.0,44.0,US,USD,15550100911
,2026-08-10 12:00:00,customer_912@example.com,4,21.0,84.0,US,USD,15550100912
,2026-08-10 12:15:00,customer_913@example.com,3,10.0,30.0,US,USD,15550100913
,2026-08-10 12:30:00,customer_914@example.com,3,12.0,36.0,US,USD,15550100914
,2026-08-10 12:45:00,customer_915@example.com,3,17.0,51.0,US,USD,15550100915
,2026-08-10 13:00:00,customer_916@example.com,1,28.0,28.0,US,USD,15550100916
,2026-08-10 13:15:00,customer_917@example.com,3,14.0,42.0,US,USD,15550100917
,2026-08-10 13:30:00,customer_918@example.com,1,21.0,21.0,US,USD,15550100918
,2026-08-10 13:45:00,customer_919@example.com,5,20.0,100.0,US,USD,15550100919
,2026-08-10 14:00:00,customer_920@example.com,2,24.0,48.0,US,USD,15550100920
,2026-08-10 14:15:00,customer_921@example.com,4,30.0,120.0,US,USD,15550100921
,2026-08-10 14:30:00,customer_922@example.com,2,14.0,28.0,US,USD,15550100922
,2026-08-10 14:45:00,customer_923@example.com,1,24.0,24.0,US,USD,15550100923
,2026-08-10 15:00:00,customer_924@example.com,1,19.0,19.0,US,USD,15550100924
,2026-08-10 15:15:00,customer_925@example.com,2,11.0,22.0,US,USD,15550100925
,2026-08-10 15:30:00,customer_926@example.com,2,11.0,22.0,US,USD,15550100926
,2026-08-10 15:45:00,customer_927@example.com,3,19.0,57.0,US,USD,15550100927
,2026-08-10 16:00:00,customer_928@example.com,5,22.0,110.0,US,USD,15550100928
,2026-08-10 16:15:00,customer_929@example.com,5,25.0,125.0,US,USD,15550100929
,2026-08-10 16:30:00,customer_930@example.com,3,11.0,33.0,US,USD,15550100930
,2026-08-10 16:45:00,customer_931@example.com,2,19.0,38.0,US,USD,15550100931
,2026-08-10 17:00:00,customer_932@example.com,3,11.0,33.0,US,USD,15550100932
,2026-08-10 17:15:00,customer_933@example.com,3,18.0,54.0,US,USD,15550100933
,2026-08-10 17:30:00,customer_934@example.com,1,21.0,21.0,US,USD,15550100934
,2026-08-10 17:45:00,customer_935@example.com,4,22.0,88.0,US,USD,15550100935
,2026-08-10 18:00:00,customer_936@example.com,4,22.0,88.0,US,USD,15550100936
,2026-08-10 18:15:00,customer_937@example.com,3,15.0,45.0,US,USD,15550100937
,2026-08-10 18:30:00,customer_938@example.com,4,25.0,100.0,US,USD,15550100938
,2026-08-10 18:45:00,customer_939@example.com,3,26.0,78.0,US,USD,15550100939
,2026-08-10 19:00:00,customer_940@example.com,3,12.0,36.0,US,USD,15550100940
,2026-08-10 19:15:00,customer_941@example.com,4,12.0,48.0,US,USD,15550100941
,2026-08-10 19:30:00,customer_942@example.com,4,29.0,116.0,US,USD,15550100942
,2026-08-10 19:45:00,customer_943@example.com,2,27.0,54.0,US,USD,15550100943
,2026-08-10 20:00:00,customer_944@example.com,3,20.0,60.0,US,USD,15550100944
,2026-08-10 20:15:00,customer_945@example.com,1,12.0,12.0,US,USD,15550100945
,2026-08-10 20:30:00,customer_946@example.com,3,19.0,57.0,US,USD,15550100946
,2026-08-10 20:45:00,customer_947@example.com,3,24.0,72.0,US,USD,15550100947
,2026-08-10 21:00:00,customer_948@example.com,5,23.0,115.0,US,USD,15550100948
,2026-08-10 21:15:00,customer_949@example.com,2,24.0,48.0,US,USD,15550100949
,2026-08-10 21:30:00,customer_950@example.com,3,24.0,72.0,US,USD,15550100950
,2026-08-10 21:45:00,customer_951@example.com,1,21.0,21.0,US,USD,15550100951
,2026-08-10 22:00:00,customer_952@example.com,5,23.0,115.0,US,USD,15550100952
,2026-08-10 22:15:00,customer_953@example.com,3,30.0,90.0,US,USD,15550100953
,2026-08-10 22:30:00,customer_954@example.com,1,12.0,12.0,US,USD,15550100954
,2026-08-10 22:45:00,customer_955@example.com,4,21.0,84.0,US,USD,15550100955
,2026-08-10 23:00:00,customer_956@example.com,5,15.0,75.0,US,USD,15550100956
,2026-08-10 23:15:00,customer_957@example.com,1,14.0,14.0,US,USD,15550100957
,2026-08-10 23:30:00,customer_958@example.com,5,24.0,120.0,US,USD,15550100958
,2026-08-10 23:45:00,customer_959@example.com,1,14.0,14.0,US,USD,15550100959
,2026-08-11 00:00:00,customer_960@example.com,1,17.0,17.0,US,USD,15550100960
,2026-08-11 00:15:00,customer_961@example.com,3,21.0,63.0,US,USD,15550100961
,2026-08-11 00:30:00,customer_962@example.com,4,28.0,112.0,US,USD,15550100962
,2026-08-11 00:45:00,customer_963@example.com,1,29.0,29.0,US,USD,15550100963
,2026-08-11 01:00:00,customer_964@example.com,2,24.0,48.0,US,USD,15550100964
,2026-08-11 01:15:00,customer_965@example.com,3,21.0,63.0,US,USD,15550100965
,2026-08-11 01:30:00,customer_966@example.com,4,12.0,48.0,US,USD,15550100966
,2026-08-11 01:45:00,customer_967@example.com,5,14.0,70.0,US,USD,15550100967
,2026-08-11 02:00:00,customer_968@example.com,5,21.0,105.0,US,USD,15550100968
,2026-08-11 02:15:00,customer_969@example.com,4,20.0,80.0,US,USD,15550100969
,2026-08-11 02:30:00,customer_970@example.com,3,17.0,51.0,US,USD,15550100970
,2026-08-11 02:45:00,customer_971@example.com,1,10.0,10.0,US,USD,15550100971
,2026-08-11 03:00:00,customer_972@example.com,2,25.0,50.0,US,USD,15550100972
,2026-08-11 03:15:00,customer_973@example.com,5,22.0,110.0,US,USD,15550100973
,2026-08-11 03:30:00,customer_974@example.com,5,13.0,65.0,US,USD,15550100974
,2026-08-11 03:45:00,customer_975@example.com,3,18.0,54.0,US,USD,15550100975
,2026-08-11 04:00:00,customer_976@example.com,4,16.0,64.0,US,USD,15550100976
,2026-08-11 04:15:00,customer_977@example.com,5,19.0,95.0,US,USD,15550100977
,2026-08-11 04:30:00,customer_978@example.com,4,16.0,64.0,US,USD,15550100978
,2026-08-11 04:45:00,customer_979@example.com,1,14.0,14.0,US,USD,15550100979
,2026-08-11 05:00:00,customer_980@example.com,1,24.0,24.0,US,USD,15550100980
,2026-08-11 05:15:00,customer_981@example.com,2,24.0,48.0,US,USD,15550100981
,2026-08-11 05:30:00,customer_982@example.com,1,20.0,20.0,US,USD,15550100982
,2026-08-11 05:45:00,customer_983@example.com,3,12.0,36.0,US,USD,15550100983
,2026-08-11 06:00:00,customer_984@example.com,5,27.0,135.0,US,USD,15550100984
,2026-08-11 06:15:00,customer_985@example.com,3,19.0,57.0,US,USD,15550100985
,2026-08-11 06:30:00,customer_986@example.com,2,30.0,60.0,US,USD,15550100986
,2026-08-11 06:45:00,customer_987@example.com,2,21.0,42.0,US,USD,15550100987
,2026-08-11 07:00:00,customer_988@example.com,5,17.0,85.0,US,USD,15550100988
,2026-08-11 07:15:00,customer_989@example.com,1,16.0,16.0,US,USD,15550100989
,2026-08-11 07:30:00,customer_990@example.com,2,17.0,34.0,US,USD,15550100990
,2026-08-11 07:45:00,customer_991@example.com,4,10.0,40.0,US,USD,15550100991
,2026-08-11 08:00:00,customer_992@example.com,3,27.0,81.0,US,USD,15550100992
,2026-08-11 08:15:00,customer_993@example.com,5,21.0,105.0,US,USD,15550100993
,2026-08-11 08:30:00,customer_994@example.com,4,27.0,108.0,US,USD,15550100994
,2026-08-11 08:45:00,customer_995@example.com,2,29.0,58.0,US,USD,15550100995
,2026-08-11 09:00:00,customer_996@example.com,1,12.0,12.0,US,USD,15550100996
,2026-08-11 09:15:00,customer_997@example.com,3,22.0,66.0,US,USD,15550100997
,2026-08-11 09:30:00,customer_998@example.com,4,26.0,104.0,US,USD,15550100998
,2026-08-11 09:45:00,customer_999@example.com,4,23.0,92.0,US,USD,15550100999
,2026-08-11 10:00:00,customer_1000@example.com,5,12.0,60.0,US,USD,15550101000
,2026-08-11 10:15:00,customer_1001@example.com,2,20.0,40.0,US,USD,15550101001
,2026-08-11 10:30:00,customer_1002@example.com,1,24.0,24.0,US,USD,15550101002
,2026-08-11 10:45:00,,4,26.0,104.0,US,USD,15550101003
,2026-08-11 11:15:00,vip_buyer@gmail.com,1,999.0,999.0,US,USD,15550101005
,2026-08-11 11:30:00,customer_1006@example.com,5,15.0,75.0,US,USD,15550101006
,2026-08-11 11:45:00,customer_1007@example.com,2,23.0,46.0,US,USD,15550101007
,2026-08-01 00:00:00,customer_1008@example.com,1,18.0,18.0,US,USD,15550101008
,2026-08-11 12:15:00,customer_1009@example.com,1,26.0,26.0,US,USD,15550101009
,2026-08-11 12:30:00,customer_1010@example.com,2,19.0,38.0,US,USD,15550101010
,2026-08-11 12:45:00,customer_1011@example.com,2,15.0,30.0,US,USD,15550101011
,2026-08-11 13:00:00,customer_1012@example.com,3,17.0,51.0,US,USD,15550101012
,2026-08-11 13:15:00,customer_1013@example.com,3,26.0,78.0,US,USD,15550101013
,2026-08-11 13:30:00,customer_1014@example.com,3,12.0,36.0,US,USD,15550101014
,2026-08-11 13:45:00,customer_1015@example.com,3,16.0,48.0,US,USD,15550101015
,2026-08-11 14:00:00,customer_1016@example.com,5,18.0,90.0,US,USD,15550101016
,2026-08-11 14:15:00,customer_1017@example.com,2,30.0,60.0,US,USD,15550101017
,2026-08-11 14:30:00,customer_1018@example.com,3,29.0,87.0,US,USD,15550101018
,2026-08-11 14:45:00,customer_1019@example.com,5,12.0,60.0,US,USD,15550101019
,2026-08-11 15:00:00,customer_1020@example.com,5,30.0,150.0,US,USD,15550101020
,2026-08-11 15:15:00,customer_1021@example.com,2,28.0,56.0,US,USD,15550101021
,2026-08-11 15:30:00,customer_1022@example.com,5,14.0,70.0,US,USD,15550101022
,2026-08-11 15:45:00,customer_1023@example.com,2,29.0,58.0,US,USD,15550101023
,2026-08-11 16:00:00,customer_1024@example.com,5,20.0,100.0,US,USD,15550101024
,2026-08-11 16:15:00,customer_1025@example.com,5,11.0,55.0,US,USD,15550101025
,2026-08-11 16:30:00,customer_1026@example.com,1,12.0,12.0,US,USD,15550101026
,2026-08-11 16:45:00,customer_1027@example.com,1,30.0,30.0,US,USD,15550101027
,2026-08-11 17:00:00,customer_1028@example.com,5,18.0,90.0,US,USD,15550101028
,2026-08-11 17:15:00,customer_1029@example.com,2,28.0,56.0,US,USD,15550101029
,2026-08-11 17:30:00,customer_1030@example.com,4,29.0,116.0,US,USD,15550101030
,2026-08-11 17:45:00,customer_1031@example.com,1,25.0,25.0,US,USD,15550101031
,2026-08-11 18:00:00,customer_1032@example.com,5,19.0,95.0,US,USD,15550101032
,2026-08-11 18:15:00,customer_1033@example.com,3,25.0,75.0,US,USD,15550101033
,2026-08-11 18:30:00,customer_1034@example.com,2,22.0,44.0,US,USD,15550101034
,2026-08-11 18:45:00,customer_1035@example.com,3,24.0,72.0,US,USD,15550101035
,2026-08-11 19:00:00,customer_1036@example.com,1,11.0,11.0,US,USD,15550101036
,2026-08-11 19:15:00,customer_1037@example.com,2,24.0,48.0,US,USD,15550101037
,2026-08-11 19:30:00,customer_1038@example.com,4,25.0,100.0,US,USD,15550101038
,2026-08-11 19:45:00,customer_1039@example.com,4,16.0,64.0,US,USD,15550101039
,2026-08-11 20:00:00,customer_1040@example.com,3,29.0,87.0,US,USD,15550101040
,2026-08-11 20:15:00,customer_1041@example.com,2,20.0,40.0,US,USD,15550101041
,2026-08-11 20:30:00,customer_1042@example.com,3,21.0,63.0,US,USD,15550101042
,2026-08-11 20:45:00,customer_1043@example.com,4,14.0,56.0,US,USD,15550101043
,2026-08-11 21:00:00,customer_1044@example.com,3,26.0,78.0,US,USD,15550101044
,2026-08-11 21:15:00,customer_1045@example.com,5,13.0,65.0,US,USD,15550101045
,2026-08-11 21:30:00,customer_1046@example.com,3,17.0,51.0,US,USD,15550101046
,2026-08-11 21:45:00,customer_1047@example.com,4,13.0,52.0,US,USD,15550101047
,2026-08-11 22:00:00,customer_1048@example.com,3,24.0,72.0,US,USD,15550101048
,2026-08-11 22:15:00,customer_1049@example.com,2,14.0,28.0,US,USD,15550101049
,2026-08-11 22:30:00,customer_1050@example.com,1,11.0,11.0,US,USD,15550101050
,2026-08-11 22:45:00,customer_1051@example.com,3,22.0,66.0,US,USD,15550101051
,2026-08-11 23:00:00,customer_1052@example.com,5,23.0,115.0,US,USD,15550101052
,2026-08-11 23:15:00,customer_1053@example.com,2,15.0,30.0,US,USD,15550101053
,2026-08-11 23:30:00,customer_1054@example.com,3,28.0,84.0,US,USD,15550101054
,2026-08-11 23:45:00,customer_1055@example.com,3,16.0,48.0,US,USD,15550101055
,2026-08-12 00:00:00,customer_1056@example.com,2,25.0,50.0,US,USD,15550101056
,2026-08-12 00:15:00,customer_1057@example.com,5,24.0,120.0,US,USD,15550101057
,2026-08-12 00:30:00,customer_1058@example.com,4,19.0,76.0,US,USD,15550101058
,2026-08-12 00:45:00,customer_1059@example.com,4,10.0,40.0,US,USD,15550101059
,2026-08-12 01:00:00,customer_1060@example.com,1,22.0,22.0,US,USD,15550101060
,2026-08-12 01:15:00,customer_1061@example.com,5,24.0,120.0,US,USD,15550101061
,2026-08-12 01:30:00,customer_1062@example.com,2,16.0,32.0,US,USD,15550101062
,2026-08-12 01:45:00,customer_1063@example.com,5,21.0,105.0,US,USD,15550101063
,2026-08-12 02:00:00,customer_1064@example.com,1,11.0,11.0,US,USD,15550101064
,2026-08-12 02:15:00,customer_1065@example.com,3,25.0,75.0,US,USD,15550101065
,2026-08-12 02:30:00,customer_1066@example.com,5,30.0,150.0,US,USD,15550101066
,2026-08-12 02:45:00,customer_1067@example.com,4,19.0,76.0,US,USD,15550101067
,2026-08-12 03:00:00,customer_1068@example.com,5,10.0,50.0,US,USD,15550101068
,2026-08-12 03:15:00,customer_1069@example.com,1,23.0,23.0,US,USD,15550101069
,2026-08-12 03:30:00,customer_1070@example.com,2,18.0,36.0,US,USD,15550101070
,2026-08-12 03:45:00,customer_1071@example.com,3,22.0,66.0,US,USD,15550101071
,2026-08-12 04:00:00,customer_1072@example.com,3,11.0,33.0,US,USD,15550101072
,2026-08-12 04:15:00,customer_1073@example.com,4,11.0,44.0,US,USD,15550101073
,2026-08-12 04:30:00,customer_1074@example.com,5,27.0,135.0,US,USD,15550101074
,2026-08-12 04:45:00,customer_1075@example.com,2,21.0,42.0,US,USD,15550101075
,2026-08-12 05:00:00,customer_1076@example.com,5,19.0,95.0,US,USD,15550101076
,2026-08-12 05:15:00,customer_1077@example.com,1,22.0,22.0,US,USD,15550101077
,2026-08-12 05:30:00,customer_1078@example.com,5,24.0,120.0,US,USD,15550101078
,2026-08-12 05:45:00,customer_1079@example.com,5,18.0,90.0,US,USD,15550101079
,2026-08-12 06:00:00,customer_1080@example.com,5,29.0,145.0,US,USD,15550101080
,2026-08-12 06:15:00,customer_1081@example.com,1,14.0,14.0,US,USD,15550101081
,2026-08-12 06:30:00,customer_1082@example.com,1,22.0,22.0,US,USD,15550101082
,2026-08-12 06:45:00,customer_1083@example.com,3,20.0,60.0,US,USD,15550101083
,2026-08-12 07:00:00,customer_1084@example.com,5,21.0,105.0,US,USD,15550101084
,2026-08-12 07:15:00,customer_1085@example.com,2,16.0,32.0,US,USD,15550101085
,2026-08-12 07:30:00,customer_1086@example.com,5,26.0,130.0,US,USD,15550101086
,2026-08-12 07:45:00,customer_1087@example.com,4,26.0,104.0,US,USD,15550101087
,2026-08-12 08:00:00,customer_1088@example.com,1,11.0,11.0,US,USD,15550101088
,2026-08-12 08:15:00,customer_1089@example.com,1,14.0,14.0,US,USD,15550101089
,2026-08-12 08:30:00,customer_1090@example.com,3,25.0,75.0,US,USD,15550101090
,2026-08-12 08:45:00,customer_1091@example.com,5,24.0,120.0,US,USD,15550101091
,2026-08-12 09:00:00,customer_1092@example.com,2,29.0,58.0,US,USD,15550101092
,2026-08-12 09:15:00,customer_1093@example.com,5,14.0,70.0,US,USD,15550101093
,2026-08-12 09:30:00,customer_1094@example.com,3,29.0,87.0,US,USD,15550101094
,2026-08-12 09:45:00,customer_1095@example.com,3,15.0,45.0,US,USD,15550101095
,2026-08-12 10:00:00,customer_1096@example.com,4,29.0,116.0,US,USD,15550101096
,2026-08-12 10:15:00,customer_1097@example.com,3,28.0,84.0,US,USD,15550101097
,2026-08-12 10:30:00,customer_1098@example.com,3,26.0,78.0,US,USD,15550101098
,2026-08-12 10:45:00,customer_1099@example.com,5,27.0,135.0,US,USD,15550101099
,2026-08-12 11:00:00,customer_1100@example.com,4,28.0,112.0,US,USD,15550101100
,2026-08-12 11:15:00,customer_1101@example.com,3,25.0,75.0,US,USD,15550101101
,2026-08-12 11:30:00,customer_1102@example.com,1,21.0,21.0,US,USD,15550101102
,2026-08-12 11:45:00,customer_1103@example.com,3,13.0,39.0,US,USD,15550101103
,2026-08-12 12:00:00,customer_1104@example.com,4,28.0,112.0,US,USD,15550101104
,2026-08-12 12:15:00,customer_1105@example.com,3,30.0,90.0,US,USD,15550101105
,2026-08-12 12:30:00,customer_1106@example.com,1,29.0,29.0,US,USD,15550101106
,2026-08-12 12:45:00,customer_1107@example.com,4,18.0,72.0,US,USD,15550101107
,2026-08-12 13:00:00,customer_1108@example.com,5,28.0,140.0,US,USD,15550101108
,2026-08-12 13:15:00,customer_1109@example.com,2,11.0,22.0,US,USD,15550101109
,2026-08-12 13:30:00,customer_1110@example.com,5,25.0,125.0,US,USD,15550101110
,2026-08-12 13:45:00,customer_1111@example.com,2,26.0,52.0,US,USD,15550101111
,2026-08-12 14:00:00,customer_1112@example.com,5,22.0,110.0,US,USD,15550101112
,2026-08-12 14:15:00,customer_1113@example.com,2,17.0,34.0,US,USD,15550101113
,2026-08-12 14:30:00,customer_1114@example.com,1,28.0,28.0,US,USD,15550101114
,2026-08-12 14:45:00,customer_1115@example.com,1,16.0,16.0,US,USD,15550101115
,2026-08-12 15:00:00,customer_1116@example.com,1,24.0,24.0,US,USD,15550101116
,2026-08-12 15:15:00,customer_1117@example.com,3,23.0,69.0,US,USD,15550101117
,2026-08-12 15:30:00,customer_1118@example.com,2,23.0,46.0,US,USD,15550101118
,2026-08-12 15:45:00,customer_1119@example.com,2,23.0,46.0,US,USD,15550101119
,2026-08-12 16:00:00,customer_1120@example.com,5,29.0,145.0,US,USD,15550101120
,2026-08-12 16:15:00,customer_1121@example.com,4,11.0,44.0,US,USD,15550101121
,2026-08-12 16:30:00,customer_1122@example.com,2,26.0,52.0,US,USD,15550101122
,2026-08-12 16:45:00,customer_1123@example.com,2,27.0,54.0,US,USD,15550101123
,2026-08-12 17:00:00,customer_1124@example.com,3,25.0,75.0,US,USD,15550101124
,2026-08-12 17:15:00,customer_1125@example.com,5,22.0,110.0,US,USD,15550101125
,2026-08-12 17:30:00,customer_1126@example.com,3,15.0,45.0,US,USD,15550101126
,2026-08-12 17:45:00,customer_1127@example.com,4,27.0,108.0,US,USD,15550101127
,2026-08-12 18:00:00,customer_1128@example.com,3,27.0,81.0,US,USD,15550101128
,2026-08-12 18:15:00,customer_1129@example.com,3,30.0,90.0,US,USD,15550101129
,2026-08-12 18:30:00,customer_1130@example.com,3,29.0,87.0,US,USD,15550101130
,2026-08-12 18:45:00,customer_1131@example.com,4,16.0,64.0,US,USD,15550101131
,2026-08-12 19:00:00,customer_1132@example.com,2,18.0,36.0,US,USD,15550101132
,2026-08-12 19:15:00,customer_1133@example.com,5,19.0,95.0,US,USD,15550101133
,2026-08-12 19:30:00,customer_1134@example.com,2,19.0,38.0,US,USD,15550101134
,2026-08-12 19:45:00,customer_1135@example.com,3,16.0,48.0,US,USD,15550101135
,2026-08-12 20:00:00,customer_1136@example.com,4,20.0,80.0,US,USD,15550101136
,2026-08-12 20:15:00,customer_1137@example.com,4,21.0,84.0,US,USD,15550101137
,2026-08-12 20:30:00,customer_1138@example.com,5,18.0,90.0,US,USD,15550101138
,2026-08-12 20:45:00,customer_1139@example.com,3,13.0,39.0,US,USD,15550101139
,2026-08-12 21:00:00,customer_1140@example.com,5,27.0,135.0,US,USD,15550101140
,2026-08-12 21:15:00,customer_1141@example.com,4,22.0,88.0,US,USD,15550101141
,2026-08-12 21:30:00,customer_1142@example.com,3,14.0,42.0,US,USD,15550101142
,2026-08-12 21:45:00,customer_1143@example.com,3,11.0,33.0,US,USD,15550101143
,2026-08-12 22:00:00,customer_1144@example.com,3,12.0,36.0,US,USD,15550101144
,2026-08-12 22:15:00,customer_1145@example.com,3,24.0,72.0,US,USD,15550101145
,2026-08-12 22:30:00,customer_1146@example.com,3,25.0,75.0,US,USD,15550101146
,2026-08-12 22:45:00,customer_1147@example.com,2,16.0,32.0,US,USD,15550101147
,2026-08-12 23:00:00,customer_1148@example.com,5,18.0,90.0,US,USD,15550101148
,2026-08-12 23:15:00,customer_1149@example.com,5,18.0,90.0,US,USD,15550101149
,2026-08-12 23:30:00,customer_1150@example.com,2,13.0,26.0,US,USD,15550101150
,2026-08-12 23:45:00,customer_1151@example.com,5,28.0,140.0,US,USD,15550101151
,2026-08-13 00:00:00,customer_1152@example.com,2,17.0,34.0,US,USD,15550101152
,2026-08-13 00:15:00,customer_1153@example.com,1,26.0,26.0,US,USD,15550101153
,2026-08-13 00:30:00,customer_1154@example.com,2,30.0,60.0,US,USD,15550101154
,2026-08-13 00:45:00,customer_1155@example.com,2,11.0,22.0,US,USD,15550101155
,2026-08-13 01:00:00,customer_1156@example.com,1,23.0,23.0,US,USD,15550101156
,2026-08-13 01:15:00,customer_1157@example.com,3,25.0,75.0,US,USD,15550101157
,2026-08-13 01:30:00,customer_1158@example.com,1,14.0,14.0,US,USD,15550101158
,2026-08-13 01:45:00,customer_1159@example.com,1,27.0,27.0,US,USD,15550101159
,2026-08-13 02:00:00,customer_1160@example.com,2,23.0,46.0,US,USD,15550101160
,2026-08-13 02:15:00,customer_1161@example.com,4,25.0,100.0,US,USD,15550101161
,2026-08-13 02:30:00,customer_1162@example.com,2,19.0,38.0,US,USD,15550101162
,2026-08-13 02:45:00,customer_1163@example.com,3,19.0,57.0,US,USD,15550101163
,2026-08-13 03:00:00,customer_1164@example.com,1,12.0,12.0,US,USD,15550101164
,2026-08-13 03:15:00,customer_1165@example.com,5,17.0,85.0,US,USD,15550101165
,2026-08-13 03:30:00,customer_1166@example.com,5,11.0,55.0,US,USD,15550101166
,2026-08-13 03:45:00,customer_1167@example.com,2,23.0,46.0,US,USD,15550101167
,2026-08-13 04:00:00,customer_1168@example.com,2,11.0,22.0,US,USD,15550101168
,2026-08-13 04:15:00,customer_1169@example.com,4,25.0,100.0,US,USD,15550101169
,2026-08-13 04:30:00,customer_1170@example.com,2,19.0,38.0,US,USD,15550101170
,2026-08-13 04:45:00,customer_1171@example.com,1,10.0,10.0,US,USD,15550101171
,2026-08-13 05:00:00,customer_1172@example.com,3,28.0,84.0,US,USD,15550101172
,2026-08-13 05:15:00,customer_1173@example.com,5,13.0,65.0,US,USD,15550101173
,2026-08-13 05:30:00,customer_1174@example.com,3,19.0,57.0,US,USD,15550101174
,2026-08-13 05:45:00,customer_1175@example.com,4,30.0,120.0,US,USD,15550101175
,2026-08-13 06:00:00,customer_1176@example.com,5,26.0,130.0,US,USD,15550101176
,2026-08-13 06:15:00,customer_1177@example.com,4,14.0,56.0,US,USD,15550101177
,2026-08-13 06:30:00,customer_1178@example.com,5,24.0,120.0,US,USD,15550101178
,2026-08-13 06:45:00,customer_1179@example.com,3,16.0,48.0,US,USD,15550101179
,2026-08-13 07:00:00,customer_1180@example.com,1,20.0,20.0,US,USD,15550101180
,2026-08-13 07:15:00,customer_1181@example.com,2,24.0,48.0,US,USD,15550101181
,2026-08-13 07:30:00,customer_1182@example.com,3,15.0,45.0,US,USD,15550101182
,2026-08-13 07:45:00,customer_1183@example.com,1,20.0,20.0,US,USD,15550101183
,2026-08-13 08:00:00,customer_1184@example.com,3,28.0,84.0,US,USD,15550101184
,2026-08-13 08:15:00,customer_1185@example.com,2,15.0,30.0,US,USD,15550101185
,2026-08-13 08:30:00,customer_1186@example.com,5,30.0,150.0,US,USD,15550101186
,2026-08-13 08:45:00,customer_1187@example.com,4,23.0,92.0,US,USD,15550101187
,2026-08-13 09:00:00,customer_1188@example.com,5,20.0,100.0,US,USD,15550101188
,2026-08-13 09:15:00,customer_1189@example.com,1,22.0,22.0,US,USD,15550101189
,2026-08-13 09:30:00,customer_1190@example.com,1,15.0,15.0,US,USD,15550101190
,2026-08-13 09:45:00,customer_1191@example.com,2,25.0,50.0,US,USD,15550101191
,2026-08-13 10:00:00,customer_1192@example.com,3,17.0,51.0,US,USD,15550101192
,2026-08-13 10:15:00,customer_1193@example.com,1,18.0,18.0,US,USD,15550101193
,2026-08-13 10:30:00,customer_1194@example.com,4,17.0,68.0,US,USD,15550101194
,2026-08-13 10:45:00,customer_1195@example.com,4,18.0,72.0,US,USD,15550101195
,2026-08-13 11:00:00,customer_1196@example.com,3,19.0,57.0,US,USD,15550101196
,2026-08-13 11:15:00,customer_1197@example.com,5,28.0,140.0,US,USD,15550101197
,2026-08-13 11:30:00,customer_1198@example.com,1,18.0,18.0,US,USD,15550101198
,2026-08-13 11:45:00,customer_1199@example.com,3,17.0,51.0,US,USD,15550101199
,2026-08-13 12:00:00,customer_1200@example.com,1,13.0,13.0,US,USD,15550101200
,2026-08-13 12:15:00,customer_1201@example.com,4,19.0,76.0,US,USD,15550101201
,2026-08-13 12:30:00,customer_1202@example.com,2,22.0,44.0,US,USD,15550101202
,2026-08-13 12:45:00,customer_1203@example.com,5,19.0,95.0,US,USD,15550101203
,2026-08-13 13:00:00,customer_1204@example.com,1,30.0,30.0,US,USD,15550101204
,2026-08-13 13:15:00,customer_1205@example.com,3,21.0,63.0,US,USD,15550101205
,2026-08-13 13:30:00,customer_1206@example.com,5,17.0,85.0,US,USD,15550101206
,2026-08-13 13:45:00,customer_1207@example.com,2,14.0,28.0,US,USD,15550101207
,2026-08-13 14:00:00,customer_1208@example.com,4,14.0,56.0,US,USD,15550101208
,2026-08-13 14:15:00,customer_1209@example.com,4,29.0,116.0,US,USD,15550101209
,2026-08-13 14:30:00,customer_1210@example.com,3,23.0,69.0,US,USD,15550101210
,2026-08-13 14:45:00,customer_1211@example.com,5,25.0,125.0,US,USD,15550101211
,2026-08-13 15:00:00,customer_1212@example.com,5,16.0,80.0,US,USD,15550101212
,2026-08-13 15:15:00,customer_1213@example.com,2,29.0,58.0,US,USD,15550101213
,2026-08-13 15:30:00,customer_1214@example.com,1,26.0,26.0,US,USD,15550101214
,2026-08-13 15:45:00,customer_1215@example.com,4,26.0,104.0,US,USD,15550101215
,2026-08-13 16:00:00,customer_1216@example.com,3,12.0,36.0,US,USD,15550101216
,2026-08-13 16:15:00,customer_1217@example.com,5,13.0,65.0,US,USD,15550101217
,2026-08-13 16:30:00,customer_1218@example.com,1,27.0,27.0,US,USD,15550101218
,2026-08-13 16:45:00,customer_1219@example.com,5,16.0,80.0,US,USD,15550101219
,2026-08-13 17:00:00,customer_1220@example.com,5,27.0,135.0,US,USD,15550101220
,2026-08-13 17:15:00,customer_1221@example.com,2,15.0,30.0,US,USD,15550101221
,2026-08-13 17:30:00,customer_1222@example.com,3,26.0,78.0,US,USD,15550101222
,2026-08-13 17:45:00,customer_1223@example.com,4,13.0,52.0,US,USD,15550101223
,2026-08-13 18:00:00,customer_1224@example.com,2,28.0,56.0,US,USD,15550101224
,2026-08-13 18:15:00,customer_1225@example.com,4,12.0,48.0,US,USD,15550101225
,2026-08-13 18:30:00,customer_1226@example.com,5,24.0,120.0,US,USD,15550101226
,2026-08-13 18:45:00,customer_1227@example.com,1,24.0,24.0,US,USD,15550101227
,2026-08-13 19:00:00,customer_1228@example.com,2,26.0,52.0,US,USD,15550101228
,2026-08-13 19:15:00,customer_1229@example.com,4,24.0,96.0,US,USD,15550101229
,2026-08-13 19:30:00,customer_1230@example.com,5,11.0,55.0,US,USD,15550101230
,2026-08-13 19:45:00,customer_1231@example.com,5,24.0,120.0,US,USD,15550101231
,2026-08-13 20:00:00,customer_1232@example.com,3,10.0,30.0,US,USD,15550101232
,2026-08-13 20:15:00,customer_1233@example.com,4,18.0,72.0,US,USD,15550101233
,2026-08-13 20:30:00,customer_1234@example.com,1,16.0,16.0,US,USD,15550101234
,2026-08-13 20:45:00,customer_1235@example.com,5,12.0,60.0,US,USD,15550101235
,2026-08-13 21:00:00,customer_1236@example.com,1,23.0,23.0,US,USD,15550101236
,2026-08-13 21:15:00,customer_1237@example.com,3,12.0,36.0,US,USD,15550101237
,2026-08-13 21:30:00,customer_1238@example.com,5,11.0,55.0,US,USD,15550101238
,2026-08-13 21:45:00,customer_1239@example.com,1,25.0,25.0,US,USD,15550101239
,2026-08-13 22:00:00,customer_1240@example.com,1,19.0,19.0,US,USD,15550101240
,2026-08-13 22:15:00,customer_1241@example.com,4,15.0,60.0,US,USD,15550101241
,2026-08-13 22:30:00,customer_1242@example.com,2,30.0,60.0,US,USD,15550101242
,2026-08-13 22:45:00,customer_1243@example.com,4,21.0,84.0,US,USD,15550101243
,2026-08-13 23:00:00,customer_1244@example.com,4,24.0,96.0,US,USD,15550101244
,2026-08-13 23:15:00,customer_1245@example.com,4,22.0,88.0,US,USD,15550101245
,2026-08-13 23:30:00,customer_1246@example.com,1,27.0,27.0,US,USD,15550101246
,2026-08-13 23:45:00,customer_1247@example.com,2,30.0,60.0,US,USD,15550101247
,2026-08-14 00:00:00,customer_1248@example.com,3,13.0,39.0,US,USD,15550101248
,2026-08-14 00:15:00,customer_1249@example.com,2,27.0,54.0,US,USD,15550101249
,2026-08-14 00:30:00,customer_1250@example.com,4,26.0,104.0,US,USD,15550101250
,2026-08-14 00:45:00,customer_1251@example.com,2,17.0,34.0,US,USD,15550101251
,2026-08-14 01:00:00,customer_1252@example.com,1,10.0,10.0,US,USD,15550101252
,2026-08-14 01:15:00,customer_1253@example.com,3,24.0,72.0,US,USD,15550101253
,2026-08-14 01:30:00,customer_1254@example.com,5,23.0,115.0,US,USD,15550101254
,2026-08-14 01:45:00,customer_1255@example.com,5,22.0,110.0,US,USD,15550101255
,2026-08-14 02:00:00,customer_1256@example.com,2,17.0,34.0,US,USD,15550101256
,2026-08-14 02:15:00,customer_1257@example.com,4,21.0,84.0,US,USD,15550101257
,2026-08-14 02:30:00,customer_1258@example.com,2,18.0,36.0,US,USD,15550101258
,2026-08-14 02:45:00,customer_1259@example.com,2,13.0,26.0,US,USD,15550101259
,2026-08-14 03:00:00,customer_1260@example.com,1,23.0,23.0,US,USD,15550101260
,2026-08-14 03:15:00,customer_1261@example.com,5,10.0,50.0,US,USD,15550101261
,2026-08-14 03:30:00,customer_1262@example.com,2,16.0,32.0,US,USD,15550101262
,2026-08-14 03:45:00,customer_1263@example.com,1,13.0,13.0,US,USD,15550101263
,2026-08-14 04:00:00,customer_1264@example.com,5,11.0,55.0,US,USD,15550101264
,2026-08-14 04:15:00,customer_1265@example.com,4,29.0,116.0,US,USD,15550101265
,2026-08-14 04:30:00,customer_1266@example.com,1,17.0,17.0,US,USD,15550101266
,2026-08-14 04:45:00,customer_1267@example.com,1,22.0,22.0,US,USD,15550101267
,2026-08-14 05:00:00,customer_1268@example.com,4,17.0,68.0,US,USD,15550101268
,2026-08-14 05:15:00,customer_1269@example.com,5,16.0,80.0,US,USD,15550101269
,2026-08-14 05:30:00,customer_1270@example.com,1,14.0,14.0,US,USD,15550101270
,2026-08-14 05:45:00,customer_1271@example.com,5,19.0,95.0,US,USD,15550101271
,2026-08-14 06:00:00,customer_1272@example.com,2,28.0,56.0,US,USD,15550101272
,2026-08-14 06:15:00,customer_1273@example.com,3,28.0,84.0,US,USD,15550101273
,2026-08-14 06:30:00,customer_1274@example.com,5,20.0,100.0,US,USD,15550101274
,2026-08-14 06:45:00,customer_1275@example.com,2,19.0,38.0,US,USD,15550101275
,2026-08-14 07:00:00,customer_1276@example.com,2,26.0,52.0,US,USD,15550101276
,2026-08-14 07:15:00,customer_1277@example.com,2,23.0,46.0,US,USD,15550101277
,2026-08-14 07:30:00,customer_1278@example.com,3,18.0,54.0,US,USD,15550101278
,2026-08-14 07:45:00,customer_1279@example.com,1,27.0,27.0,US,USD,15550101279
,2026-08-14 08:00:00,customer_1280@example.com,5,15.0,75.0,US,USD,15550101280
,2026-08-14 08:15:00,customer_1281@example.com,4,27.0,108.0,US,USD,15550101281
,2026-08-14 08:30:00,customer_1282@example.com,4,11.0,44.0,US,USD,15550101282
,2026-08-14 08:45:00,customer_1283@example.com,3,30.0,90.0,US,USD,15550101283
,2026-08-14 09:00:00,customer_1284@example.com,4,26.0,104.0,US,USD,15550101284
,2026-08-14 09:15:00,customer_1285@example.com,3,23.0,69.0,US,USD,15550101285
,2026-08-14 09:30:00,customer_1286@example.com,4,14.0,56.0,US,USD,15550101286
,2026-08-14 09:45:00,customer_1287@example.com,3,22.0,66.0,US,USD,15550101287
,2026-08-14 10:00:00,customer_1288@example.com,2,27.0,54.0,US,USD,15550101288
,2026-08-14 10:15:00,customer_1289@example.com,4,17.0,68.0,US,USD,15550101289
,2026-08-14 10:30:00,customer_1290@example.com,2,19.0,38.0,US,USD,15550101290
,2026-08-14 10:45:00,customer_1291@example.com,2,24.0,48.0,US,USD,15550101291
,2026-08-14 11:00:00,customer_1292@example.com,1,27.0,27.0,US,USD,15550101292
,2026-08-14 11:15:00,customer_1293@example.com,4,23.0,92.0,US,USD,15550101293
,2026-08-14 11:30:00,customer_1294@example.com,5,26.0,130.0,US,USD,15550101294
,2026-08-14 11:45:00,customer_1295@example.com,2,22.0,44.0,US,USD,15550101295
,2026-08-14 12:00:00,customer_1296@example.com,2,18.0,36.0,US,USD,15550101296
,2026-08-14 12:15:00,customer_1297@example.com,2,20.0,40.0,US,USD,15550101297
,2026-08-14 12:30:00,customer_1298@example.com,1,24.0,24.0,US,USD,15550101298
,2026-08-14 12:45:00,customer_1299@example.com,3,12.0,36.0,US,USD,15550101299
,2026-08-14 13:00:00,customer_1300@example.com,5,16.0,80.0,US,USD,15550101300
,2026-08-14 13:15:00,customer_1301@example.com,1,18.0,18.0,US,USD,15550101301
,2026-08-14 13:30:00,customer_1302@example.com,4,29.0,116.0,US,USD,15550101302
,2026-08-14 13:45:00,customer_1303@example.com,5,11.0,55.0,US,USD,15550101303
,2026-08-14 14:00:00,customer_1304@example.com,1,16.0,16.0,US,USD,15550101304
,2026-08-14 14:15:00,customer_1305@example.com,5,27.0,135.0,US,USD,15550101305
,2026-08-14 14:30:00,customer_1306@example.com,2,25.0,50.0,US,USD,15550101306
,2026-08-14 14:45:00,customer_1307@example.com,2,20.0,40.0,US,USD,15550101307
,2026-08-14 15:00:00,customer_1308@example.com,3,10.0,30.0,US,USD,15550101308
,2026-08-14 15:15:00,customer_1309@example.com,2,16.0,32.0,US,USD,15550101309
,2026-08-14 15:30:00,customer_1310@example.com,1,25.0,25.0,US,USD,15550101310
,2026-08-14 15:45:00,customer_1311@example.com,2,29.0,58.0,US,USD,15550101311
,2026-08-14 16:00:00,customer_1312@example.com,2,22.0,44.0,US,USD,15550101312
,2026-08-14 16:15:00,customer_1313@example.com,2,27.0,54.0,US,USD,15550101313
,2026-08-14 16:30:00,customer_1314@example.com,3,19.0,57.0,US,USD,15550101314
,2026-08-14 16:45:00,customer_1315@example.com,4,24.0,96.0,US,USD,15550101315
,2026-08-14 17:00:00,customer_1316@example.com,5,30.0,150.0,US,USD,15550101316
,2026-08-14 17:15:00,customer_1317@example.com,3,19.0,57.0,US,USD,15550101317
,2026-08-14 17:30:00,customer_1318@example.com,3,21.0,63.0,US,USD,15550101318
,2026-08-14 17:45:00,customer_1319@example.com,5,25.0,125.0,US,USD,15550101319
,2026-08-14 18:00:00,customer_1320@example.com,4,13.0,52.0,US,USD,15550101320
,2026-08-14 18:15:00,customer_1321@example.com,4,20.0,80.0,US,USD,15550101321
,2026-08-14 18:30:00,customer_1322@example.com,2,21.0,42.0,US,USD,15550101322
,2026-08-14 18:45:00,customer_1323@example.com,3,23.0,69.0,US,USD,15550101323
,2026-08-14 19:00:00,customer_1324@example.com,1,28.0,28.0,US,USD,15550101324
,2026-08-14 19:15:00,customer_1325@example.com,2,14.0,28.0,US,USD,15550101325
,2026-08-14 19:30:00,customer_1326@example.com,1,18.0,18.0,US,USD,15550101326
,2026-08-14 19:45:00,customer_1327@example.com,5,28.0,140.0,US,USD,15550101327
,2026-08-14 20:00:00,customer_1328@example.com,5,23.0,115.0,US,USD,15550101328
,2026-08-14 20:15:00,customer_1329@example.com,3,14.0,42.0,US,USD,15550101329
,2026-08-14 20:30:00,customer_1330@example.com,2,20.0,40.0,US,USD,15550101330
,2026-08-14 20:45:00,customer_1331@example.com,2,22.0,44.0,US,USD,15550101331
,2026-08-14 21:00:00,customer_1332@example.com,5,17.0,85.0,US,USD,15550101332
,2026-08-14 21:15:00,customer_1333@example.com,4,27.0,108.0,US,USD,15550101333
,2026-08-14 21:30:00,customer_1334@example.com,3,18.0,54.0,US,USD,15550101334
,2026-08-14 21:45:00,customer_1335@example.com,4,30.0,120.0,US,USD,15550101335
,2026-08-14 22:00:00,customer_1336@example.com,4,24.0,96.0,US,USD,15550101336
,2026-08-14 22:15:00,customer_1337@example.com,2,21.0,42.0,US,USD,15550101337
,2026-08-14 22:30:00,customer_1338@example.com,2,14.0,28.0,US,USD,15550101338
,2026-08-14 22:45:00,customer_1339@example.com,5,25.0,125.0,US,USD,15550101339
,2026-08-14 23:00:00,customer_1340@example.com,2,27.0,54.0,US,USD,15550101340
,2026-08-14 23:15:00,customer_1341@example.com,1,26.0,26.0,US,USD,15550101341
,2026-08-14 23:30:00,customer_1342@example.com,1,12.0,12.0,US,USD,15550101342
,2026-08-14 23:45:00,customer_1343@example.com,1,10.0,10.0,US,USD,15550101343
,2026-08-15 00:00:00,customer_1344@example.com,4,14.0,56.0,US,USD,15550101344
,2026-08-15 00:15:00,customer_1345@example.com,2,12.0,24.0,US,USD,15550101345
,2026-08-15 00:30:00,customer_1346@example.com,2,10.0,20.0,US,USD,15550101346
,2026-08-15 00:45:00,customer_1347@example.com,2,26.0,52.0,US,USD,15550101347
,2026-08-15 01:00:00,customer_1348@example.com,4,21.0,84.0,US,USD,15550101348
,2026-08-15 01:15:00,customer_1349@example.com,1,29.0,29.0,US,USD,15550101349
,2026-08-15 01:30:00,customer_1350@example.com,5,25.0,125.0,US,USD,15550101350
,2026-08-15 01:45:00,customer_1351@example.com,4,10.0,40.0,US,USD,15550101351
,2026-08-15 02:00:00,customer_1352@example.com,1,27.0,27.0,US,USD,15550101352
,2026-08-15 02:15:00,customer_1353@example.com,5,23.0,115.0,US,USD,15550101353
,2026-08-15 02:30:00,customer_1354@example.com,1,10.0,10.0,US,USD,15550101354
,2026-08-15 02:45:00,customer_1355@example.com,5,18.0,90.0,US,USD,15550101355
,2026-08-15 03:00:00,customer_1356@example.com,5,19.0,95.0,US,USD,15550101356
,2026-08-15 03:15:00,customer_1357@example.com,1,26.0,26.0,US,USD,15550101357
,2026-08-15 03:30:00,customer_1358@example.com,4,15.0,60.0,US,USD,15550101358
,2026-08-15 03:45:00,customer_1359@example.com,1,13.0,13.0,US,USD,15550101359
,2026-08-15 04:00:00,customer_1360@example.com,5,14.0,70.0,US,USD,15550101360
,2026-08-15 04:15:00,customer_1361@example.com,2,16.0,32.0,US,USD,15550101361
,2026-08-15 04:30:00,customer_1362@example.com,5,26.0,130.0,US,USD,15550101362
,2026-08-15 04:45:00,customer_1363@example.com,3,21.0,63.0,US,USD,15550101363
,2026-08-15 05:00:00,customer_1364@example.com,3,22.0,66.0,US,USD,15550101364
,2026-08-15 05:15:00,customer_1365@example.com,1,21.0,21.0,US,USD,15550101365
,2026-08-15 05:30:00,customer_1366@example.com,4,24.0,96.0,US,USD,15550101366
,2026-08-15 05:45:00,customer_1367@example.com,5,17.0,85.0,US,USD,15550101367
,2026-08-15 06:00:00,customer_1368@example.com,2,19.0,38.0,US,USD,15550101368
,2026-08-15 06:15:00,customer_1369@example.com,1,30.0,30.0,US,USD,15550101369
,2026-08-15 06:30:00,customer_1370@example.com,1,12.0,12.0,US,USD,15550101370
,2026-08-15 06:45:00,customer_1371@example.com,4,22.0,88.0,US,USD,15550101371
,2026-08-15 07:00:00,customer_1372@example.com,4,27.0,108.0,US,USD,15550101372
,2026-08-15 07:15:00,customer_1373@example.com,4,11.0,44.0,US,USD,15550101373
,2026-08-15 07:30:00,customer_1374@example.com,1,15.0,15.0,US,USD,15550101374
,2026-08-15 07:45:00,customer_1375@example.com,1,25.0,25.0,US,USD,15550101375
,2026-08-15 08:00:00,customer_1376@example.com,4,30.0,120.0,US,USD,15550101376
,2026-08-15 08:15:00,customer_1377@example.com,3,28.0,84.0,US,USD,15550101377
,2026-08-15 08:30:00,customer_1378@example.com,1,26.0,26.0,US,USD,15550101378
,2026-08-15 08:45:00,customer_1379@example.com,1,17.0,17.0,US,USD,15550101379
,2026-08-15 09:00:00,customer_1380@example.com,2,28.0,56.0,US,USD,15550101380
,2026-08-15 09:15:00,customer_1381@example.com,4,18.0,72.0,US,USD,15550101381
,2026-08-15 09:30:00,customer_1382@example.com,1,12.0,12.0,US,USD,15550101382
,2026-08-15 09:45:00,customer_1383@example.com,3,27.0,81.0,US,USD,15550101383
,2026-08-15 10:00:00,customer_1384@example.com,5,11.0,55.0,US,USD,15550101384
,2026-08-15 10:15:00,customer_1385@example.com,2,20.0,40.0,US,USD,15550101385
,2026-08-15 10:30:00,customer_1386@example.com,1,16.0,16.0,US,USD,15550101386
,2026-08-15 10:45:00,customer_1387@example.com,5,14.0,70.0,US,USD,15550101387
,2026-08-15 11:00:00,customer_1388@example.com,4,12.0,48.0,US,USD,15550101388
,2026-08-15 11:15:00,customer_1389@example.com,3,15.0,45.0,US,USD,15550101389
,2026-08-15 11:30:00,customer_1390@example.com,5,17.0,85.0,US,USD,15550101390
,2026-08-15 11:45:00,customer_1391@example.com,5,22.0,110.0,US,USD,15550101391
,2026-08-15 12:00:00,customer_1392@example.com,5,20.0,100.0,US,USD,15550101392
,2026-08-15 12:15:00,customer_1393@example.com,4,14.0,56.0,US,USD,15550101393
,2026-08-15 12:30:00,customer_1394@example.com,1,26.0,26.0,US,USD,15550101394
,2026-08-15 12:45:00,customer_1395@example.com,3,11.0,33.0,US,USD,15550101395
,2026-08-15 13:00:00,customer_1396@example.com,1,23.0,23.0,US,USD,15550101396
,2026-08-15 13:15:00,customer_1397@example.com,2,12.0,24.0,US,USD,15550101397
,2026-08-15 13:30:00,customer_1398@example.com,3,29.0,87.0,US,USD,15550101398
,2026-08-15 13:45:00,customer_1399@example.com,5,29.0,145.0,US,USD,15550101399
,2026-08-15 14:00:00,customer_1400@example.com,4,20.0,80.0,US,USD,15550101400
,2026-08-15 14:15:00,customer_1401@example.com,1,30.0,30.0,US,USD,15550101401
,2026-08-15 14:30:00,customer_1402@example.com,3,24.0,72.0,US,USD,15550101402
,2026-08-15 14:45:00,customer_1403@example.com,4,17.0,68.0,US,USD,15550101403
,2026-08-15 15:00:00,customer_1404@example.com,3,27.0,81.0,US,USD,15550101404
,2026-08-15 15:15:00,customer_1405@example.com,4,23.0,92.0,US,USD,15550101405
,2026-08-15 15:30:00,customer_1406@example.com,2,28.0,56.0,US,USD,15550101406
,2026-08-15 15:45:00,customer_1407@example.com,4,12.0,48.0,US,USD,15550101407
,2026-08-15 16:00:00,customer_1408@example.com,5,19.0,95.0,US,USD,15550101408
,2026-08-15 16:15:00,customer_1409@example.com,2,12.0,24.0,US,USD,15550101409
,2026-08-15 16:30:00,customer_1410@example.com,1,18.0,18.0,US,USD,15550101410
,2026-08-15 16:45:00,customer_1411@example.com,2,22.0,44.0,US,USD,15550101411
,2026-08-15 17:00:00,customer_1412@example.com,2,22.0,44.0,US,USD,15550101412
,2026-08-15 17:15:00,customer_1413@example.com,3,21.0,63.0,US,USD,15550101413
,2026-08-15 17:30:00,customer_1414@example.com,1,12.0,12.0,US,USD,15550101414
,2026-08-15 17:45:00,customer_1415@example.com,1,19.0,19.0,US,USD,15550101415
,2026-08-15 18:00:00,customer_1416@example.com,4,21.0,84.0,US,USD,15550101416
,2026-08-15 18:15:00,customer_1417@example.com,3,13.0,39.0,US,USD,15550101417
,2026-08-15 18:30:00,customer_1418@example.com,2,12.0,24.0,US,USD,15550101418
,2026-08-15 18:45:00,customer_1419@example.com,2,23.0,46.0,US,USD,15550101419
,2026-08-15 19:00:00,customer_1420@example.com,4,27.0,108.0,US,USD,15550101420
,2026-08-15 19:15:00,customer_1421@example.com,5,26.0,130.0,US,USD,15550101421
,2026-08-15 19:30:00,customer_1422@example.com,4,13.0,52.0,US,USD,15550101422
,2026-08-15 19:45:00,customer_1423@example.com,1,12.0,12.0,US,USD,15550101423
,2026-08-15 20:00:00,customer_1424@example.com,3,27.0,81.0,US,USD,15550101424
,2026-08-15 20:15:00,customer_1425@example.com,1,29.0,29.0,US,USD,15550101425
,2026-08-15 20:30:00,customer_1426@example.com,5,20.0,100.0,US,USD,15550101426
,2026-08-15 20:45:00,customer_1427@example.com,4,10.0,40.0,US,USD,15550101427
,2026-08-15 21:00:00,customer_1428@example.com,3,23.0,69.0,US,USD,15550101428
,2026-08-15 21:15:00,customer_1429@example.com,4,12.0,48.0,US,USD,15550101429
,2026-08-15 21:30:00,customer_1430@example.com,5,17.0,85.0,US,USD,15550101430
,2026-08-15 21:45:00,customer_1431@example.com,5,26.0,130.0,US,USD,15550101431
,2026-08-15 22:00:00,customer_1432@example.com,2,22.0,44.0,US,USD,15550101432
,2026-08-15 22:15:00,customer_1433@example.com,2,14.0,28.0,US,USD,15550101433
,2026-08-15 22:30:00,customer_1434@example.com,3,19.0,57.0,US,USD,15550101434
,2026-08-15 22:45:00,customer_1435@example.com,3,25.0,75.0,US,USD,15550101435
,2026-08-15 23:00:00,customer_1436@example.com,2,12.0,24.0,US,USD,15550101436
,2026-08-15 23:15:00,customer_1437@example.com,2,23.0,46.0,US,USD,15550101437
,2026-08-15 23:30:00,customer_1438@example.com,3,23.0,69.0,US,USD,15550101438
,2026-08-15 23:45:00,customer_1439@example.com,3,25.0,75.0,US,USD,15550101439
,2026-08-16 00:00:00,customer_1440@example.com,1,21.0,21.0,US,USD,15550101440
,2026-08-16 00:15:00,customer_1441@example.com,3,17.0,51.0,US,USD,15550101441
,2026-08-16 00:30:00,customer_1442@example.com,4,29.0,116.0,US,USD,15550101442
,2026-08-16 00:45:00,customer_1443@example.com,5,16.0,80.0,US,USD,15550101443
,2026-08-16 01:00:00,customer_1444@example.com,4,13.0,52.0,US,USD,15550101444
,2026-08-16 01:15:00,customer_1445@example.com,2,19.0,38.0,US,USD,15550101445
,2026-08-16 01:30:00,customer_1446@example.com,1,22.0,22.0,US,USD,15550101446
,2026-08-16 01:45:00,customer_1447@example.com,3,29.0,87.0,US,USD,15550101447
,2026-08-16 02:00:00,customer_1448@example.com,4,20.0,80.0,US,USD,15550101448
,2026-08-16 02:15:00,customer_1449@example.com,4,20.0,80.0,US,USD,15550101449
,2026-08-16 02:30:00,customer_1450@example.com,4,30.0,120.0,US,USD,15550101450
,2026-08-16 02:45:00,customer_1451@example.com,5,14.0,70.0,US,USD,15550101451
,2026-08-16 03:00:00,customer_1452@example.com,3,20.0,60.0,US,USD,15550101452
,2026-08-16 03:15:00,customer_1453@example.com,5,16.0,80.0,US,USD,15550101453
,2026-08-16 03:30:00,customer_1454@example.com,4,20.0,80.0,US,USD,15550101454
,2026-08-16 03:45:00,customer_1455@example.com,2,22.0,44.0,US,USD,15550101455
,2026-08-16 04:00:00,customer_1456@example.com,3,19.0,57.0,US,USD,15550101456
,2026-08-16 04:15:00,customer_1457@example.com,4,28.0,112.0,US,USD,15550101457
,2026-08-16 04:30:00,customer_1458@example.com,2,20.0,40.0,US,USD,15550101458
,2026-08-16 04:45:00,customer_1459@example.com,4,18.0,72.0,US,USD,15550101459
,2026-08-16 05:00:00,customer_1460@example.com,4,21.0,84.0,US,USD,15550101460
,2026-08-16 05:15:00,customer_1461@example.com,1,28.0,28.0,US,USD,15550101461
,2026-08-16 05:30:00,customer_1462@example.com,2,28.0,56.0,US,USD,15550101462
,2026-08-16 05:45:00,customer_1463@example.com,5,15.0,75.0,US,USD,15550101463
,2026-08-16 06:00:00,customer_1464@example.com,5,10.0,50.0,US,USD,15550101464
,2026-08-16 06:15:00,customer_1465@example.com,4,16.0,64.0,US,USD,15550101465
,2026-08-16 06:30:00,customer_1466@example.com,4,19.0,76.0,US,USD,15550101466
,2026-08-16 06:45:00,customer_1467@example.com,1,23.0,23.0,US,USD,15550101467
,2026-08-16 07:00:00,customer_1468@example.com,4,14.0,56.0,US,USD,15550101468
,2026-08-16 07:15:00,customer_1469@example.com,3,17.0,51.0,US,USD,15550101469
,2026-08-16 07:30:00,customer_1470@example.com,3,14.0,42.0,US,USD,15550101470
,2026-08-16 07:45:00,customer_1471@example.com,4,22.0,88.0,US,USD,15550101471
,2026-08-16 08:00:00,customer_1472@example.com,1,24.0,24.0,US,USD,15550101472
,2026-08-16 08:15:00,customer_1473@example.com,5,25.0,125.0,US,USD,15550101473
,2026-08-16 08:30:00,customer_1474@example.com,5,22.0,110.0,US,USD,15550101474
,2026-08-16 08:45:00,customer_1475@example.com,5,26.0,130.0,US,USD,15550101475
,2026-08-16 09:00:00,customer_1476@example.com,4,27.0,108.0,US,USD,15550101476
,2026-08-16 09:15:00,customer_1477@example.com,1,21.0,21.0,US,USD,15550101477
,2026-08-16 09:30:00,customer_1478@example.com,5,29.0,145.0,US,USD,15550101478
,2026-08-16 09:45:00,customer_1479@example.com,1,13.0,13.0,US,USD,15550101479
,2026-08-16 10:00:00,customer_1480@example.com,2,21.0,42.0,US,USD,15550101480
,2026-08-16 10:15:00,customer_1481@example.com,2,30.0,60.0,US,USD,15550101481
,2026-08-16 10:30:00,customer_1482@example.com,5,11.0,55.0,US,USD,15550101482
,2026-08-16 10:45:00,customer_1483@example.com,5,30.0,150.0,US,USD,15550101483
,2026-08-16 11:00:00,customer_1484@example.com,4,20.0,80.0,US,USD,15550101484
,2026-08-16 11:15:00,customer_1485@example.com,4,13.0,52.0,US,USD,15550101485
,2026-08-16 11:30:00,customer_1486@example.com,1,13.0,13.0,US,USD,15550101486
,2026-08-16 11:45:00,customer_1487@example.com,3,17.0,51.0,US,USD,15550101487
,2026-08-16 12:00:00,customer_1488@example.com,5,26.0,130.0,US,USD,15550101488
,2026-08-16 12:15:00,customer_1489@example.com,5,28.0,140.0,US,USD,15550101489
,2026-08-16 12:30:00,customer_1490@example.com,5,17.0,85.0,US,USD,15550101490
,2026-08-16 12:45:00,customer_1491@example.com,4,21.0,84.0,US,USD,15550101491
,2026-08-16 13:00:00,customer_1492@example.com,4,24.0,96.0,US,USD,15550101492
,2026-08-16 13:15:00,customer_1493@example.com,5,26.0,130.0,US,USD,15550101493
,2026-08-16 13:30:00,customer_1494@example.com,2,21.0,42.0,US,USD,15550101494
,2026-08-16 13:45:00,customer_1495@example.com,1,25.0,25.0,US,USD,15550101495
,2026-08-16 14:00:00,customer_1496@example.com,1,19.0,19.0,US,USD,15550101496
,2026-08-16 14:15:00,customer_1497@example.com,4,12.0,48.0,US,USD,15550101497
,2026-08-16 14:30:00,customer_1498@example.com,1,14.0,14.0,US,USD,15550101498
,2026-08-16 14:45:00,customer_1499@example.com,3,19.0,57.0,US,USD,15550101499
,2026-08-16 15:00:00,customer_1500@example.com,3,24.0,72.0,US,USD,15550101500
,2026-08-16 15:15:00,customer_1501@example.com,2,26.0,52.0,US,USD,15550101501
,2026-08-16 15:30:00,customer_1502@example.com,4,21.0,84.0,US,USD,15550101502
,2026-08-16 15:45:00,customer_1503@example.com,4,13.0,52.0,US,USD,15550101503
,2026-08-16 16:00:00,customer_1504@example.com,4,24.0,96.0,US,USD,15550101504
,2026-08-16 16:15:00,customer_1505@example.com,3,12.0,36.0,US,USD,15550101505
,2026-08-16 16:30:00,customer_1506@example.com,3,11.0,33.0,US,USD,15550101506
,2026-08-16 16:45:00,customer_1507@example.com,1,10.0,10.0,US,USD,15550101507
,2026-08-16 17:00:00,customer_1508@example.com,3,30.0,90.0,US,USD,15550101508
,2026-08-16 17:15:00,customer_1509@example.com,1,15.0,15.0,US,USD,15550101509
,2026-08-16 17:30:00,customer_1510@example.com,2,26.0,52.0,US,USD,15550101510
,2026-08-16 17:45:00,customer_1511@example.com,2,27.0,54.0,US,USD,15550101511
,2026-08-16 18:00:00,customer_1512@example.com,2,20.0,40.0,US,USD,15550101512
,2026-08-16 18:15:00,customer_1513@example.com,5,23.0,115.0,US,USD,15550101513
,2026-08-16 18:30:00,customer_1514@example.com,4,17.0,68.0,US,USD,15550101514
,2026-08-16 18:45:00,customer_1515@example.com,4,30.0,120.0,US,USD,15550101515
,2026-08-16 19:00:00,customer_1516@example.com,2,15.0,30.0,US,USD,15550101516
,2026-08-16 19:15:00,customer_1517@example.com,4,22.0,88.0,US,USD,15550101517
,2026-08-16 19:30:00,customer_1518@example.com,1,29.0,29.0,US,USD,15550101518
,2026-08-16 19:45:00,customer_1519@example.com,2,24.0,48.0,US,USD,15550101519
,2026-08-16 20:00:00,customer_1520@example.com,5,23.0,115.0,US,USD,15550101520
,2026-08-16 20:15:00,customer_1521@example.com,4,10.0,40.0,US,USD,15550101521
,2026-08-16 20:30:00,customer_1522@example.com,2,16.0,32.0,US,USD,15550101522
,2026-08-16 20:45:00,customer_1523@example.com,3,12.0,36.0,US,USD,15550101523
,2026-08-16 21:00:00,customer_1524@example.com,5,13.0,65.0,US,USD,15550101524
,2026-08-16 21:15:00,customer_1525@example.com,5,15.0,75.0,US,USD,15550101525
,2026-08-16 21:30:00,customer_1526@example.com,3,20.0,60.0,US,USD,15550101526
,2026-08-16 21:45:00,customer_1527@example.com,2,24.0,48.0,US,USD,15550101527
,2026-08-16 22:00:00,customer_1528@example.com,1,18.0,18.0,US,USD,15550101528
,2026-08-16 22:15:00,customer_1529@example.com,4,26.0,104.0,US,USD,15550101529
,2026-08-16 22:30:00,customer_1530@example.com,3,29.0,87.0,US,USD,15550101530
,2026-08-16 22:45:00,customer_1531@example.com,4,29.0,116.0,US,USD,15550101531
,2026-08-16 23:00:00,customer_1532@example.com,4,28.0,112.0,US,USD,15550101532
,2026-08-16 23:15:00,customer_1533@example.com,1,21.0,21.0,US,USD,15550101533
,2026-08-16 23:30:00,customer_1534@example.com,3,24.0,72.0,US,USD,15550101534
,2026-08-16 23:45:00,customer_1535@example.com,5,15.0,75.0,US,USD,15550101535
,2026-08-17 00:00:00,customer_1536@example.com,3,29.0,87.0,US,USD,15550101536
,2026-08-17 00:15:00,customer_1537@example.com,5,12.0,60.0,US,USD,15550101537
,2026-08-17 00:30:00,customer_1538@example.com,2,20.0,40.0,US,USD,15550101538
,2026-08-17 00:45:00,customer_1539@example.com,1,17.0,17.0,US,USD,15550101539
,2026-08-17 01:00:00,customer_1540@example.com,3,13.0,39.0,US,USD,15550101540
,2026-08-17 01:15:00,customer_1541@example.com,2,21.0,42.0,US,USD,15550101541
,2026-08-17 01:30:00,customer_1542@example.com,2,26.0,52.0,US,USD,15550101542
,2026-08-17 01:45:00,customer_1543@example.com,4,23.0,92.0,US,USD,15550101543
,2026-08-17 02:00:00,customer_1544@example.com,5,14.0,70.0,US,USD,15550101544
,2026-08-17 02:15:00,customer_1545@example.com,5,22.0,110.0,US,USD,15550101545
,2026-08-17 02:30:00,customer_1546@example.com,4,15.0,60.0,US,USD,15550101546
,2026-08-17 02:45:00,customer_1547@example.com,4,30.0,120.0,US,USD,15550101547
,2026-08-17 03:00:00,customer_1548@example.com,5,30.0,150.0,US,USD,15550101548
,2026-08-17 03:15:00,customer_1549@example.com,2,27.0,54.0,US,USD,15550101549
,2026-08-17 03:30:00,customer_1550@example.com,2,25.0,50.0,US,USD,15550101550
,2026-08-17 03:45:00,customer_1551@example.com,3,14.0,42.0,US,USD,15550101551
,2026-08-17 04:00:00,customer_1552@example.com,2,20.0,40.0,US,USD,15550101552
,2026-08-17 04:15:00,customer_1553@example.com,4,29.0,116.0,US,USD,15550101553
,2026-08-17 04:30:00,customer_1554@example.com,1,21.0,21.0,US,USD,15550101554
,2026-08-17 04:45:00,customer_1555@example.com,1,25.0,25.0,US,USD,15550101555
,2026-08-17 05:00:00,customer_1556@example.com,2,16.0,32.0,US,USD,15550101556
,2026-08-17 05:15:00,customer_1557@example.com,4,27.0,108.0,US,USD,15550101557
,2026-08-17 05:30:00,customer_1558@example.com,5,30.0,150.0,US,USD,15550101558
,2026-08-17 05:45:00,customer_1559@example.com,4,23.0,92.0,US,USD,15550101559
,2026-08-17 06:00:00,customer_1560@example.com,4,23.0,92.0,US,USD,15550101560
,2026-08-17 06:15:00,customer_1561@example.com,4,25.0,100.0,US,USD,15550101561
,2026-08-17 06:30:00,customer_1562@example.com,2,12.0,24.0,US,USD,15550101562
,2026-08-17 06:45:00,customer_1563@example.com,5,10.0,50.0,US,USD,15550101563
,2026-08-17 07:00:00,customer_1564@example.com,2,19.0,38.0,US,USD,15550101564
,2026-08-17 07:15:00,customer_1565@example.com,1,18.0,18.0,US,USD,15550101565
,2026-08-17 07:30:00,customer_1566@example.com,2,27.0,54.0,US,USD,15550101566
,2026-08-17 07:45:00,customer_1567@example.com,3,15.0,45.0,US,USD,15550101567
,2026-08-17 08:00:00,customer_1568@example.com,4,28.0,112.0,US,USD,15550101568
,2026-08-17 08:15:00,customer_1569@example.com,4,27.0,108.0,US,USD,15550101569
,2026-08-17 08:30:00,customer_1570@example.com,5,13.0,65.0,US,USD,15550101570
,2026-08-17 08:45:00,customer_1571@example.com,5,13.0,65.0,US,USD,15550101571
,2026-08-17 09:00:00,customer_1572@example.com,3,27.0,81.0,US,USD,15550101572
,2026-08-17 09:15:00,customer_1573@example.com,3,27.0,81.0,US,USD,15550101573
,2026-08-17 09:30:00,customer_1574@example.com,1,24.0,24.0,US,USD,15550101574
,2026-08-17 09:45:00,customer_1575@example.com,5,16.0,80.0,US,USD,15550101575
,2026-08-17 10:00:00,customer_1576@example.com,4,13.0,52.0,US,USD,15550101576
,2026-08-17 10:15:00,customer_1577@example.com,2,19.0,38.0,US,USD,15550101577
,2026-08-17 10:30:00,customer_1578@example.com,1,24.0,24.0,US,USD,15550101578
,2026-08-17 10:45:00,customer_1579@example.com,3,21.0,63.0,US,USD,15550101579
,2026-08-17 11:00:00,customer_1580@example.com,1,24.0,24.0,US,USD,15550101580
,2026-08-17 11:15:00,customer_1581@example.com,1,17.0,17.0,US,USD,15550101581
,2026-08-17 11:30:00,customer_1582@example.com,2,28.0,56.0,US,USD,15550101582
,2026-08-17 11:45:00,customer_1583@example.com,3,29.0,87.0,US,USD,15550101583
,2026-08-17 12:00:00,customer_1584@example.com,4,15.0,60.0,US,USD,15550101584
,2026-08-17 12:15:00,customer_1585@example.com,5,14.0,70.0,US,USD,15550101585
,2026-08-17 12:30:00,customer_1586@example.com,2,16.0,32.0,US,USD,15550101586
,2026-08-17 12:45:00,customer_1587@example.com,1,28.0,28.0,US,USD,15550101587
,2026-08-17 13:00:00,customer_1588@example.com,3,27.0,81.0,US,USD,15550101588
,2026-08-17 13:15:00,customer_1589@example.com,3,29.0,87.0,US,USD,15550101589
,2026-08-17 13:30:00,customer_1590@example.com,5,15.0,75.0,US,USD,15550101590
,2026-08-17 13:45:00,customer_1591@example.com,3,19.0,57.0,US,USD,15550101591
,2026-08-17 14:00:00,customer_1592@example.com,3,28.0,84.0,US,USD,15550101592
,2026-08-17 14:15:00,customer_1593@example.com,3,26.0,78.0,US,USD,15550101593
,2026-08-17 14:30:00,customer_1594@example.com,1,14.0,14.0,US,USD,15550101594
,2026-08-17 14:45:00,customer_1595@example.com,4,11.0,44.0,US,USD,15550101595
,2026-08-17 15:00:00,customer_1596@example.com,3,30.0,90.0,US,USD,15550101596
,2026-08-17 15:15:00,customer_1597@example.com,2,14.0,28.0,US,USD,15550101597
,2026-08-17 15:30:00,customer_1598@example.com,2,14.0,28.0,US,USD,15550101598
,2026-08-17 15:45:00,customer_1599@example.com,3,17.0,51.0,US,USD,15550101599
,2026-08-17 16:00:00,customer_1600@example.com,4,25.0,100.0,US,USD,15550101600
,2026-08-17 16:15:00,customer_1601@example.com,2,28.0,56.0,US,USD,15550101601
,2026-08-17 16:30:00,customer_1602@example.com,3,30.0,90.0,US,USD,15550101602
,2026-08-17 16:45:00,customer_1603@example.com,4,22.0,88.0,US,USD,15550101603
,2026-08-17 17:00:00,customer_1604@example.com,4,12.0,48.0,US,USD,15550101604
,2026-08-17 17:15:00,customer_1605@example.com,1,22.0,22.0,US,USD,15550101605
,2026-08-17 17:30:00,customer_1606@example.com,5,18.0,90.0,US,USD,15550101606
,2026-08-17 17:45:00,customer_1607@example.com,3,24.0,72.0,US,USD,15550101607
,2026-08-17 18:00:00,customer_1608@example.com,4,20.0,80.0,US,USD,15550101608
,2026-08-17 18:15:00,customer_1609@example.com,5,10.0,50.0,US,USD,15550101609
,2026-08-17 18:30:00,customer_1610@example.com,1,24.0,24.0,US,USD,15550101610
,2026-08-17 18:45:00,customer_1611@example.com,3,12.0,36.0,US,USD,15550101611
,2026-08-17 19:00:00,customer_1612@example.com,5,22.0,110.0,US,USD,15550101612
,2026-08-17 19:15:00,customer_1613@example.com,2,23.0,46.0,US,USD,15550101613
,2026-08-17 19:30:00,customer_1614@example.com,2,25.0,50.0,US,USD,15550101614
,2026-08-17 19:45:00,customer_1615@example.com,3,20.0,60.0,US,USD,15550101615
,2026-08-17 20:00:00,customer_1616@example.com,3,20.0,60.0,US,USD,15550101616
,2026-08-17 20:15:00,customer_1617@example.com,5,28.0,140.0,US,USD,15550101617
,2026-08-17 20:30:00,customer_1618@example.com,2,28.0,56.0,US,USD,15550101618
,2026-08-17 20:45:00,customer_1619@example.com,4,20.0,80.0,US,USD,15550101619
,2026-08-17 21:00:00,customer_1620@example.com,1,11.0,11.0,US,USD,15550101620
,2026-08-17 21:15:00,customer_1621@example.com,1,30.0,30.0,US,USD,15550101621
,2026-08-17 21:30:00,customer_1622@example.com,4,10.0,40.0,US,USD,15550101622
,2026-08-17 21:45:00,customer_1623@example.com,1,15.0,15.0,US,USD,15550101623
,2026-08-17 22:00:00,customer_1624@example.com,4,24.0,96.0,US,USD,15550101624
,2026-08-17 22:15:00,customer_1625@example.com,1,23.0,23.0,US,USD,15550101625
,2026-08-17 22:30:00,customer_1626@example.com,2,14.0,28.0,US,USD,15550101626
,2026-08-17 22:45:00,customer_1627@example.com,3,15.0,45.0,US,USD,15550101627
,2026-08-17 23:00:00,customer_1628@example.com,3,12.0,36.0,US,USD,15550101628
,2026-08-17 23:15:00,customer_1629@example.com,3,18.0,54.0,US,USD,15550101629
,2026-08-17 23:30:00,customer_1630@example.com,1,21.0,21.0,US,USD,15550101630
,2026-08-17 23:45:00,customer_1631@example.com,2,11.0,22.0,US,USD,15550101631
,2026-08-18 00:00:00,customer_1632@example.com,4,30.0,120.0,US,USD,15550101632
,2026-08-18 00:15:00,customer_1633@example.com,3,17.0,51.0,US,USD,15550101633
,2026-08-18 00:30:00,customer_1634@example.com,4,30.0,120.0,US,USD,15550101634
,2026-08-18 00:45:00,customer_1635@example.com,1,13.0,13.0,US,USD,15550101635
,2026-08-18 01:00:00,customer_1636@example.com,1,16.0,16.0,US,USD,15550101636
,2026-08-18 01:15:00,customer_1637@example.com,4,12.0,48.0,US,USD,15550101637
,2026-08-18 01:30:00,customer_1638@example.com,2,28.0,56.0,US,USD,15550101638
,2026-08-18 01:45:00,customer_1639@example.com,2,26.0,52.0,US,USD,15550101639
,2026-08-18 02:00:00,customer_1640@example.com,4,10.0,40.0,US,USD,15550101640
,2026-08-18 02:15:00,customer_1641@example.com,1,20.0,20.0,US,USD,15550101641
,2026-08-18 02:30:00,customer_1642@example.com,1,23.0,23.0,US,USD,15550101642
,2026-08-18 02:45:00,customer_1643@example.com,2,25.0,50.0,US,USD,15550101643
,2026-08-18 03:00:00,customer_1644@example.com,1,17.0,17.0,US,USD,15550101644
,2026-08-18 03:15:00,customer_1645@example.com,4,12.0,48.0,US,USD,15550101645
,2026-08-18 03:30:00,customer_1646@example.com,1,13.0,13.0,US,USD,15550101646
,2026-08-18 03:45:00,customer_1647@example.com,3,21.0,63.0,US,USD,15550101647
,2026-08-18 04:00:00,customer_1648@example.com,3,14.0,42.0,US,USD,15550101648
,2026-08-18 04:15:00,customer_1649@example.com,4,14.0,56.0,US,USD,15550101649
,2026-08-18 04:30:00,customer_1650@example.com,2,12.0,24.0,US,USD,15550101650
,2026-08-18 04:45:00,customer_1651@example.com,5,28.0,140.0,US,USD,15550101651
,2026-08-18 05:00:00,customer_1652@example.com,1,29.0,29.0,US,USD,15550101652
,2026-08-18 05:15:00,customer_1653@example.com,2,24.0,48.0,US,USD,15550101653
,2026-08-18 05:30:00,customer_1654@example.com,3,16.0,48.0,US,USD,15550101654
,2026-08-18 05:45:00,customer_1655@example.com,2,23.0,46.0,US,USD,15550101655
,2026-08-18 06:00:00,customer_1656@example.com,5,24.0,120.0,US,USD,15550101656
,2026-08-18 06:15:00,customer_1657@example.com,2,12.0,24.0,US,USD,15550101657
,2026-08-18 06:30:00,customer_1658@example.com,1,14.0,14.0,US,USD,15550101658
,2026-08-18 06:45:00,customer_1659@example.com,1,28.0,28.0,US,USD,15550101659
,2026-08-18 07:00:00,customer_1660@example.com,4,21.0,84.0,US,USD,15550101660
,2026-08-18 07:15:00,customer_1661@example.com,4,20.0,80.0,US,USD,15550101661
,2026-08-18 07:30:00,customer_1662@example.com,2,17.0,34.0,US,USD,15550101662
,2026-08-18 07:45:00,customer_1663@example.com,3,30.0,90.0,US,USD,15550101663
,2026-08-18 08:00:00,customer_1664@example.com,1,17.0,17.0,US,USD,15550101664
,2026-08-18 08:15:00,customer_1665@example.com,5,29.0,145.0,US,USD,15550101665
,2026-08-18 08:30:00,customer_1666@example.com,5,29.0,145.0,US,USD,15550101666
,2026-08-18 08:45:00,customer_1667@example.com,3,10.0,30.0,US,USD,15550101667
,2026-08-18 09:00:00,customer_1668@example.com,3,16.0,48.0,US,USD,15550101668
,2026-08-18 09:15:00,customer_1669@example.com,5,29.0,145.0,US,USD,15550101669
,2026-08-18 09:30:00,customer_1670@example.com,5,16.0,80.0,US,USD,15550101670
,2026-08-18 09:45:00,customer_1671@example.com,4,19.0,76.0,US,USD,15550101671
,2026-08-18 10:00:00,customer_1672@example.com,1,17.0,17.0,US,USD,15550101672
,2026-08-18 10:15:00,customer_1673@example.com,4,22.0,88.0,US,USD,15550101673
,2026-08-18 10:30:00,customer_1674@example.com,1,17.0,17.0,US,USD,15550101674
,2026-08-18 10:45:00,customer_1675@example.com,4,30.0,120.0,US,USD,15550101675
,2026-08-18 11:00:00,customer_1676@example.com,5,12.0,60.0,US,USD,15550101676
,2026-08-18 11:15:00,customer_1677@example.com,5,10.0,50.0,US,USD,15550101677
,2026-08-18 11:30:00,customer_1678@example.com,3,20.0,60.0,US,USD,15550101678
,2026-08-18 11:45:00,customer_1679@example.com,2,22.0,44.0,US,USD,15550101679
,2026-08-18 12:00:00,customer_1680@example.com,5,23.0,115.0,US,USD,15550101680
,2026-08-18 12:15:00,customer_1681@example.com,3,27.0,81.0,US,USD,15550101681
,2026-08-18 12:30:00,customer_1682@example.com,2,25.0,50.0,US,USD,15550101682
,2026-08-18 12:45:00,customer_1683@example.com,1,10.0,10.0,US,USD,15550101683
,2026-08-18 13:00:00,customer_1684@example.com,5,12.0,60.0,US,USD,15550101684
,2026-08-18 13:15:00,customer_1685@example.com,1,18.0,18.0,US,USD,15550101685
,2026-08-18 13:30:00,customer_1686@example.com,2,11.0,22.0,US,USD,15550101686
,2026-08-18 13:45:00,customer_1687@example.com,1,22.0,22.0,US,USD,15550101687
,2026-08-18 14:00:00,customer_1688@example.com,5,19.0,95.0,US,USD,15550101688
,2026-08-18 14:15:00,customer_1689@example.com,5,23.0,115.0,US,USD,15550101689
,2026-08-18 14:30:00,customer_1690@example.com,4,22.0,88.0,US,USD,15550101690
,2026-08-18 14:45:00,customer_1691@example.com,1,30.0,30.0,US,USD,15550101691
,2026-08-18 15:00:00,customer_1692@example.com,5,27.0,135.0,US,USD,15550101692
,2026-08-18 15:15:00,customer_1693@example.com,5,14.0,70.0,US,USD,15550101693
,2026-08-18 15:30:00,customer_1694@example.com,3,12.0,36.0,US,USD,15550101694
,2026-08-18 15:45:00,customer_1695@example.com,3,12.0,36.0,US,USD,15550101695
,2026-08-18 16:00:00,customer_1696@example.com,5,16.0,80.0,US,USD,15550101696
,2026-08-18 16:15:00,customer_1697@example.com,2,27.0,54.0,US,USD,15550101697
,2026-08-18 16:30:00,customer_1698@example.com,3,22.0,66.0,US,USD,15550101698
,2026-08-18 16:45:00,customer_1699@example.com,5,30.0,150.0,US,USD,15550101699
,2026-08-18 17:00:00,customer_1700@example.com,1,19.0,19.0,US,USD,15550101700
,2026-08-18 17:15:00,customer_1701@example.com,4,17.0,68.0,US,USD,15550101701
,2026-08-18 17:30:00,customer_1702@example.com,1,17.0,17.0,US,USD,15550101702
,2026-08-18 17:45:00,customer_1703@example.com,1,23.0,23.0,US,USD,15550101703
,2026-08-18 18:00:00,customer_1704@example.com,1,24.0,24.0,US,USD,15550101704
,2026-08-18 18:15:00,customer_1705@example.com,5,29.0,145.0,US,USD,15550101705
,2026-08-18 18:30:00,customer_1706@example.com,1,19.0,19.0,US,USD,15550101706
,2026-08-18 18:45:00,customer_1707@example.com,2,13.0,26.0,US,USD,15550101707
,2026-08-18 19:00:00,customer_1708@example.com,1,14.0,14.0,US,USD,15550101708
,2026-08-18 19:15:00,customer_1709@example.com,1,15.0,15.0,US,USD,15550101709
,2026-08-18 19:30:00,customer_1710@example.com,4,21.0,84.0,US,USD,15550101710
,2026-08-18 19:45:00,customer_1711@example.com,5,26.0,130.0,US,USD,15550101711
,2026-08-18 20:00:00,customer_1712@example.com,3,15.0,45.0,US,USD,15550101712
,2026-08-18 20:15:00,customer_1713@example.com,3,14.0,42.0,US,USD,15550101713
,2026-08-18 20:30:00,customer_1714@example.com,3,13.0,39.0,US,USD,15550101714
,2026-08-18 20:45:00,customer_1715@example.com,1,20.0,20.0,US,USD,15550101715
,2026-08-18 21:00:00,customer_1716@example.com,4,18.0,72.0,US,USD,15550101716
,2026-08-18 21:15:00,customer_1717@example.com,5,12.0,60.0,US,USD,15550101717
,2026-08-18 21:30:00,customer_1718@example.com,3,28.0,84.0,US,USD,15550101718
,2026-08-18 21:45:00,customer_1719@example.com,1,25.0,25.0,US,USD,15550101719
,2026-08-18 22:00:00,customer_1720@example.com,4,26.0,104.0,US,USD,15550101720
,2026-08-18 22:15:00,customer_1721@example.com,3,11.0,33.0,US,USD,15550101721
,2026-08-18 22:30:00,customer_1722@example.com,4,28.0,112.0,US,USD,15550101722
,2026-08-18 22:45:00,customer_1723@example.com,2,21.0,42.0,US,USD,15550101723
,2026-08-18 23:00:00,customer_1724@example.com,2,18.0,36.0,US,USD,15550101724
,2026-08-18 23:15:00,customer_1725@example.com,1,28.0,28.0,US,USD,15550101725
,2026-08-18 23:30:00,customer_1726@example.com,1,17.0,17.0,US,USD,15550101726
,2026-08-18 23:45:00,customer_1727@example.com,5,10.0,50.0,US,USD,15550101727
,2026-08-19 00:00:00,customer_1728@example.com,1,10.0,10.0,US,USD,15550101728
,2026-08-19 00:15:00,customer_1729@example.com,2,11.0,22.0,US,USD,15550101729
,2026-08-19 00:30:00,customer_1730@example.com,4,21.0,84.0,US,USD,15550101730
,2026-08-19 00:45:00,customer_1731@example.com,4,14.0,56.0,US,USD,15550101731
,2026-08-19 01:00:00,customer_1732@example.com,2,11.0,22.0,US,USD,15550101732
,2026-08-19 01:15:00,customer_1733@example.com,5,30.0,150.0,US,USD,15550101733
,2026-08-19 01:30:00,customer_1734@example.com,4,17.0,68.0,US,USD,15550101734
,2026-08-19 01:45:00,customer_1735@example.com,3,17.0,51.0,US,USD,15550101735
,2026-08-19 02:00:00,customer_1736@example.com,4,20.0,80.0,US,USD,15550101736
,2026-08-19 02:15:00,customer_1737@example.com,3,12.0,36.0,US,USD,15550101737
,2026-08-19 02:30:00,customer_1738@example.com,5,21.0,105.0,US,USD,15550101738
,2026-08-19 02:45:00,customer_1739@example.com,1,26.0,26.0,US,USD,15550101739
,2026-08-19 03:00:00,customer_1740@example.com,1,15.0,15.0,US,USD,15550101740
,2026-08-19 03:15:00,customer_1741@example.com,2,26.0,52.0,US,USD,15550101741
,2026-08-19 03:30:00,customer_1742@example.com,1,22.0,22.0,US,USD,15550101742
,2026-08-19 03:45:00,customer_1743@example.com,1,24.0,24.0,US,USD,15550101743
,2026-08-19 04:00:00,customer_1744@example.com,3,19.0,57.0,US,USD,15550101744
,2026-08-19 04:15:00,customer_1745@example.com,3,12.0,36.0,US,USD,15550101745
,2026-08-19 04:30:00,customer_1746@example.com,5,24.0,120.0,US,USD,15550101746
,2026-08-19 04:45:00,customer_1747@example.com,1,21.0,21.0,US,USD,15550101747
,2026-08-19 05:00:00,customer_1748@example.com,2,19.0,38.0,US,USD,15550101748
,2026-08-19 05:15:00,customer_1749@example.com,5,19.0,95.0,US,USD,15550101749
,2026-08-19 05:30:00,customer_1750@example.com,5,17.0,85.0,US,USD,15550101750
,2026-08-19 05:45:00,customer_1751@example.com,4,21.0,84.0,US,USD,15550101751
,2026-08-19 06:00:00,customer_1752@example.com,5,25.0,125.0,US,USD,15550101752
,2026-08-19 06:15:00,customer_1753@example.com,2,27.0,54.0,US,USD,15550101753
,2026-08-19 06:30:00,customer_1754@example.com,2,14.0,28.0,US,USD,15550101754
,2026-08-19 06:45:00,customer_1755@example.com,1,23.0,23.0,US,USD,15550101755
,2026-08-19 07:00:00,customer_1756@example.com,1,17.0,17.0,US,USD,15550101756
,2026-08-19 07:15:00,customer_1757@example.com,5,21.0,105.0,US,USD,15550101757
,2026-08-19 07:30:00,customer_1758@example.com,1,20.0,20.0,US,USD,15550101758
,2026-08-19 07:45:00,customer_1759@example.com,1,22.0,22.0,US,USD,15550101759
,2026-08-19 08:00:00,customer_1760@example.com,3,13.0,39.0,US,USD,15550101760
,2026-08-19 08:15:00,customer_1761@example.com,2,26.0,52.0,US,USD,15550101761
,2026-08-19 08:30:00,customer_1762@example.com,2,23.0,46.0,US,USD,15550101762
,2026-08-19 08:45:00,customer_1763@example.com,4,11.0,44.0,US,USD,15550101763
,2026-08-19 09:00:00,customer_1764@example.com,2,18.0,36.0,US,USD,15550101764
,2026-08-19 09:15:00,customer_1765@example.com,1,11.0,11.0,US,USD,15550101765
,2026-08-19 09:30:00,customer_1766@example.com,2,26.0,52.0,US,USD,15550101766
,2026-08-19 09:45:00,customer_1767@example.com,4,21.0,84.0,US,USD,15550101767
,2026-08-19 10:00:00,customer_1768@example.com,4,12.0,48.0,US,USD,15550101768
,2026-08-19 10:15:00,customer_1769@example.com,5,13.0,65.0,US,USD,15550101769
,2026-08-19 10:30:00,customer_1770@example.com,5,14.0,70.0,US,USD,15550101770
,2026-08-19 10:45:00,customer_1771@example.com,4,12.0,48.0,US,USD,15550101771
,2026-08-19 11:00:00,customer_1772@example.com,5,28.0,140.0,US,USD,15550101772
,2026-08-19 11:15:00,customer_1773@example.com,1,23.0,23.0,US,USD,15550101773
,2026-08-19 11:30:00,customer_1774@example.com,2,17.0,34.0,US,USD,15550101774
,2026-08-19 11:45:00,customer_1775@example.com,3,18.0,54.0,US,USD,15550101775
,2026-08-19 12:00:00,customer_1776@example.com,3,22.0,66.0,US,USD,15550101776
,2026-08-19 12:15:00,customer_1777@example.com,3,20.0,60.0,US,USD,15550101777
,2026-08-19 12:30:00,customer_1778@example.com,4,18.0,72.0,US,USD,15550101778
,2026-08-19 12:45:00,customer_1779@example.com,2,12.0,24.0,US,USD,15550101779
,2026-08-19 13:00:00,customer_1780@example.com,2,14.0,28.0,US,USD,15550101780
,2026-08-19 13:15:00,customer_1781@example.com,5,13.0,65.0,US,USD,15550101781
,2026-08-19 13:30:00,customer_1782@example.com,2,13.0,26.0,US,USD,15550101782
,2026-08-19 13:45:00,customer_1783@example.com,2,24.0,48.0,US,USD,15550101783
,2026-08-19 14:00:00,customer_1784@example.com,4,20.0,80.0,US,USD,15550101784
,2026-08-19 14:15:00,customer_1785@example.com,4,13.0,52.0,US,USD,15550101785
,2026-08-19 14:30:00,customer_1786@example.com,5,21.0,105.0,US,USD,15550101786
,2026-08-19 14:45:00,customer_1787@example.com,2,24.0,48.0,US,USD,15550101787
,2026-08-19 15:00:00,customer_1788@example.com,3,24.0,72.0,US,USD,15550101788
,2026-08-19 15:15:00,customer_1789@example.com,3,13.0,39.0,US,USD,15550101789
,2026-08-19 15:30:00,customer_1790@example.com,1,15.0,15.0,US,USD,15550101790
,2026-08-19 15:45:00,customer_1791@example.com,3,29.0,87.0,US,USD,15550101791
,2026-08-19 16:00:00,customer_1792@example.com,1,16.0,16.0,US,USD,15550101792
,2026-08-19 16:15:00,customer_1793@example.com,3,14.0,42.0,US,USD,15550101793
,2026-08-19 16:30:00,customer_1794@example.com,1,17.0,17.0,US,USD,15550101794
,2026-08-19 16:45:00,customer_1795@example.com,3,22.0,66.0,US,USD,15550101795
,2026-08-19 17:00:00,customer_1796@example.com,5,11.0,55.0,US,USD,15550101796
,2026-08-19 17:15:00,customer_1797@example.com,3,18.0,54.0,US,USD,15550101797
,2026-08-19 17:30:00,customer_1798@example.com,2,10.0,20.0,US,USD,15550101798
,2026-08-19 17:45:00,customer_1799@example.com,4,24.0,96.0,US,USD,15550101799
,2026-08-19 18:00:00,customer_1800@example.com,5,27.0,135.0,US,USD,15550101800
,2026-08-19 18:15:00,customer_1801@example.com,2,13.0,26.0,US,USD,15550101801
,2026-08-19 18:30:00,customer_1802@example.com,4,13.0,52.0,US,USD,15550101802
,2026-08-19 18:45:00,customer_1803@example.com,2,13.0,26.0,US,USD,15550101803
,2026-08-19 19:00:00,customer_1804@example.com,1,11.0,11.0,US,USD,15550101804
,2026-08-19 19:15:00,customer_1805@example.com,2,14.0,28.0,US,USD,15550101805
,2026-08-19 19:30:00,customer_1806@example.com,2,22.0,44.0,US,USD,15550101806
,2026-08-19 19:45:00,customer_1807@example.com,3,30.0,90.0,US,USD,15550101807
,2026-08-19 20:00:00,customer_1808@example.com,1,28.0,28.0,US,USD,15550101808
,2026-08-19 20:15:00,customer_1809@example.com,5,18.0,90.0,US,USD,15550101809
,2026-08-19 20:30:00,customer_1810@example.com,1,10.0,10.0,US,USD,15550101810
,2026-08-19 20:45:00,customer_1811@example.com,1,16.0,16.0,US,USD,15550101811
,2026-08-19 21:00:00,customer_1812@example.com,4,14.0,56.0,US,USD,15550101812
,2026-08-19 21:15:00,customer_1813@example.com,1,20.0,20.0,US,USD,15550101813
,2026-08-19 21:30:00,customer_1814@example.com,1,11.0,11.0,US,USD,15550101814
,2026-08-19 21:45:00,customer_1815@example.com,4,11.0,44.0,US,USD,15550101815
,2026-08-19 22:00:00,customer_1816@example.com,2,28.0,56.0,US,USD,15550101816
,2026-08-19 22:15:00,customer_1817@example.com,4,22.0,88.0,US,USD,15550101817
,2026-08-19 22:30:00,customer_1818@example.com,4,10.0,40.0,US,USD,15550101818
,2026-08-19 22:45:00,customer_1819@example.com,4,23.0,92.0,US,USD,15550101819
,2026-08-19 23:00:00,customer_1820@example.com,2,21.0,42.0,US,USD,15550101820
,2026-08-19 23:15:00,customer_1821@example.com,2,15.0,30.0,US,USD,15550101821
,2026-08-19 23:30:00,customer_1822@example.com,3,18.0,54.0,US,USD,15550101822
,2026-08-19 23:45:00,customer_1823@example.com,4,14.0,56.0,US,USD,15550101823
,2026-08-20 00:00:00,customer_1824@example.com,1,29.0,29.0,US,USD,15550101824
,2026-08-20 00:15:00,customer_1825@example.com,5,29.0,145.0,US,USD,15550101825
,2026-08-20 00:30:00,customer_1826@example.com,2,30.0,60.0,US,USD,15550101826
,2026-08-20 00:45:00,customer_1827@example.com,3,25.0,75.0,US,USD,15550101827
,2026-08-20 01:00:00,customer_1828@example.com,4,27.0,108.0,US,USD,15550101828
,2026-08-20 01:15:00,customer_1829@example.com,4,11.0,44.0,US,USD,15550101829
,2026-08-20 01:30:00,customer_1830@example.com,1,18.0,18.0,US,USD,15550101830
,2026-08-20 01:45:00,customer_1831@example.com,4,14.0,56.0,US,USD,15550101831
,2026-08-20 02:00:00,customer_1832@example.com,4,16.0,64.0,US,USD,15550101832
,2026-08-20 02:15:00,customer_1833@example.com,5,17.0,85.0,US,USD,15550101833
,2026-08-20 02:30:00,customer_1834@example.com,5,10.0,50.0,US,USD,15550101834
,2026-08-20 02:45:00,customer_1835@example.com,4,21.0,84.0,US,USD,15550101835
,2026-08-20 03:00:00,customer_1836@example.com,4,27.0,108.0,US,USD,15550101836
,2026-08-20 03:15:00,customer_1837@example.com,4,21.0,84.0,US,USD,15550101837
,2026-08-20 03:30:00,customer_1838@example.com,5,26.0,130.0,US,USD,15550101838
,2026-08-20 03:45:00,customer_1839@example.com,3,22.0,66.0,US,USD,15550101839
,2026-08-20 04:00:00,customer_1840@example.com,3,15.0,45.0,US,USD,15550101840
,2026-08-20 04:15:00,customer_1841@example.com,1,20.0,20.0,US,USD,15550101841
,2026-08-20 04:30:00,customer_1842@example.com,5,17.0,85.0,US,USD,15550101842
,2026-08-20 04:45:00,customer_1843@example.com,1,18.0,18.0,US,USD,15550101843
,2026-08-20 05:00:00,customer_1844@example.com,1,25.0,25.0,US,USD,15550101844
,2026-08-20 05:15:00,customer_1845@example.com,5,21.0,105.0,US,USD,15550101845
,2026-08-20 05:30:00,customer_1846@example.com,5,17.0,85.0,US,USD,15550101846
,2026-08-20 05:45:00,customer_1847@example.com,2,13.0,26.0,US,USD,15550101847
,2026-08-20 06:00:00,customer_1848@example.com,2,17.0,34.0,US,USD,15550101848
,2026-08-20 06:15:00,customer_1849@example.com,3,27.0,81.0,US,USD,15550101849
,2026-08-20 06:30:00,customer_1850@example.com,1,17.0,17.0,US,USD,15550101850
,2026-08-20 06:45:00,customer_1851@example.com,5,22.0,110.0,US,USD,15550101851
,2026-08-20 07:00:00,customer_1852@example.com,3,15.0,45.0,US,USD,15550101852
,2026-08-20 07:15:00,customer_1853@example.com,2,17.0,34.0,US,USD,15550101853
,2026-08-20 07:30:00,customer_1854@example.com,5,20.0,100.0,US,USD,15550101854
,2026-08-20 07:45:00,customer_1855@example.com,3,28.0,84.0,US,USD,15550101855
,2026-08-20 08:00:00,customer_1856@example.com,1,21.0,21.0,US,USD,15550101856
,2026-08-20 08:15:00,customer_1857@example.com,5,28.0,140.0,US,USD,15550101857
,2026-08-20 08:30:00,customer_1858@example.com,2,28.0,56.0,US,USD,15550101858
,2026-08-20 08:45:00,customer_1859@example.com,2,25.0,50.0,US,USD,15550101859
,2026-08-20 09:00:00,customer_1860@example.com,5,19.0,95.0,US,USD,15550101860
,2026-08-20 09:15:00,customer_1861@example.com,2,25.0,50.0,US,USD,15550101861
,2026-08-20 09:30:00,customer_1862@example.com,1,12.0,12.0,US,USD,15550101862
,2026-08-20 09:45:00,customer_1863@example.com,1,17.0,17.0,US,USD,15550101863
,2026-08-20 10:00:00,customer_1864@example.com,5,17.0,85.0,US,USD,15550101864
,2026-08-20 10:15:00,customer_1865@example.com,1,26.0,26.0,US,USD,15550101865
,2026-08-20 10:30:00,customer_1866@example.com,4,10.0,40.0,US,USD,15550101866
,2026-08-20 10:45:00,customer_1867@example.com,3,29.0,87.0,US,USD,15550101867
,2026-08-20 11:00:00,customer_1868@example.com,2,14.0,28.0,US,USD,15550101868
,2026-08-20 11:15:00,customer_1869@example.com,3,15.0,45.0,US,USD,15550101869
,2026-08-20 11:30:00,customer_1870@example.com,3,11.0,33.0,US,USD,15550101870
,2026-08-20 11:45:00,customer_1871@example.com,1,14.0,14.0,US,USD,15550101871
,2026-08-20 12:00:00,customer_1872@example.com,5,14.0,70.0,US,USD,15550101872
,2026-08-20 12:15:00,customer_1873@example.com,1,26.0,26.0,US,USD,15550101873
,2026-08-20 12:30:00,customer_1874@example.com,3,12.0,36.0,US,USD,15550101874
,2026-08-20 12:45:00,customer_1875@example.com,3,22.0,66.0,US,USD,15550101875
,2026-08-20 13:00:00,customer_1876@example.com,5,13.0,65.0,US,USD,15550101876
,2026-08-20 13:15:00,customer_1877@example.com,3,19.0,57.0,US,USD,15550101877
,2026-08-20 13:30:00,customer_1878@example.com,3,14.0,42.0,US,USD,15550101878
,2026-08-20 13:45:00,customer_1879@example.com,2,23.0,46.0,US,USD,15550101879
,2026-08-20 14:00:00,customer_1880@example.com,4,30.0,120.0,US,USD,15550101880
,2026-08-20 14:15:00,customer_1881@example.com,3,15.0,45.0,US,USD,15550101881
,2026-08-20 14:30:00,customer_1882@example.com,5,29.0,145.0,US,USD,15550101882
,2026-08-20 14:45:00,customer_1883@example.com,3,17.0,51.0,US,USD,15550101883
,2026-08-20 15:00:00,customer_1884@example.com,5,15.0,75.0,US,USD,15550101884
,2026-08-20 15:15:00,customer_1885@example.com,4,19.0,76.0,US,USD,15550101885
,2026-08-20 15:30:00,customer_1886@example.com,3,14.0,42.0,US,USD,15550101886
,2026-08-20 15:45:00,customer_1887@example.com,2,10.0,20.0,US,USD,15550101887
,2026-08-20 16:00:00,customer_1888@example.com,5,22.0,110.0,US,USD,15550101888
,2026-08-20 16:15:00,customer_1889@example.com,5,11.0,55.0,US,USD,15550101889
,2026-08-20 16:30:00,customer_1890@example.com,2,29.0,58.0,US,USD,15550101890
,2026-08-20 16:45:00,customer_1891@example.com,3,29.0,87.0,US,USD,15550101891
,2026-08-20 17:00:00,customer_1892@example.com,2,30.0,60.0,US,USD,15550101892
,2026-08-20 17:15:00,customer_1893@example.com,5,13.0,65.0,US,USD,15550101893
,2026-08-20 17:30:00,customer_1894@example.com,4,14.0,56.0,US,USD,15550101894
,2026-08-20 17:45:00,customer_1895@example.com,3,12.0,36.0,US,USD,15550101895
,2026-08-20 18:00:00,customer_1896@example.com,2,21.0,42.0,US,USD,15550101896
,2026-08-20 18:15:00,customer_1897@example.com,3,15.0,45.0,US,USD,15550101897
,2026-08-20 18:30:00,customer_1898@example.com,1,30.0,30.0,US,USD,15550101898
,2026-08-20 18:45:00,customer_1899@example.com,3,24.0,72.0,US,USD,15550101899
,2026-08-20 19:00:00,customer_1900@example.com,1,18.0,18.0,US,USD,15550101900
,2026-08-20 19:15:00,customer_1901@example.com,2,17.0,34.0,US,USD,15550101901
,2026-08-20 19:30:00,customer_1902@example.com,1,21.0,21.0,US,USD,15550101902
,2026-08-20 19:45:00,customer_1903@example.com,3,13.0,39.0,US,USD,15550101903
,2026-08-20 20:00:00,customer_1904@example.com,1,11.0,11.0,US,USD,15550101904
,2026-08-20 20:15:00,customer_1905@example.com,4,24.0,96.0,US,USD,15550101905
,2026-08-20 20:30:00,customer_1906@example.com,4,15.0,60.0,US,USD,15550101906
,2026-08-20 20:45:00,customer_1907@example.com,4,25.0,100.0,US,USD,15550101907
,2026-08-20 21:00:00,customer_1908@example.com,4,21.0,84.0,US,USD,15550101908
,2026-08-20 21:15:00,customer_1909@example.com,5,22.0,110.0,US,USD,15550101909
,2026-08-20 21:30:00,customer_1910@example.com,1,25.0,25.0,US,USD,15550101910
,2026-08-20 21:45:00,customer_1911@example.com,5,30.0,150.0,US,USD,15550101911
,2026-08-20 22:00:00,customer_1912@example.com,2,15.0,30.0,US,USD,15550101912
,2026-08-20 22:15:00,customer_1913@example.com,4,12.0,48.0,US,USD,15550101913
,2026-08-20 22:30:00,customer_1914@example.com,1,19.0,19.0,US,USD,15550101914
,2026-08-20 22:45:00,customer_1915@example.com,1,20.0,20.0,US,USD,15550101915
,2026-08-20 23:00:00,customer_1916@example.com,3,13.0,39.0,US,USD,15550101916
,2026-08-20 23:15:00,customer_1917@example.com,1,20.0,20.0,US,USD,15550101917
,2026-08-20 23:30:00,customer_1918@example.com,2,22.0,44.0,US,USD,15550101918
,2026-08-20 23:45:00,customer_1919@example.com,2,12.0,24.0,US,USD,15550101919
,2026-08-21 00:00:00,customer_1920@example.com,5,12.0,60.0,US,USD,15550101920
,2026-08-21 00:15:00,customer_1921@example.com,3,29.0,87.0,US,USD,15550101921
,2026-08-21 00:30:00,customer_1922@example.com,5,25.0,125.0,US,USD,15550101922
,2026-08-21 00:45:00,customer_1923@example.com,1,23.0,23.0,US,USD,15550101923
,2026-08-21 01:00:00,customer_1924@example.com,2,29.0,58.0,US,USD,15550101924
,2026-08-21 01:15:00,customer_1925@example.com,4,15.0,60.0,US,USD,15550101925
,2026-08-21 01:30:00,customer_1926@example.com,1,13.0,13.0,US,USD,15550101926
,2026-08-21 01:45:00,customer_1927@example.com,3,16.0,48.0,US,USD,15550101927
,2026-08-21 02:00:00,customer_1928@example.com,2,23.0,46.0,US,USD,15550101928
,2026-08-21 02:15:00,customer_1929@example.com,5,27.0,135.0,US,USD,15550101929
,2026-08-21 02:30:00,customer_1930@example.com,3,19.0,57.0,US,USD,15550101930
,2026-08-21 02:45:00,customer_1931@example.com,3,17.0,51.0,US,USD,15550101931
,2026-08-21 03:00:00,customer_1932@example.com,1,11.0,11.0,US,USD,15550101932
,2026-08-21 03:15:00,customer_1933@example.com,4,28.0,112.0,US,USD,15550101933
,2026-08-21 03:30:00,customer_1934@example.com,5,25.0,125.0,US,USD,15550101934
,2026-08-21 03:45:00,customer_1935@example.com,2,11.0,22.0,US,USD,15550101935
,2026-08-21 04:00:00,customer_1936@example.com,3,10.0,30.0,US,USD,15550101936
,2026-08-21 04:15:00,customer_1937@example.com,4,12.0,48.0,US,USD,15550101937
,2026-08-21 04:30:00,customer_1938@example.com,3,30.0,90.0,US,USD,15550101938
,2026-08-21 04:45:00,customer_1939@example.com,5,25.0,125.0,US,USD,15550101939
,2026-08-21 05:00:00,customer_1940@example.com,2,13.0,26.0,US,USD,15550101940
,2026-08-21 05:15:00,customer_1941@example.com,1,16.0,16.0,US,USD,15550101941
,2026-08-21 05:30:00,customer_1942@example.com,2,30.0,60.0,US,USD,15550101942
,2026-08-21 05:45:00,customer_1943@example.com,3,12.0,36.0,US,USD,15550101943
,2026-08-21 06:00:00,customer_1944@example.com,4,13.0,52.0,US,USD,15550101944
,2026-08-21 06:15:00,customer_1945@example.com,3,22.0,66.0,US,USD,15550101945
,2026-08-21 06:30:00,customer_1946@example.com,4,25.0,100.0,US,USD,15550101946
,2026-08-21 06:45:00,customer_1947@example.com,3,12.0,36.0,US,USD,15550101947
,2026-08-21 07:00:00,customer_1948@example.com,5,22.0,110.0,US,USD,15550101948
,2026-08-21 07:15:00,customer_1949@example.com,2,21.0,42.0,US,USD,15550101949
,2026-08-21 07:30:00,customer_1950@example.com,4,21.0,84.0,US,USD,15550101950
,2026-08-21 07:45:00,customer_1951@example.com,2,24.0,48.0,US,USD,15550101951
,2026-08-21 08:00:00,customer_1952@example.com,1,18.0,18.0,US,USD,15550101952
,2026-08-21 08:15:00,customer_1953@example.com,4,24.0,96.0,US,USD,15550101953
,2026-08-21 08:30:00,customer_1954@example.com,3,17.0,51.0,US,USD,15550101954
,2026-08-21 08:45:00,customer_1955@example.com,3,28.0,84.0,US,USD,15550101955
,2026-08-21 09:00:00,customer_1956@example.com,1,14.0,14.0,US,USD,15550101956
,2026-08-21 09:15:00,customer_1957@example.com,1,12.0,12.0,US,USD,15550101957
,2026-08-21 09:30:00,customer_1958@example.com,3,27.0,81.0,US,USD,15550101958
,2026-08-21 09:45:00,customer_1959@example.com,4,28.0,112.0,US,USD,15550101959
,2026-08-21 10:00:00,customer_1960@example.com,2,27.0,54.0,US,USD,15550101960
,2026-08-21 10:15:00,customer_1961@example.com,1,22.0,22.0,US,USD,15550101961
,2026-08-21 10:30:00,customer_1962@example.com,5,23.0,115.0,US,USD,15550101962
,2026-08-21 10:45:00,customer_1963@example.com,5,25.0,125.0,US,USD,15550101963
,2026-08-21 11:00:00,customer_1964@example.com,5,17.0,85.0,US,USD,15550101964
,2026-08-21 11:15:00,customer_1965@example.com,4,19.0,76.0,US,USD,15550101965
,2026-08-21 11:30:00,customer_1966@example.com,1,22.0,22.0,US,USD,15550101966
,2026-08-21 11:45:00,customer_1967@example.com,1,26.0,26.0,US,USD,15550101967
,2026-08-21 12:00:00,customer_1968@example.com,5,26.0,130.0,US,USD,15550101968
,2026-08-21 12:15:00,customer_1969@example.com,5,29.0,145.0,US,USD,15550101969
,2026-08-21 12:30:00,customer_1970@example.com,2,13.0,26.0,US,USD,15550101970
,2026-08-21 12:45:00,customer_1971@example.com,4,15.0,60.0,US,USD,15550101971
,2026-08-21 13:00:00,customer_1972@example.com,2,16.0,32.0,US,USD,15550101972
,2026-08-21 13:15:00,customer_1973@example.com,2,14.0,28.0,US,USD,15550101973
,2026-08-21 13:30:00,customer_1974@example.com,1,23.0,23.0,US,USD,15550101974
,2026-08-21 13:45:00,customer_1975@example.com,1,23.0,23.0,US,USD,15550101975
,2026-08-21 14:00:00,customer_1976@example.com,2,30.0,60.0,US,USD,15550101976
,2026-08-21 14:15:00,customer_1977@example.com,2,29.0,58.0,US,USD,15550101977
,2026-08-21 14:30:00,customer_1978@example.com,3,20.0,60.0,US,USD,15550101978
,2026-08-21 14:45:00,customer_1979@example.com,1,12.0,12.0,US,USD,15550101979
,2026-08-21 15:00:00,customer_1980@example.com,4,27.0,108.0,US,USD,15550101980
,2026-08-21 15:15:00,customer_1981@example.com,4,27.0,108.0,US,USD,15550101981
,2026-08-21 15:30:00,customer_1982@example.com,3,18.0,54.0,US,USD,15550101982
,2026-08-21 15:45:00,customer_1983@example.com,5,24.0,120.0,US,USD,15550101983
,2026-08-21 16:00:00,customer_1984@example.com,1,29.0,29.0,US,USD,15550101984
,2026-08-21 16:15:00,customer_1985@example.com,5,26.0,130.0,US,USD,15550101985
,2026-08-21 16:30:00,customer_1986@example.com,4,13.0,52.0,US,USD,15550101986
,2026-08-21 16:45:00,customer_1987@example.com,4,14.0,56.0,US,USD,15550101987
,2026-08-21 17:00:00,customer_1988@example.com,2,28.0,56.0,US,USD,15550101988
,2026-08-21 17:15:00,customer_1989@example.com,5,28.0,140.0,US,USD,15550101989
,2026-08-21 17:30:00,customer_1990@example.com,1,13.0,13.0,US,USD,15550101990
,2026-08-21 17:45:00,customer_1991@example.com,5,13.0,65.0,US,USD,15550101991
,2026-08-21 18:00:00,customer_1992@example.com,3,27.0,81.0,US,USD,15550101992
,2026-08-21 18:15:00,customer_1993@example.com,3,23.0,69.0,US,USD,15550101993
,2026-08-21 18:30:00,customer_1994@example.com,3,22.0,66.0,US,USD,15550101994
,2026-08-21 18:45:00,customer_1995@example.com,4,28.0,112.0,US,USD,15550101995
,2026-08-21 19:00:00,customer_1996@example.com,5,25.0,125.0,US,USD,15550101996
,2026-08-21 19:15:00,customer_1997@example.com,1,15.0,15.0,US,USD,15550101997
,2026-08-21 19:30:00,customer_1998@example.com,3,22.0,66.0,US,USD,15550101998
,2026-08-21 19:45:00,customer_1999@example.com,2,29.0,58.0,US,USD,15550101999
,2026-08-21 20:00:00,customer_2000@example.com,5,22.0,110.0,US,USD,15550102000
,2026-08-21 20:15:00,customer_2001@example.com,1,22.0,22.0,US,USD,15550102001
,2026-08-21 20:30:00,customer_2002@example.com,3,17.0,51.0,US,USD,15550102002
,2026-08-21 20:45:00,customer_2003@example.com,1,25.0,25.0,US,USD,15550102003
,2026-08-21 21:00:00,customer_2004@example.com,3,21.0,63.0,US,USD,15550102004
,2026-08-21 21:15:00,customer_2005@example.com,1,20.0,20.0,US,USD,15550102005
,2026-08-21 21:30:00,customer_2006@example.com,3,19.0,57.0,US,USD,15550102006
,2026-08-21 21:45:00,customer_2007@example.com,3,25.0,75.0,US,USD,15550102007
,2026-08-21 22:00:00,customer_2008@example.com,1,17.0,17.0,US,USD,15550102008
,2026-08-21 22:15:00,customer_2009@example.com,2,19.0,38.0,US,USD,15550102009
,2026-08-21 22:30:00,customer_2010@example.com,4,20.0,80.0,US,USD,15550102010
,2026-08-21 22:45:00,customer_2011@example.com,3,23.0,69.0,US,USD,15550102011
,2026-08-21 23:00:00,customer_2012@example.com,5,30.0,150.0,US,USD,15550102012
,2026-08-21 23:15:00,customer_2013@example.com,1,16.0,16.0,US,USD,15550102013
,2026-08-21 23:30:00,customer_2014@example.com,4,16.0,64.0,US,USD,15550102014
,2026-08-21 23:45:00,customer_2015@example.com,4,25.0,100.0,US,USD,15550102015
,2026-08-22 00:00:00,customer_2016@example.com,5,21.0,105.0,US,USD,15550102016
,2026-08-22 00:15:00,customer_2017@example.com,1,26.0,26.0,US,USD,15550102017
,2026-08-22 00:30:00,customer_2018@example.com,2,12.0,24.0,US,USD,15550102018
,2026-08-22 00:45:00,customer_2019@example.com,3,26.0,78.0,US,USD,15550102019
,2026-08-22 01:00:00,customer_2020@example.com,4,14.0,56.0,US,USD,15550102020
,2026-08-22 01:15:00,customer_2021@example.com,5,28.0,140.0,US,USD,15550102021
,2026-08-22 01:30:00,customer_2022@example.com,1,15.0,15.0,US,USD,15550102022
,2026-08-22 01:45:00,customer_2023@example.com,2,16.0,32.0,US,USD,15550102023
,2026-08-22 02:00:00,customer_2024@example.com,1,17.0,17.0,US,USD,15550102024
,2026-08-22 02:15:00,customer_2025@example.com,1,24.0,24.0,US,USD,15550102025
,2026-08-22 02:30:00,customer_2026@example.com,1,21.0,21.0,US,USD,15550102026
,2026-08-22 02:45:00,customer_2027@example.com,2,18.0,36.0,US,USD,15550102027
,2026-08-22 03:00:00,customer_2028@example.com,3,24.0,72.0,US,USD,15550102028
,2026-08-22 03:15:00,customer_2029@example.com,5,22.0,110.0,US,USD,15550102029
,2026-08-22 03:30:00,customer_2030@example.com,1,10.0,10.0,US,USD,15550102030
,2026-08-22 03:45:00,customer_2031@example.com,2,21.0,42.0,US,USD,15550102031
,2026-08-22 04:00:00,customer_2032@example.com,4,29.0,116.0,US,USD,15550102032
,2026-08-22 04:15:00,customer_2033@example.com,4,15.0,60.0,US,USD,15550102033
,2026-08-22 04:30:00,customer_2034@example.com,4,28.0,112.0,US,USD,15550102034
,2026-08-22 04:45:00,customer_2035@example.com,5,21.0,105.0,US,USD,15550102035
,2026-08-22 05:00:00,customer_2036@example.com,3,15.0,45.0,US,USD,15550102036
,2026-08-22 05:15:00,customer_2037@example.com,3,12.0,36.0,US,USD,15550102037
,2026-08-22 05:30:00,customer_2038@example.com,3,10.0,30.0,US,USD,15550102038
,2026-08-22 05:45:00,customer_2039@example.com,4,11.0,44.0,US,USD,15550102039
,2026-08-22 06:00:00,customer_2040@example.com,2,28.0,56.0,US,USD,15550102040
,2026-08-22 06:15:00,customer_2041@example.com,2,17.0,34.0,US,USD,15550102041
,2026-08-22 06:30:00,customer_2042@example.com,2,16.0,32.0,US,USD,15550102042
,2026-08-22 06:45:00,customer_2043@example.com,3,30.0,90.0,US,USD,15550102043
,2026-08-22 07:00:00,customer_2044@example.com,4,26.0,104.0,US,USD,15550102044
,2026-08-22 07:15:00,customer_2045@example.com,1,10.0,10.0,US,USD,15550102045
,2026-08-22 07:30:00,customer_2046@example.com,4,14.0,56.0,US,USD,15550102046
,2026-08-22 07:45:00,customer_2047@example.com,2,29.0,58.0,US,USD,15550102047
,2026-08-22 08:00:00,customer_2048@example.com,1,17.0,17.0,US,USD,15550102048
,2026-08-22 08:15:00,customer_2049@example.com,3,29.0,87.0,US,USD,15550102049
,2026-08-22 08:30:00,customer_2050@example.com,3,30.0,90.0,US,USD,15550102050
,2026-08-22 08:45:00,customer_2051@example.com,3,23.0,69.0,US,USD,15550102051
,2026-08-22 09:00:00,customer_2052@example.com,4,21.0,84.0,US,USD,15550102052
,2026-08-22 09:15:00,customer_2053@example.com,4,18.0,72.0,US,USD,15550102053
,2026-08-22 09:30:00,customer_2054@example.com,2,24.0,48.0,US,USD,15550102054
,2026-08-22 09:45:00,customer_2055@example.com,3,26.0,78.0,US,USD,15550102055
,2026-08-22 10:00:00,customer_2056@example.com,5,22.0,110.0,US,USD,15550102056
,2026-08-22 10:15:00,customer_2057@example.com,5,13.0,65.0,US,USD,15550102057
,2026-08-22 10:30:00,customer_2058@example.com,1,26.0,26.0,US,USD,15550102058
,2026-08-22 10:45:00,customer_2059@example.com,3,27.0,81.0,US,USD,15550102059
,2026-08-22 11:00:00,customer_2060@example.com,5,29.0,145.0,US,USD,15550102060
,2026-08-22 11:15:00,customer_2061@example.com,3,19.0,57.0,US,USD,15550102061
,2026-08-22 11:30:00,customer_2062@example.com,1,25.0,25.0,US,USD,15550102062
,2026-08-22 11:45:00,customer_2063@example.com,1,20.0,20.0,US,USD,15550102063
,2026-08-22 12:00:00,customer_2064@example.com,3,30.0,90.0,US,USD,15550102064
,2026-08-22 12:15:00,customer_2065@example.com,3,18.0,54.0,US,USD,15550102065
,2026-08-22 12:30:00,customer_2066@example.com,3,30.0,90.0,US,USD,15550102066
,2026-08-22 12:45:00,customer_2067@example.com,3,16.0,48.0,US,USD,15550102067
,2026-08-22 13:00:00,customer_2068@example.com,2,26.0,52.0,US,USD,15550102068
,2026-08-22 13:15:00,customer_2069@example.com,2,11.0,22.0,US,USD,15550102069
,2026-08-22 13:30:00,customer_2070@example.com,5,22.0,110.0,US,USD,15550102070
,2026-08-22 13:45:00,customer_2071@example.com,3,14.0,42.0,US,USD,15550102071
,2026-08-22 14:00:00,customer_2072@example.com,1,30.0,30.0,US,USD,15550102072
,2026-08-22 14:15:00,customer_2073@example.com,4,19.0,76.0,US,USD,15550102073
,2026-08-22 14:30:00,customer_2074@example.com,3,23.0,69.0,US,USD,15550102074
,2026-08-22 14:45:00,customer_2075@example.com,4,22.0,88.0,US,USD,15550102075
,2026-08-22 15:00:00,customer_2076@example.com,1,28.0,28.0,US,USD,15550102076
,2026-08-22 15:15:00,customer_2077@example.com,5,16.0,80.0,US,USD,15550102077
,2026-08-22 15:30:00,customer_2078@example.com,3,17.0,51.0,US,USD,15550102078
,2026-08-22 15:45:00,customer_2079@example.com,5,30.0,150.0,US,USD,15550102079
,2026-08-22 16:00:00,customer_2080@example.com,4,21.0,84.0,US,USD,15550102080
,2026-08-22 16:15:00,customer_2081@example.com,5,19.0,95.0,US,USD,15550102081
,2026-08-22 16:30:00,customer_2082@example.com,2,27.0,54.0,US,USD,15550102082
,2026-08-22 16:45:00,customer_2083@example.com,2,19.0,38.0,US,USD,15550102083
,2026-08-22 17:00:00,customer_2084@example.com,1,25.0,25.0,US,USD,15550102084
,2026-08-22 17:15:00,customer_2085@example.com,2,18.0,36.0,US,USD,15550102085
,2026-08-22 17:30:00,customer_2086@example.com,5,15.0,75.0,US,USD,15550102086
,2026-08-22 17:45:00,customer_2087@example.com,3,30.0,90.0,US,USD,15550102087
,2026-08-22 18:00:00,customer_2088@example.com,1,17.0,17.0,US,USD,15550102088
,2026-08-22 18:15:00,customer_2089@example.com,3,17.0,51.0,US,USD,15550102089
,2026-08-22 18:30:00,customer_2090@example.com,3,23.0,69.0,US,USD,15550102090
,2026-08-22 18:45:00,customer_2091@example.com,3,21.0,63.0,US,USD,15550102091
,2026-08-22 19:00:00,customer_2092@example.com,3,28.0,84.0,US,USD,15550102092
,2026-08-22 19:15:00,customer_2093@example.com,3,24.0,72.0,US,USD,15550102093
,2026-08-22 19:30:00,customer_2094@example.com,1,25.0,25.0,US,USD,15550102094
,2026-08-22 19:45:00,customer_2095@example.com,1,30.0,30.0,US,USD,15550102095
,2026-08-22 20:00:00,customer_2096@example.com,5,28.0,140.0,US,USD,15550102096
,2026-08-22 20:15:00,customer_2097@example.com,5,12.0,60.0,US,USD,15550102097
,2026-08-22 20:30:00,customer_2098@example.com,4,16.0,64.0,US,USD,15550102098
,2026-08-22 20:45:00,customer_2099@example.com,5,13.0,65.0,US,USD,15550102099
,2026-08-22 21:00:00,customer_2100@example.com,4,26.0,104.0,US,USD,15550102100
,2026-08-22 21:15:00,customer_2101@example.com,3,23.0,69.0,US,USD,15550102101
,2026-08-22 21:30:00,customer_2102@example.com,1,14.0,14.0,US,USD,15550102102
,2026-08-22 21:45:00,customer_2103@example.com,2,16.0,32.0,US,USD,15550102103
,2026-08-22 22:00:00,customer_2104@example.com,3,23.0,69.0,US,USD,15550102104
,2026-08-22 22:15:00,customer_2105@example.com,5,24.0,120.0,US,USD,15550102105
,2026-08-22 22:30:00,customer_2106@example.com,2,20.0,40.0,US,USD,15550102106
,2026-08-22 22:45:00,customer_2107@example.com,2,12.0,24.0,US,USD,15550102107
,2026-08-22 23:00:00,customer_2108@example.com,4,20.0,80.0,US,USD,15550102108
,2026-08-22 23:15:00,customer_2109@example.com,2,20.0,40.0,US,USD,15550102109
,2026-08-22 23:30:00,customer_2110@example.com,1,10.0,10.0,US,USD,15550102110
,2026-08-22 23:45:00,customer_2111@example.com,4,18.0,72.0,US,USD,15550102111
,2026-08-23 00:00:00,customer_2112@example.com,2,15.0,30.0,US,USD,15550102112
,2026-08-23 00:15:00,customer_2113@example.com,5,15.0,75.0,US,USD,15550102113
,2026-08-23 00:30:00,customer_2114@example.com,4,12.0,48.0,US,USD,15550102114
,2026-08-23 00:45:00,customer_2115@example.com,2,29.0,58.0,US,USD,15550102115
,2026-08-23 01:00:00,customer_2116@example.com,4,30.0,120.0,US,USD,15550102116
,2026-08-23 01:15:00,customer_2117@example.com,4,22.0,88.0,US,USD,15550102117
,2026-08-23 01:30:00,customer_2118@example.com,4,25.0,100.0,US,USD,15550102118
,2026-08-23 01:45:00,customer_2119@example.com,4,10.0,40.0,US,USD,15550102119
,2026-08-23 02:00:00,customer_2120@example.com,1,27.0,27.0,US,USD,15550102120
,2026-08-23 02:15:00,customer_2121@example.com,2,21.0,42.0,US,USD,15550102121
,2026-08-23 02:30:00,customer_2122@example.com,1,20.0,20.0,US,USD,15550102122
,2026-08-23 02:45:00,customer_2123@example.com,5,16.0,80.0,US,USD,15550102123
,2026-08-23 03:00:00,customer_2124@example.com,1,10.0,10.0,US,USD,15550102124
,2026-08-23 03:15:00,customer_2125@example.com,2,17.0,34.0,US,USD,15550102125
,2026-08-23 03:30:00,customer_2126@example.com,3,19.0,57.0,US,USD,15550102126
,2026-08-23 03:45:00,customer_2127@example.com,2,13.0,26.0,US,USD,15550102127
,2026-08-23 04:00:00,customer_2128@example.com,4,26.0,104.0,US,USD,15550102128
,2026-08-23 04:15:00,customer_2129@example.com,5,19.0,95.0,US,USD,15550102129
,2026-08-23 04:30:00,customer_2130@example.com,2,12.0,24.0,US,USD,15550102130
,2026-08-23 04:45:00,customer_2131@example.com,1,19.0,19.0,US,USD,15550102131
,2026-08-23 05:00:00,customer_2132@example.com,3,24.0,72.0,US,USD,15550102132
,2026-08-23 05:15:00,customer_2133@example.com,5,29.0,145.0,US,USD,15550102133
,2026-08-23 05:30:00,customer_2134@example.com,5,20.0,100.0,US,USD,15550102134
,2026-08-23 05:45:00,customer_2135@example.com,4,14.0,56.0,US,USD,15550102135
,2026-08-23 06:00:00,customer_2136@example.com,3,25.0,75.0,US,USD,15550102136
,2026-08-23 06:15:00,customer_2137@example.com,3,16.0,48.0,US,USD,15550102137
,2026-08-23 06:30:00,customer_2138@example.com,2,22.0,44.0,US,USD,15550102138
,2026-08-23 06:45:00,customer_2139@example.com,1,17.0,17.0,US,USD,15550102139
,2026-08-23 07:00:00,customer_2140@example.com,2,14.0,28.0,US,USD,15550102140
,2026-08-23 07:15:00,customer_2141@example.com,2,10.0,20.0,US,USD,15550102141
,2026-08-23 07:30:00,customer_2142@example.com,5,26.0,130.0,US,USD,15550102142
,2026-08-23 07:45:00,customer_2143@example.com,2,13.0,26.0,US,USD,15550102143
,2026-08-23 08:00:00,customer_2144@example.com,3,30.0,90.0,US,USD,15550102144
,2026-08-23 08:15:00,customer_2145@example.com,1,22.0,22.0,US,USD,15550102145
,2026-08-23 08:30:00,customer_2146@example.com,3,27.0,81.0,US,USD,15550102146
,2026-08-23 08:45:00,customer_2147@example.com,5,11.0,55.0,US,USD,15550102147
,2026-08-23 09:00:00,customer_2148@example.com,5,11.0,55.0,US,USD,15550102148
,2026-08-23 09:15:00,customer_2149@example.com,1,30.0,30.0,US,USD,15550102149
,2026-08-23 09:30:00,customer_2150@example.com,1,11.0,11.0,US,USD,15550102150
,2026-08-23 09:45:00,customer_2151@example.com,1,23.0,23.0,US,USD,15550102151
,2026-08-23 10:00:00,customer_2152@example.com,4,22.0,88.0,US,USD,15550102152
,2026-08-23 10:15:00,customer_2153@example.com,1,27.0,27.0,US,USD,15550102153
,2026-08-23 10:30:00,customer_2154@example.com,3,25.0,75.0,US,USD,15550102154
,2026-08-23 10:45:00,customer_2155@example.com,2,16.0,32.0,US,USD,15550102155
,2026-08-23 11:00:00,customer_2156@example.com,1,19.0,19.0,US,USD,15550102156
,2026-08-23 11:15:00,customer_2157@example.com,4,13.0,52.0,US,USD,15550102157
,2026-08-23 11:30:00,customer_2158@example.com,5,18.0,90.0,US,USD,15550102158
,2026-08-23 11:45:00,customer_2159@example.com,5,29.0,145.0,US,USD,15550102159
,2026-08-23 12:00:00,customer_2160@example.com,2,23.0,46.0,US,USD,15550102160
,2026-08-23 12:15:00,customer_2161@example.com,1,26.0,26.0,US,USD,15550102161
,2026-08-23 12:30:00,customer_2162@example.com,5,13.0,65.0,US,USD,15550102162
,2026-08-23 12:45:00,customer_2163@example.com,3,13.0,39.0,US,USD,15550102163
,2026-08-23 13:00:00,customer_2164@example.com,1,25.0,25.0,US,USD,15550102164
,2026-08-23 13:15:00,customer_2165@example.com,2,29.0,58.0,US,USD,15550102165
,2026-08-23 13:30:00,customer_2166@example.com,2,18.0,36.0,US,USD,15550102166
,2026-08-23 13:45:00,customer_2167@example.com,5,16.0,80.0,US,USD,15550102167
,2026-08-23 14:00:00,customer_2168@example.com,3,23.0,69.0,US,USD,15550102168
,2026-08-23 14:15:00,customer_2169@example.com,3,15.0,45.0,US,USD,15550102169
,2026-08-23 14:30:00,customer_2170@example.com,1,27.0,27.0,US,USD,15550102170
,2026-08-23 14:45:00,customer_2171@example.com,4,16.0,64.0,US,USD,15550102171
,2026-08-23 15:00:00,customer_2172@example.com,4,20.0,80.0,US,USD,15550102172
,2026-08-23 15:15:00,customer_2173@example.com,2,10.0,20.0,US,USD,15550102173
,2026-08-23 15:30:00,customer_2174@example.com,1,12.0,12.0,US,USD,15550102174
,2026-08-23 15:45:00,customer_2175@example.com,1,28.0,28.0,US,USD,15550102175
,2026-08-23 16:00:00,customer_2176@example.com,4,14.0,56.0,US,USD,15550102176
,2026-08-23 16:15:00,customer_2177@example.com,1,26.0,26.0,US,USD,15550102177
,2026-08-23 16:30:00,customer_2178@example.com,1,13.0,13.0,US,USD,15550102178
,2026-08-23 16:45:00,customer_2179@example.com,3,30.0,90.0,US,USD,15550102179
,2026-08-23 17:00:00,customer_2180@example.com,2,24.0,48.0,US,USD,15550102180
,2026-08-23 17:15:00,customer_2181@example.com,3,18.0,54.0,US,USD,15550102181
,2026-08-23 17:30:00,customer_2182@example.com,4,11.0,44.0,US,USD,15550102182
,2026-08-23 17:45:00,customer_2183@example.com,1,15.0,15.0,US,USD,15550102183
,2026-08-23 18:00:00,customer_2184@example.com,1,19.0,19.0,US,USD,15550102184
,2026-08-23 18:15:00,customer_2185@example.com,3,20.0,60.0,US,USD,15550102185
,2026-08-23 18:30:00,customer_2186@example.com,4,13.0,52.0,US,USD,15550102186
,2026-08-23 18:45:00,customer_2187@example.com,1,11.0,11.0,US,USD,15550102187
,2026-08-23 19:00:00,customer_2188@example.com,1,14.0,14.0,US,USD,15550102188
,2026-08-23 19:15:00,customer_2189@example.com,2,20.0,40.0,US,USD,15550102189
,2026-08-23 19:30:00,customer_2190@example.com,3,24.0,72.0,US,USD,15550102190
,2026-08-23 19:45:00,customer_2191@example.com,5,18.0,90.0,US,USD,15550102191
,2026-08-23 20:00:00,customer_2192@example.com,1,21.0,21.0,US,USD,15550102192
,2026-08-23 20:15:00,customer_2193@example.com,3,15.0,45.0,US,USD,15550102193
,2026-08-23 20:30:00,customer_2194@example.com,1,22.0,22.0,US,USD,15550102194
,2026-08-23 20:45:00,customer_2195@example.com,4,24.0,96.0,US,USD,15550102195
,2026-08-23 21:00:00,customer_2196@example.com,3,22.0,66.0,US,USD,15550102196
,2026-08-23 21:15:00,customer_2197@example.com,4,23.0,92.0,US,USD,15550102197
,2026-08-23 21:30:00,customer_2198@example.com,2,13.0,26.0,US,USD,15550102198
,2026-08-23 21:45:00,customer_2199@example.com,2,11.0,22.0,US,USD,15550102199
,2026-08-23 22:00:00,customer_2200@example.com,2,13.0,26.0,US,USD,15550102200
,2026-08-23 22:15:00,customer_2201@example.com,4,28.0,112.0,US,USD,15550102201
,2026-08-23 22:30:00,customer_2202@example.com,4,28.0,112.0,US,USD,15550102202
,2026-08-23 22:45:00,customer_2203@example.com,4,15.0,60.0,US,USD,15550102203
,2026-08-23 23:00:00,customer_2204@example.com,5,22.0,110.0,US,USD,15550102204
,2026-08-23 23:15:00,customer_2205@example.com,3,29.0,87.0,US,USD,15550102205
,2026-08-23 23:30:00,customer_2206@example.com,1,14.0,14.0,US,USD,15550102206
,2026-08-23 23:45:00,customer_2207@example.com,4,25.0,100.0,US,USD,15550102207
,2026-08-24 00:00:00,customer_2208@example.com,1,23.0,23.0,US,USD,15550102208
,2026-08-24 00:15:00,customer_2209@example.com,4,11.0,44.0,US,USD,15550102209
,2026-08-24 00:30:00,customer_2210@example.com,1,18.0,18.0,US,USD,15550102210
,2026-08-24 00:45:00,customer_2211@example.com,3,10.0,30.0,US,USD,15550102211
,2026-08-24 01:00:00,customer_2212@example.com,5,28.0,140.0,US,USD,15550102212
,2026-08-24 01:15:00,customer_2213@example.com,5,17.0,85.0,US,USD,15550102213
,2026-08-24 01:30:00,customer_2214@example.com,3,26.0,78.0,US,USD,15550102214
,2026-08-24 01:45:00,customer_2215@example.com,5,29.0,145.0,US,USD,15550102215
,2026-08-24 02:00:00,customer_2216@example.com,1,23.0,23.0,US,USD,15550102216
,2026-08-24 02:15:00,customer_2217@example.com,2,25.0,50.0,US,USD,15550102217
,2026-08-24 02:30:00,customer_2218@example.com,3,30.0,90.0,US,USD,15550102218
,2026-08-24 02:45:00,customer_2219@example.com,4,14.0,56.0,US,USD,15550102219
,2026-08-24 03:00:00,customer_2220@example.com,5,29.0,145.0,US,USD,15550102220
,2026-08-24 03:15:00,customer_2221@example.com,1,10.0,10.0,US,USD,15550102221
,2026-08-24 03:30:00,customer_2222@example.com,2,26.0,52.0,US,USD,15550102222
,2026-08-24 03:45:00,customer_2223@example.com,4,25.0,100.0,US,USD,15550102223
,2026-08-24 04:00:00,customer_2224@example.com,2,12.0,24.0,US,USD,15550102224
,2026-08-24 04:15:00,customer_2225@example.com,4,20.0,80.0,US,USD,15550102225
,2026-08-24 04:30:00,customer_2226@example.com,2,20.0,40.0,US,USD,15550102226
,2026-08-24 04:45:00,customer_2227@example.com,3,11.0,33.0,US,USD,15550102227
,2026-08-24 05:00:00,customer_2228@example.com,5,17.0,85.0,US,USD,15550102228
,2026-08-24 05:15:00,customer_2229@example.com,5,30.0,150.0,US,USD,15550102229
,2026-08-24 05:30:00,customer_2230@example.com,4,22.0,88.0,US,USD,15550102230
,2026-08-24 05:45:00,customer_2231@example.com,2,12.0,24.0,US,USD,15550102231
,2026-08-24 06:00:00,customer_2232@example.com,4,24.0,96.0,US,USD,15550102232
,2026-08-24 06:15:00,customer_2233@example.com,5,24.0,120.0,US,USD,15550102233
,2026-08-24 06:30:00,customer_2234@example.com,1,25.0,25.0,US,USD,15550102234
,2026-08-24 06:45:00,customer_2235@example.com,4,20.0,80.0,US,USD,15550102235
,2026-08-24 07:00:00,customer_2236@example.com,1,25.0,25.0,US,USD,15550102236
,2026-08-24 07:15:00,customer_2237@example.com,1,13.0,13.0,US,USD,15550102237
,2026-08-24 07:30:00,customer_2238@example.com,4,23.0,92.0,US,USD,15550102238
,2026-08-24 07:45:00,customer_2239@example.com,1,27.0,27.0,US,USD,15550102239
,2026-08-24 08:00:00,customer_2240@example.com,5,10.0,50.0,US,USD,15550102240
,2026-08-24 08:15:00,customer_2241@example.com,1,29.0,29.0,US,USD,15550102241
,2026-08-24 08:30:00,customer_2242@example.com,5,30.0,150.0,US,USD,15550102242
,2026-08-24 08:45:00,customer_2243@example.com,3,26.0,78.0,US,USD,15550102243
,2026-08-24 09:00:00,customer_2244@example.com,5,16.0,80.0,US,USD,15550102244
,2026-08-24 09:15:00,customer_2245@example.com,4,20.0,80.0,US,USD,15550102245
,2026-08-24 09:30:00,customer_2246@example.com,3,11.0,33.0,US,USD,15550102246
,2026-08-24 09:45:00,customer_2247@example.com,2,24.0,48.0,US,USD,15550102247
,2026-08-24 10:00:00,customer_2248@example.com,3,27.0,81.0,US,USD,15550102248
,2026-08-24 10:15:00,customer_2249@example.com,5,29.0,145.0,US,USD,15550102249
,2026-08-24 10:30:00,customer_2250@example.com,4,21.0,84.0,US,USD,15550102250
,2026-08-24 10:45:00,customer_2251@example.com,4,13.0,52.0,US,USD,15550102251
,2026-08-24 11:00:00,customer_2252@example.com,1,17.0,17.0,US,USD,15550102252
,2026-08-24 11:15:00,customer_2253@example.com,1,20.0,20.0,US,USD,15550102253
,2026-08-24 11:30:00,customer_2254@example.com,3,30.0,90.0,US,USD,15550102254
,2026-08-24 11:45:00,customer_2255@example.com,3,27.0,81.0,US,USD,15550102255
,2026-08-24 12:00:00,customer_2256@example.com,5,21.0,105.0,US,USD,15550102256
,2026-08-24 12:15:00,customer_2257@example.com,1,11.0,11.0,US,USD,15550102257
,2026-08-24 12:30:00,customer_2258@example.com,2,25.0,50.0,US,USD,15550102258
,2026-08-24 12:45:00,customer_2259@example.com,2,23.0,46.0,US,USD,15550102259
,2026-08-24 13:00:00,customer_2260@example.com,1,18.0,18.0,US,USD,15550102260
,2026-08-24 13:15:00,customer_2261@example.com,5,16.0,80.0,US,USD,15550102261
,2026-08-24 13:30:00,customer_2262@example.com,2,13.0,26.0,US,USD,15550102262
,2026-08-24 13:45:00,customer_2263@example.com,4,16.0,64.0,US,USD,15550102263
,2026-08-24 14:00:00,customer_2264@example.com,4,16.0,64.0,US,USD,15550102264
,2026-08-24 14:15:00,customer_2265@example.com,3,13.0,39.0,US,USD,15550102265
,2026-08-24 14:30:00,customer_2266@example.com,4,11.0,44.0,US,USD,15550102266
,2026-08-24 14:45:00,customer_2267@example.com,5,13.0,65.0,US,USD,15550102267
,2026-08-24 15:00:00,customer_2268@example.com,4,24.0,96.0,US,USD,15550102268
,2026-08-24 15:15:00,customer_2269@example.com,5,26.0,130.0,US,USD,15550102269
,2026-08-24 15:30:00,customer_2270@example.com,2,25.0,50.0,US,USD,15550102270
,2026-08-24 15:45:00,customer_2271@example.com,1,26.0,26.0,US,USD,15550102271
,2026-08-24 16:00:00,customer_2272@example.com,1,27.0,27.0,US,USD,15550102272
,2026-08-24 16:15:00,customer_2273@example.com,4,28.0,112.0,US,USD,15550102273
,2026-08-24 16:30:00,customer_2274@example.com,4,26.0,104.0,US,USD,15550102274
,2026-08-24 16:45:00,customer_2275@example.com,2,28.0,56.0,US,USD,15550102275
,2026-08-24 17:00:00,customer_2276@example.com,2,14.0,28.0,US,USD,15550102276
,2026-08-24 17:15:00,customer_2277@example.com,1,22.0,22.0,US,USD,15550102277
,2026-08-24 17:30:00,customer_2278@example.com,5,29.0,145.0,US,USD,15550102278
,2026-08-24 17:45:00,customer_2279@example.com,3,26.0,78.0,US,USD,15550102279
,2026-08-24 18:00:00,customer_2280@example.com,4,23.0,92.0,US,USD,15550102280
,2026-08-24 18:15:00,customer_2281@example.com,5,17.0,85.0,US,USD,15550102281
,2026-08-24 18:30:00,customer_2282@example.com,3,22.0,66.0,US,USD,15550102282
,2026-08-24 18:45:00,customer_2283@example.com,3,19.0,57.0,US,USD,15550102283
,2026-08-24 19:00:00,customer_2284@example.com,4,14.0,56.0,US,USD,15550102284
,2026-08-24 19:15:00,customer_2285@example.com,2,23.0,46.0,US,USD,15550102285
,2026-08-24 19:30:00,customer_2286@example.com,5,26.0,130.0,US,USD,15550102286
,2026-08-24 19:45:00,customer_2287@example.com,3,27.0,81.0,US,USD,15550102287
,2026-08-24 20:00:00,customer_2288@example.com,3,27.0,81.0,US,USD,15550102288
,2026-08-24 20:15:00,customer_2289@example.com,2,16.0,32.0,US,USD,15550102289
,2026-08-24 20:30:00,customer_2290@example.com,2,29.0,58.0,US,USD,15550102290
,2026-08-24 20:45:00,customer_2291@example.com,3,21.0,63.0,US,USD,15550102291
,2026-08-24 21:00:00,customer_2292@example.com,2,30.0,60.0,US,USD,15550102292
,2026-08-24 21:15:00,customer_2293@example.com,2,26.0,52.0,US,USD,15550102293
,2026-08-24 21:30:00,customer_2294@example.com,5,30.0,150.0,US,USD,15550102294
,2026-08-24 21:45:00,customer_2295@example.com,3,13.0,39.0,US,USD,15550102295
,2026-08-24 22:00:00,customer_2296@example.com,3,27.0,81.0,US,USD,15550102296
,2026-08-24 22:15:00,customer_2297@example.com,4,28.0,112.0,US,USD,15550102297
,2026-08-24 22:30:00,customer_2298@example.com,5,23.0,115.0,US,USD,15550102298
,2026-08-24 22:45:00,customer_2299@example.com,5,19.0,95.0,US,USD,15550102299
,2026-08-24 23:00:00,customer_2300@example.com,4,10.0,40.0,US,USD,15550102300
,2026-08-24 23:15:00,customer_2301@example.com,5,13.0,65.0,US,USD,15550102301
,2026-08-24 23:30:00,customer_2302@example.com,1,22.0,22.0,US,USD,15550102302
,2026-08-24 23:45:00,customer_2303@example.com,2,11.0,22.0,US,USD,15550102303
,2026-08-25 00:00:00,customer_2304@example.com,1,16.0,16.0,US,USD,15550102304
,2026-08-25 00:15:00,customer_2305@example.com,3,15.0,45.0,US,USD,15550102305
,2026-08-25 00:30:00,customer_2306@example.com,3,18.0,54.0,US,USD,15550102306
,2026-08-25 00:45:00,customer_2307@example.com,2,11.0,22.0,US,USD,15550102307
,2026-08-25 01:00:00,customer_2308@example.com,3,16.0,48.0,US,USD,15550102308
,2026-08-25 01:15:00,customer_2309@example.com,5,11.0,55.0,US,USD,15550102309
,2026-08-25 01:30:00,customer_2310@example.com,3,24.0,72.0,US,USD,15550102310
,2026-08-25 01:45:00,customer_2311@example.com,1,29.0,29.0,US,USD,15550102311
,2026-08-25 02:00:00,customer_2312@example.com,5,17.0,85.0,US,USD,15550102312
,2026-08-25 02:15:00,customer_2313@example.com,5,22.0,110.0,US,USD,15550102313
,2026-08-25 02:30:00,customer_2314@example.com,2,26.0,52.0,US,USD,15550102314
,2026-08-25 02:45:00,customer_2315@example.com,3,11.0,33.0,US,USD,15550102315
,2026-08-25 03:00:00,customer_2316@example.com,4,22.0,88.0,US,USD,15550102316
,2026-08-25 03:15:00,customer_2317@example.com,4,20.0,80.0,US,USD,15550102317
,2026-08-25 03:30:00,customer_2318@example.com,5,11.0,55.0,US,USD,15550102318
,2026-08-25 03:45:00,customer_2319@example.com,1,18.0,18.0,US,USD,15550102319
,2026-08-25 04:00:00,customer_2320@example.com,2,29.0,58.0,US,USD,15550102320
,2026-08-25 04:15:00,customer_2321@example.com,4,17.0,68.0,US,USD,15550102321
,2026-08-25 04:30:00,customer_2322@example.com,3,28.0,84.0,US,USD,15550102322
,2026-08-25 04:45:00,customer_2323@example.com,5,29.0,145.0,US,USD,15550102323
,2026-08-25 05:00:00,customer_2324@example.com,2,16.0,32.0,US,USD,15550102324
,2026-08-25 05:15:00,customer_2325@example.com,3,24.0,72.0,US,USD,15550102325
,2026-08-25 05:30:00,customer_2326@example.com,2,12.0,24.0,US,USD,15550102326
,2026-08-25 05:45:00,customer_2327@example.com,2,15.0,30.0,US,USD,15550102327
,2026-08-25 06:00:00,customer_2328@example.com,5,13.0,65.0,US,USD,15550102328
,2026-08-25 06:15:00,customer_2329@example.com,4,11.0,44.0,US,USD,15550102329
,2026-08-25 06:30:00,customer_2330@example.com,4,18.0,72.0,US,USD,15550102330
,2026-08-25 06:45:00,customer_2331@example.com,5,18.0,90.0,US,USD,15550102331
,2026-08-25 07:00:00,customer_2332@example.com,2,15.0,30.0,US,USD,15550102332
,2026-08-25 07:15:00,customer_2333@example.com,5,18.0,90.0,US,USD,15550102333
,2026-08-25 07:30:00,customer_2334@example.com,1,20.0,20.0,US,USD,15550102334
,2026-08-25 07:45:00,customer_2335@example.com,4,14.0,56.0,US,USD,15550102335
,2026-08-25 08:00:00,customer_2336@example.com,1,14.0,14.0,US,USD,15550102336
,2026-08-25 08:15:00,customer_2337@example.com,3,29.0,87.0,US,USD,15550102337
,2026-08-25 08:30:00,customer_2338@example.com,1,30.0,30.0,US,USD,15550102338
,2026-08-25 08:45:00,customer_2339@example.com,5,19.0,95.0,US,USD,15550102339
,2026-08-25 09:00:00,customer_2340@example.com,4,28.0,112.0,US,USD,15550102340
,2026-08-25 09:15:00,customer_2341@example.com,5,21.0,105.0,US,USD,15550102341
,2026-08-25 09:30:00,customer_2342@example.com,1,20.0,20.0,US,USD,15550102342
,2026-08-25 09:45:00,customer_2343@example.com,5,17.0,85.0,US,USD,15550102343
,2026-08-25 10:00:00,customer_2344@example.com,2,26.0,52.0,US,USD,15550102344
,2026-08-25 10:15:00,customer_2345@example.com,1,26.0,26.0,US,USD,15550102345
,2026-08-25 10:30:00,customer_2346@example.com,2,23.0,46.0,US,USD,15550102346
,2026-08-25 10:45:00,customer_2347@example.com,5,27.0,135.0,US,USD,15550102347
,2026-08-25 11:00:00,customer_2348@example.com,4,12.0,48.0,US,USD,15550102348
,2026-08-25 11:15:00,customer_2349@example.com,3,17.0,51.0,US,USD,15550102349
,2026-08-25 11:30:00,customer_2350@example.com,2,20.0,40.0,US,USD,15550102350
,2026-08-25 11:45:00,customer_2351@example.com,3,21.0,63.0,US,USD,15550102351
,2026-08-25 12:00:00,customer_2352@example.com,3,16.0,48.0,US,USD,15550102352
,2026-08-25 12:15:00,customer_2353@example.com,5,26.0,130.0,US,USD,15550102353
,2026-08-25 12:30:00,customer_2354@example.com,4,27.0,108.0,US,USD,15550102354
,2026-08-25 12:45:00,customer_2355@example.com,1,13.0,13.0,US,USD,15550102355
,2026-08-25 13:00:00,customer_2356@example.com,3,24.0,72.0,US,USD,15550102356
,2026-08-25 13:15:00,customer_2357@example.com,2,30.0,60.0,US,USD,15550102357
,2026-08-25 13:30:00,customer_2358@example.com,5,29.0,145.0,US,USD,15550102358
,2026-08-25 13:45:00,customer_2359@example.com,2,11.0,22.0,US,USD,15550102359
,2026-08-25 14:00:00,customer_2360@example.com,3,22.0,66.0,US,USD,15550102360
,2026-08-25 14:15:00,customer_2361@example.com,1,22.0,22.0,US,USD,15550102361
,2026-08-25 14:30:00,customer_2362@example.com,3,27.0,81.0,US,USD,15550102362
,2026-08-25 14:45:00,customer_2363@example.com,3,10.0,30.0,US,USD,15550102363
,2026-08-25 15:00:00,customer_2364@example.com,5,21.0,105.0,US,USD,15550102364
,2026-08-25 15:15:00,customer_2365@example.com,5,26.0,130.0,US,USD,15550102365
,2026-08-25 15:30:00,customer_2366@example.com,4,25.0,100.0,US,USD,15550102366
,2026-08-25 15:45:00,customer_2367@example.com,1,19.0,19.0,US,USD,15550102367
,2026-08-25 16:00:00,customer_2368@example.com,2,20.0,40.0,US,USD,15550102368
,2026-08-25 16:15:00,customer_2369@example.com,5,12.0,60.0,US,USD,15550102369
,2026-08-25 16:30:00,customer_2370@example.com,1,15.0,15.0,US,USD,15550102370
,2026-08-25 16:45:00,customer_2371@example.com,5,27.0,135.0,US,USD,15550102371
,2026-08-25 17:00:00,customer_2372@example.com,1,30.0,30.0,US,USD,15550102372
,2026-08-25 17:15:00,customer_2373@example.com,1,16.0,16.0,US,USD,15550102373
,2026-08-25 17:30:00,customer_2374@example.com,2,23.0,46.0,US,USD,15550102374
,2026-08-25 17:45:00,customer_2375@example.com,1,16.0,16.0,US,USD,15550102375
,2026-08-25 18:00:00,customer_2376@example.com,5,23.0,115.0,US,USD,15550102376
,2026-08-25 18:15:00,customer_2377@example.com,1,14.0,14.0,US,USD,15550102377
,2026-08-25 18:30:00,customer_2378@example.com,1,24.0,24.0,US,USD,15550102378
,2026-08-25 18:45:00,customer_2379@example.com,3,11.0,33.0,US,USD,15550102379
,2026-08-25 19:00:00,customer_2380@example.com,1,12.0,12.0,US,USD,15550102380
,2026-08-25 19:15:00,customer_2381@example.com,1,15.0,15.0,US,USD,15550102381
,2026-08-25 19:30:00,customer_2382@example.com,3,27.0,81.0,US,USD,15550102382
,2026-08-25 19:45:00,customer_2383@example.com,1,28.0,28.0,US,USD,15550102383
,2026-08-25 20:00:00,customer_2384@example.com,2,18.0,36.0,US,USD,15550102384
,2026-08-25 20:15:00,customer_2385@example.com,4,22.0,88.0,US,USD,15550102385
,2026-08-25 20:30:00,customer_2386@example.com,4,30.0,120.0,US,USD,15550102386
,2026-08-25 20:45:00,customer_2387@example.com,4,23.0,92.0,US,USD,15550102387
,2026-08-25 21:00:00,customer_2388@example.com,3,10.0,30.0,US,USD,15550102388
,2026-08-25 21:15:00,customer_2389@example.com,4,13.0,52.0,US,USD,15550102389
,2026-08-25 21:30:00,customer_2390@example.com,5,10.0,50.0,US,USD,15550102390
,2026-08-25 21:45:00,customer_2391@example.com,5,12.0,60.0,US,USD,15550102391
,2026-08-25 22:00:00,customer_2392@example.com,5,11.0,55.0,US,USD,15550102392
,2026-08-25 22:15:00,customer_2393@example.com,1,21.0,21.0,US,USD,15550102393
,2026-08-25 22:30:00,customer_2394@example.com,5,13.0,65.0,US,USD,15550102394
,2026-08-25 22:45:00,customer_2395@example.com,3,19.0,57.0,US,USD,15550102395
,2026-08-25 23:00:00,customer_2396@example.com,5,12.0,60.0,US,USD,15550102396
,2026-08-25 23:15:00,customer_2397@example.com,3,24.0,72.0,US,USD,15550102397
,2026-08-25 23:30:00,customer_2398@example.com,4,22.0,88.0,US,USD,15550102398
,2026-08-25 23:45:00,customer_2399@example.com,1,25.0,25.0,US,USD,15550102399
,2026-08-26 00:00:00,customer_2400@example.com,2,27.0,54.0,US,USD,15550102400
,2026-08-26 00:15:00,customer_2401@example.com,2,14.0,28.0,US,USD,15550102401
,2026-08-26 00:30:00,customer_2402@example.com,4,27.0,108.0,US,USD,15550102402
,2026-08-26 00:45:00,customer_2403@example.com,3,30.0,90.0,US,USD,15550102403
,2026-08-26 01:00:00,customer_2404@example.com,2,19.0,38.0,US,USD,15550102404
,2026-08-26 01:15:00,customer_2405@example.com,3,10.0,30.0,US,USD,15550102405
,2026-08-26 01:30:00,customer_2406@example.com,5,27.0,135.0,US,USD,15550102406
,2026-08-26 01:45:00,customer_2407@example.com,2,13.0,26.0,US,USD,15550102407
,2026-08-26 02:00:00,customer_2408@example.com,1,10.0,10.0,US,USD,15550102408
,2026-08-26 02:15:00,customer_2409@example.com,5,29.0,145.0,US,USD,15550102409
,2026-08-26 02:30:00,customer_2410@example.com,4,27.0,108.0,US,USD,15550102410
,2026-08-26 02:45:00,customer_2411@example.com,5,12.0,60.0,US,USD,15550102411
,2026-08-26 03:00:00,customer_2412@example.com,3,16.0,48.0,US,USD,15550102412
,2026-08-26 03:15:00,customer_2413@example.com,3,16.0,48.0,US,USD,15550102413
,2026-08-26 03:30:00,customer_2414@example.com,4,30.0,120.0,US,USD,15550102414
,2026-08-26 03:45:00,customer_2415@example.com,5,14.0,70.0,US,USD,15550102415
,2026-08-26 04:00:00,customer_2416@example.com,2,15.0,30.0,US,USD,15550102416
,2026-08-26 04:15:00,customer_2417@example.com,2,29.0,58.0,US,USD,15550102417
,2026-08-26 04:30:00,customer_2418@example.com,3,16.0,48.0,US,USD,15550102418
,2026-08-26 04:45:00,customer_2419@example.com,1,15.0,15.0,US,USD,15550102419
,2026-08-26 05:00:00,customer_2420@example.com,5,11.0,55.0,US,USD,15550102420
,2026-08-26 05:15:00,customer_2421@example.com,5,24.0,120.0,US,USD,15550102421
,2026-08-26 05:30:00,customer_2422@example.com,5,12.0,60.0,US,USD,15550102422
,2026-08-26 05:45:00,customer_2423@example.com,3,12.0,36.0,US,USD,15550102423
,2026-08-26 06:00:00,customer_2424@example.com,3,13.0,39.0,US,USD,15550102424
,2026-08-26 06:15:00,customer_2425@example.com,2,28.0,56.0,US,USD,15550102425
,2026-08-26 06:30:00,customer_2426@example.com,4,20.0,80.0,US,USD,15550102426
,2026-08-26 06:45:00,customer_2427@example.com,3,14.0,42.0,US,USD,15550102427
,2026-08-26 07:00:00,customer_2428@example.com,2,13.0,26.0,US,USD,15550102428
,2026-08-26 07:15:00,customer_2429@example.com,3,29.0,87.0,US,USD,15550102429
,2026-08-26 07:30:00,customer_2430@example.com,1,16.0,16.0,US,USD,15550102430
,2026-08-26 07:45:00,customer_2431@example.com,3,25.0,75.0,US,USD,15550102431
,2026-08-26 08:00:00,customer_2432@example.com,4,20.0,80.0,US,USD,15550102432
,2026-08-26 08:15:00,customer_2433@example.com,5,19.0,95.0,US,USD,15550102433
,2026-08-26 08:30:00,customer_2434@example.com,5,14.0,70.0,US,USD,15550102434
,2026-08-26 08:45:00,customer_2435@example.com,5,28.0,140.0,US,USD,15550102435
,2026-08-26 09:00:00,customer_2436@example.com,3,20.0,60.0,US,USD,15550102436
,2026-08-26 09:15:00,customer_2437@example.com,4,15.0,60.0,US,USD,15550102437
,2026-08-26 09:30:00,customer_2438@example.com,1,20.0,20.0,US,USD,15550102438
,2026-08-26 09:45:00,customer_2439@example.com,2,17.0,34.0,US,USD,15550102439
,2026-08-26 10:00:00,customer_2440@example.com,4,18.0,72.0,US,USD,15550102440
,2026-08-26 10:15:00,customer_2441@example.com,3,14.0,42.0,US,USD,15550102441
,2026-08-26 10:30:00,customer_2442@example.com,3,25.0,75.0,US,USD,15550102442
,2026-08-26 10:45:00,customer_2443@example.com,4,24.0,96.0,US,USD,15550102443
,2026-08-26 11:00:00,customer_2444@example.com,3,19.0,57.0,US,USD,15550102444
,2026-08-26 11:15:00,customer_2445@example.com,4,27.0,108.0,US,USD,15550102445
,2026-08-26 11:30:00,customer_2446@example.com,1,15.0,15.0,US,USD,15550102446
,2026-08-26 11:45:00,customer_2447@example.com,5,12.0,60.0,US,USD,15550102447
,2026-08-26 12:00:00,customer_2448@example.com,3,14.0,42.0,US,USD,15550102448
,2026-08-26 12:15:00,customer_2449@example.com,5,16.0,80.0,US,USD,15550102449
,2026-08-26 12:30:00,customer_2450@example.com,3,30.0,90.0,US,USD,15550102450
,2026-08-26 12:45:00,customer_2451@example.com,1,12.0,12.0,US,USD,15550102451
,2026-08-26 13:00:00,customer_2452@example.com,1,26.0,26.0,US,USD,15550102452
,2026-08-26 13:15:00,customer_2453@example.com,1,28.0,28.0,US,USD,15550102453
,2026-08-26 13:30:00,customer_2454@example.com,5,22.0,110.0,US,USD,15550102454
,2026-08-26 13:45:00,customer_2455@example.com,5,16.0,80.0,US,USD,15550102455
,2026-08-26 14:00:00,customer_2456@example.com,1,27.0,27.0,US,USD,15550102456
,2026-08-26 14:15:00,customer_2457@example.com,3,27.0,81.0,US,USD,15550102457
,2026-08-26 14:30:00,customer_2458@example.com,5,25.0,125.0,US,USD,15550102458
,2026-08-26 14:45:00,customer_2459@example.com,2,21.0,42.0,US,USD,15550102459
,2026-08-26 15:00:00,customer_2460@example.com,4,17.0,68.0,US,USD,15550102460
,2026-08-26 15:15:00,customer_2461@example.com,5,19.0,95.0,US,USD,15550102461
,2026-08-26 15:30:00,customer_2462@example.com,2,24.0,48.0,US,USD,15550102462
,2026-08-26 15:45:00,customer_2463@example.com,5,26.0,130.0,US,USD,15550102463
,2026-08-26 16:00:00,customer_2464@example.com,1,22.0,22.0,US,USD,15550102464
,2026-08-26 16:15:00,customer_2465@example.com,3,26.0,78.0,US,USD,15550102465
,2026-08-26 16:30:00,customer_2466@example.com,1,17.0,17.0,US,USD,15550102466
,2026-08-26 16:45:00,customer_2467@example.com,5,15.0,75.0,US,USD,15550102467
,2026-08-26 17:00:00,customer_2468@example.com,5,14.0,70.0,US,USD,15550102468
,2026-08-26 17:15:00,customer_2469@example.com,4,15.0,60.0,US,USD,15550102469
,2026-08-26 17:30:00,customer_2470@example.com,2,28.0,56.0,US,USD,15550102470
,2026-08-26 17:45:00,customer_2471@example.com,5,14.0,70.0,US,USD,15550102471
,2026-08-26 18:00:00,customer_2472@example.com,4,21.0,84.0,US,USD,15550102472
,2026-08-26 18:15:00,customer_2473@example.com,1,17.0,17.0,US,USD,15550102473
,2026-08-26 18:30:00,customer_2474@example.com,4,17.0,68.0,US,USD,15550102474
,2026-08-26 18:45:00,customer_2475@example.com,1,18.0,18.0,US,USD,15550102475
,2026-08-26 19:00:00,customer_2476@example.com,3,17.0,51.0,US,USD,15550102476
,2026-08-26 19:15:00,customer_2477@example.com,1,16.0,16.0,US,USD,15550102477
,2026-08-26 19:30:00,customer_2478@example.com,5,21.0,105.0,US,USD,15550102478
,2026-08-26 19:45:00,customer_2479@example.com,4,25.0,100.0,US,USD,15550102479
,2026-08-26 20:00:00,customer_2480@example.com,4,11.0,44.0,US,USD,15550102480
,2026-08-26 20:15:00,customer_2481@example.com,1,30.0,30.0,US,USD,15550102481
,2026-08-26 20:30:00,customer_2482@example.com,3,13.0,39.0,US,USD,15550102482
,2026-08-26 20:45:00,customer_2483@example.com,5,30.0,150.0,US,USD,15550102483
,2026-08-26 21:00:00,customer_2484@example.com,3,18.0,54.0,US,USD,15550102484
,2026-08-26 21:15:00,customer_2485@example.com,5,27.0,135.0,US,USD,15550102485
,2026-08-26 21:30:00,customer_2486@example.com,5,15.0,75.0,US,USD,15550102486
,2026-08-26 21:45:00,customer_2487@example.com,4,30.0,120.0,US,USD,15550102487
,2026-08-26 22:00:00,customer_2488@example.com,4,21.0,84.0,US,USD,15550102488
,2026-08-26 22:15:00,customer_2489@example.com,5,30.0,150.0,US,USD,15550102489
,2026-08-26 22:30:00,customer_2490@example.com,1,26.0,26.0,US,USD,15550102490
,2026-08-26 22:45:00,customer_2491@example.com,3,22.0,66.0,US,USD,15550102491
,2026-08-26 23:00:00,customer_2492@example.com,2,26.0,52.0,US,USD,15550102492
,2026-08-26 23:15:00,customer_2493@example.com,4,21.0,84.0,US,USD,15550102493
,2026-08-26 23:30:00,customer_2494@example.com,3,25.0,75.0,US,USD,15550102494
,2026-08-26 23:45:00,customer_2495@example.com,4,29.0,116.0,US,USD,15550102495
,2026-08-27 00:00:00,customer_2496@example.com,1,26.0,26.0,US,USD,15550102496
,2026-08-27 00:15:00,customer_2497@example.com,2,24.0,48.0,US,USD,15550102497
,2026-08-27 00:30:00,customer_2498@example.com,2,17.0,34.0,US,USD,15550102498
,2026-08-27 00:45:00,customer_2499@example.com,1,26.0,26.0,US,USD,15550102499
,2026-08-27 01:00:00,customer_2500@example.com,3,16.0,48.0,US,USD,15550102500
,2026-08-27 01:15:00,customer_2501@example.com,2,15.0,30.0,US,USD,15550102501
,2026-08-27 01:30:00,customer_2502@example.com,2,21.0,42.0,US,USD,15550102502
,2026-08-27 01:45:00,customer_2503@example.com,5,13.0,65.0,US,USD,15550102503
,2026-08-27 02:00:00,customer_2504@example.com,2,23.0,46.0,US,USD,15550102504
,2026-08-27 02:15:00,customer_2505@example.com,3,13.0,39.0,US,USD,15550102505
,2026-08-27 02:30:00,customer_2506@example.com,4,25.0,100.0,US,USD,15550102506
,2026-08-27 02:45:00,customer_2507@example.com,4,16.0,64.0,US,USD,15550102507
,2026-08-27 03:00:00,customer_2508@example.com,5,15.0,75.0,US,USD,15550102508
,2026-08-27 03:15:00,customer_2509@example.com,4,10.0,40.0,US,USD,15550102509
,2026-08-27 03:30:00,customer_2510@example.com,2,11.0,22.0,US,USD,15550102510
,2026-08-27 03:45:00,customer_2511@example.com,2,28.0,56.0,US,USD,15550102511
,2026-08-27 04:00:00,customer_2512@example.com,5,15.0,75.0,US,USD,15550102512
,2026-08-27 04:15:00,customer_2513@example.com,2,30.0,60.0,US,USD,15550102513
,2026-08-27 04:30:00,customer_2514@example.com,5,11.0,55.0,US,USD,15550102514
,2026-08-27 04:45:00,customer_2515@example.com,5,14.0,70.0,US,USD,15550102515
,2026-08-27 05:00:00,customer_2516@example.com,1,15.0,15.0,US,USD,15550102516
,2026-08-27 05:15:00,customer_2517@example.com,3,15.0,45.0,US,USD,15550102517
,2026-08-27 05:30:00,customer_2518@example.com,5,22.0,110.0,US,USD,15550102518
,2026-08-27 05:45:00,customer_2519@example.com,5,28.0,140.0,US,USD,15550102519
,2026-08-27 06:00:00,customer_2520@example.com,1,19.0,19.0,US,USD,15550102520
,2026-08-27 06:15:00,customer_2521@example.com,1,16.0,16.0,US,USD,15550102521
,2026-08-27 06:30:00,customer_2522@example.com,4,29.0,116.0,US,USD,15550102522
,2026-08-27 06:45:00,customer_2523@example.com,4,25.0,100.0,US,USD,15550102523
,2026-08-27 07:00:00,customer_2524@example.com,2,17.0,34.0,US,USD,15550102524
,2026-08-27 07:15:00,customer_2525@example.com,4,29.0,116.0,US,USD,15550102525
,2026-08-27 07:30:00,customer_2526@example.com,2,28.0,56.0,US,USD,15550102526
,2026-08-27 07:45:00,customer_2527@example.com,2,29.0,58.0,US,USD,15550102527
,2026-08-27 08:00:00,customer_2528@example.com,5,18.0,90.0,US,USD,15550102528
,2026-08-27 08:15:00,customer_2529@example.com,2,20.0,40.0,US,USD,15550102529
,2026-08-27 08:30:00,customer_2530@example.com,4,29.0,116.0,US,USD,15550102530
,2026-08-27 08:45:00,customer_2531@example.com,5,12.0,60.0,US,USD,15550102531
,2026-08-27 09:00:00,customer_2532@example.com,2,22.0,44.0,US,USD,15550102532
,2026-08-27 09:15:00,customer_2533@example.com,4,14.0,56.0,US,USD,15550102533
,2026-08-27 09:30:00,customer_2534@example.com,1,10.0,10.0,US,USD,15550102534
,2026-08-27 09:45:00,customer_2535@example.com,2,26.0,52.0,US,USD,15550102535
,2026-08-27 10:00:00,customer_2536@example.com,5,23.0,115.0,US,USD,15550102536
,2026-08-27 10:15:00,customer_2537@example.com,2,29.0,58.0,US,USD,15550102537
,2026-08-27 10:30:00,customer_2538@example.com,1,15.0,15.0,US,USD,15550102538
,2026-08-27 10:45:00,customer_2539@example.com,4,29.0,116.0,US,USD,15550102539
,2026-08-27 11:00:00,customer_2540@example.com,5,11.0,55.0,US,USD,15550102540
,2026-08-27 11:15:00,customer_2541@example.com,5,26.0,130.0,US,USD,15550102541
,2026-08-27 11:30:00,customer_2542@example.com,1,12.0,12.0,US,USD,15550102542
,2026-08-27 11:45:00,customer_2543@example.com,4,14.0,56.0,US,USD,15550102543
,2026-08-27 12:00:00,customer_2544@example.com,5,27.0,135.0,US,USD,15550102544
,2026-08-27 12:15:00,customer_2545@example.com,1,30.0,30.0,US,USD,15550102545
,2026-08-27 12:30:00,customer_2546@example.com,4,26.0,104.0,US,USD,15550102546
,2026-08-27 12:45:00,customer_2547@example.com,4,21.0,84.0,US,USD,15550102547
,2026-08-27 13:00:00,customer_2548@example.com,1,26.0,26.0,US,USD,15550102548
,2026-08-27 13:15:00,customer_2549@example.com,4,17.0,68.0,US,USD,15550102549
,2026-08-27 13:30:00,customer_2550@example.com,4,22.0,88.0,US,USD,15550102550
,2026-08-27 13:45:00,customer_2551@example.com,3,28.0,84.0,US,USD,15550102551
,2026-08-27 14:00:00,customer_2552@example.com,5,13.0,65.0,US,USD,15550102552
,2026-08-27 14:15:00,customer_2553@example.com,4,14.0,56.0,US,USD,15550102553
,2026-08-27 14:30:00,customer_2554@example.com,3,25.0,75.0,US,USD,15550102554
,2026-08-27 14:45:00,customer_2555@example.com,2,12.0,24.0,US,USD,15550102555
,2026-08-27 15:00:00,customer_2556@example.com,3,29.0,87.0,US,USD,15550102556
,2026-08-27 15:15:00,customer_2557@example.com,5,23.0,115.0,US,USD,15550102557
,2026-08-27 15:30:00,customer_2558@example.com,3,16.0,48.0,US,USD,15550102558
,2026-08-27 15:45:00,customer_2559@example.com,1,10.0,10.0,US,USD,15550102559
,2026-08-27 16:00:00,customer_2560@example.com,5,26.0,130.0,US,USD,15550102560
,2026-08-27 16:15:00,customer_2561@example.com,1,26.0,26.0,US,USD,15550102561
,2026-08-27 16:30:00,customer_2562@example.com,1,22.0,22.0,US,USD,15550102562
,2026-08-27 16:45:00,customer_2563@example.com,2,20.0,40.0,US,USD,15550102563
,2026-08-27 17:00:00,customer_2564@example.com,4,21.0,84.0,US,USD,15550102564
,2026-08-27 17:15:00,customer_2565@example.com,1,14.0,14.0,US,USD,15550102565
,2026-08-27 17:30:00,customer_2566@example.com,4,30.0,120.0,US,USD,15550102566
,2026-08-27 17:45:00,customer_2567@example.com,5,18.0,90.0,US,USD,15550102567
,2026-08-27 18:00:00,customer_2568@example.com,3,27.0,81.0,US,USD,15550102568
,2026-08-27 18:15:00,customer_2569@example.com,4,28.0,112.0,US,USD,15550102569
,2026-08-27 18:30:00,customer_2570@example.com,3,29.0,87.0,US,USD,15550102570
,2026-08-27 18:45:00,customer_2571@example.com,3,22.0,66.0,US,USD,15550102571
,2026-08-27 19:00:00,customer_2572@example.com,2,23.0,46.0,US,USD,15550102572
,2026-08-27 19:15:00,customer_2573@example.com,5,27.0,135.0,US,USD,15550102573
,2026-08-27 19:30:00,customer_2574@example.com,4,15.0,60.0,US,USD,15550102574
,2026-08-27 19:45:00,customer_2575@example.com,3,27.0,81.0,US,USD,15550102575
,2026-08-27 20:00:00,customer_2576@example.com,5,25.0,125.0,US,USD,15550102576
,2026-08-27 20:15:00,customer_2577@example.com,3,19.0,57.0,US,USD,15550102577
,2026-08-27 20:30:00,customer_2578@example.com,5,21.0,105.0,US,USD,15550102578
,2026-08-27 20:45:00,customer_2579@example.com,4,14.0,56.0,US,USD,15550102579
,2026-08-27 21:00:00,customer_2580@example.com,1,17.0,17.0,US,USD,15550102580
,2026-08-27 21:15:00,customer_2581@example.com,4,15.0,60.0,US,USD,15550102581
,2026-08-27 21:30:00,customer_2582@example.com,1,16.0,16.0,US,USD,15550102582
,2026-08-27 21:45:00,customer_2583@example.com,5,22.0,110.0,US,USD,15550102583
,2026-08-27 22:00:00,customer_2584@example.com,3,27.0,81.0,US,USD,15550102584
,2026-08-27 22:15:00,customer_2585@example.com,5,11.0,55.0,US,USD,15550102585
,2026-08-27 22:30:00,customer_2586@example.com,2,22.0,44.0,US,USD,15550102586
,2026-08-27 22:45:00,customer_2587@example.com,1,12.0,12.0,US,USD,15550102587
,2026-08-27 23:00:00,customer_2588@example.com,2,25.0,50.0,US,USD,15550102588
,2026-08-27 23:15:00,customer_2589@example.com,5,23.0,115.0,US,USD,15550102589
,2026-08-27 23:30:00,customer_2590@example.com,1,12.0,12.0,US,USD,15550102590
,2026-08-27 23:45:00,customer_2591@example.com,3,17.0,51.0,US,USD,15550102591
,2026-08-28 00:00:00,customer_2592@example.com,3,12.0,36.0,US,USD,15550102592
,2026-08-28 00:15:00,customer_2593@example.com,5,11.0,55.0,US,USD,15550102593
,2026-08-28 00:30:00,customer_2594@example.com,4,22.0,88.0,US,USD,15550102594
,2026-08-28 00:45:00,customer_2595@example.com,5,30.0,150.0,US,USD,15550102595
,2026-08-28 01:00:00,customer_2596@example.com,5,19.0,95.0,US,USD,15550102596
,2026-08-28 01:15:00,customer_2597@example.com,5,11.0,55.0,US,USD,15550102597
,2026-08-28 01:30:00,customer_2598@example.com,2,30.0,60.0,US,USD,15550102598
,2026-08-28 01:45:00,customer_2599@example.com,4,24.0,96.0,US,USD,15550102599
,2026-08-28 02:00:00,customer_2600@example.com,1,16.0,16.0,US,USD,15550102600
,2026-08-28 02:15:00,customer_2601@example.com,5,19.0,95.0,US,USD,15550102601
,2026-08-28 02:30:00,customer_2602@example.com,2,11.0,22.0,US,USD,15550102602
,2026-08-28 02:45:00,customer_2603@example.com,5,26.0,130.0,US,USD,15550102603
,2026-08-28 03:00:00,customer_2604@example.com,5,17.0,85.0,US,USD,15550102604
,2026-08-28 03:15:00,customer_2605@example.com,5,15.0,75.0,US,USD,15550102605
,2026-08-28 03:30:00,customer_2606@example.com,1,21.0,21.0,US,USD,15550102606
,2026-08-28 03:45:00,customer_2607@example.com,2,30.0,60.0,US,USD,15550102607
,2026-08-28 04:00:00,customer_2608@example.com,1,15.0,15.0,US,USD,15550102608
,2026-08-28 04:15:00,customer_2609@example.com,1,18.0,18.0,US,USD,15550102609
,2026-08-28 04:30:00,customer_2610@example.com,4,21.0,84.0,US,USD,15550102610
,2026-08-28 04:45:00,customer_2611@example.com,4,22.0,88.0,US,USD,15550102611
,2026-08-28 05:00:00,customer_2612@example.com,5,16.0,80.0,US,USD,15550102612
,2026-08-28 05:15:00,customer_2613@example.com,5,10.0,50.0,US,USD,15550102613
,2026-08-28 05:30:00,customer_2614@example.com,1,12.0,12.0,US,USD,15550102614
,2026-08-28 05:45:00,customer_2615@example.com,5,19.0,95.0,US,USD,15550102615
,2026-08-28 06:00:00,customer_2616@example.com,5,28.0,140.0,US,USD,15550102616
,2026-08-28 06:15:00,customer_2617@example.com,3,21.0,63.0,US,USD,15550102617
,2026-08-28 06:30:00,customer_2618@example.com,3,17.0,51.0,US,USD,15550102618
,2026-08-28 06:45:00,customer_2619@example.com,5,16.0,80.0,US,USD,15550102619
,2026-08-28 07:00:00,customer_2620@example.com,4,22.0,88.0,US,USD,15550102620
,2026-08-28 07:15:00,customer_2621@example.com,5,10.0,50.0,US,USD,15550102621
,2026-08-28 07:30:00,customer_2622@example.com,3,15.0,45.0,US,USD,15550102622
,2026-08-28 07:45:00,customer_2623@example.com,4,26.0,104.0,US,USD,15550102623
,2026-08-28 08:00:00,customer_2624@example.com,1,27.0,27.0,US,USD,15550102624
,2026-08-28 08:15:00,customer_2625@example.com,1,26.0,26.0,US,USD,15550102625
,2026-08-28 08:30:00,customer_2626@example.com,3,20.0,60.0,US,USD,15550102626
,2026-08-28 08:45:00,customer_2627@example.com,1,26.0,26.0,US,USD,15550102627
,2026-08-28 09:00:00,customer_2628@example.com,3,27.0,81.0,US,USD,15550102628
,2026-08-28 09:15:00,customer_2629@example.com,5,18.0,90.0,US,USD,15550102629
,2026-08-28 09:30:00,customer_2630@example.com,4,22.0,88.0,US,USD,15550102630
,2026-08-28 09:45:00,customer_2631@example.com,5,25.0,125.0,US,USD,15550102631
,2026-08-28 10:00:00,customer_2632@example.com,2,20.0,40.0,US,USD,15550102632
,2026-08-28 10:15:00,customer_2633@example.com,4,24.0,96.0,US,USD,15550102633
,2026-08-28 10:30:00,customer_2634@example.com,5,10.0,50.0,US,USD,15550102634
,2026-08-28 10:45:00,customer_2635@example.com,4,13.0,52.0,US,USD,15550102635
,2026-08-28 11:00:00,customer_2636@example.com,3,12.0,36.0,US,USD,15550102636
,2026-08-28 11:15:00,customer_2637@example.com,4,30.0,120.0,US,USD,15550102637
,2026-08-28 11:30:00,customer_2638@example.com,2,17.0,34.0,US,USD,15550102638
,2026-08-28 11:45:00,customer_2639@example.com,3,23.0,69.0,US,USD,15550102639
,2026-08-28 12:00:00,customer_2640@example.com,3,26.0,78.0,US,USD,15550102640
,2026-08-28 12:15:00,customer_2641@example.com,5,10.0,50.0,US,USD,15550102641
,2026-08-28 12:30:00,customer_2642@example.com,3,17.0,51.0,US,USD,15550102642
,2026-08-28 12:45:00,customer_2643@example.com,3,12.0,36.0,US,USD,15550102643
,2026-08-28 13:00:00,customer_2644@example.com,4,20.0,80.0,US,USD,15550102644
,2026-08-28 13:15:00,customer_2645@example.com,1,27.0,27.0,US,USD,15550102645
,2026-08-28 13:30:00,customer_2646@example.com,2,25.0,50.0,US,USD,15550102646
,2026-08-28 13:45:00,customer_2647@example.com,3,21.0,63.0,US,USD,15550102647
,2026-08-28 14:00:00,customer_2648@example.com,2,28.0,56.0,US,USD,15550102648
,2026-08-28 14:15:00,customer_2649@example.com,3,15.0,45.0,US,USD,15550102649
,2026-08-28 14:30:00,customer_2650@example.com,2,25.0,50.0,US,USD,15550102650
,2026-08-28 14:45:00,customer_2651@example.com,2,17.0,34.0,US,USD,15550102651
,2026-08-28 15:00:00,customer_2652@example.com,2,18.0,36.0,US,USD,15550102652
,2026-08-28 15:15:00,customer_2653@example.com,2,17.0,34.0,US,USD,15550102653
,2026-08-28 15:30:00,customer_2654@example.com,2,17.0,34.0,US,USD,15550102654
,2026-08-28 15:45:00,customer_2655@example.com,5,21.0,105.0,US,USD,15550102655
,2026-08-28 16:00:00,customer_2656@example.com,2,13.0,26.0,US,USD,15550102656
,2026-08-28 16:15:00,customer_2657@example.com,1,12.0,12.0,US,USD,15550102657
,2026-08-28 16:30:00,customer_2658@example.com,4,29.0,116.0,US,USD,15550102658
,2026-08-28 16:45:00,customer_2659@example.com,1,27.0,27.0,US,USD,15550102659
,2026-08-28 17:00:00,customer_2660@example.com,1,25.0,25.0,US,USD,15550102660
,2026-08-28 17:15:00,customer_2661@example.com,3,29.0,87.0,US,USD,15550102661
,2026-08-28 17:30:00,customer_2662@example.com,3,25.0,75.0,US,USD,15550102662
,2026-08-28 17:45:00,customer_2663@example.com,5,18.0,90.0,US,USD,15550102663
,2026-08-28 18:00:00,customer_2664@example.com,4,15.0,60.0,US,USD,15550102664
,2026-08-28 18:15:00,customer_2665@example.com,5,18.0,90.0,US,USD,15550102665
,2026-08-28 18:30:00,customer_2666@example.com,4,17.0,68.0,US,USD,15550102666
,2026-08-28 18:45:00,customer_2667@example.com,5,14.0,70.0,US,USD,15550102667
,2026-08-28 19:00:00,customer_2668@example.com,1,26.0,26.0,US,USD,15550102668
,2026-08-28 19:15:00,customer_2669@example.com,4,25.0,100.0,US,USD,15550102669
,2026-08-28 19:30:00,customer_2670@example.com,5,11.0,55.0,US,USD,15550102670
,2026-08-28 19:45:00,customer_2671@example.com,5,21.0,105.0,US,USD,15550102671
,2026-08-28 20:00:00,customer_2672@example.com,4,15.0,60.0,US,USD,15550102672
,2026-08-28 20:15:00,customer_2673@example.com,4,13.0,52.0,US,USD,15550102673
,2026-08-28 20:30:00,customer_2674@example.com,5,24.0,120.0,US,USD,15550102674
,2026-08-28 20:45:00,customer_2675@example.com,3,10.0,30.0,US,USD,15550102675
,2026-08-28 21:00:00,customer_2676@example.com,1,16.0,16.0,US,USD,15550102676
,2026-08-28 21:15:00,customer_2677@example.com,4,28.0,112.0,US,USD,15550102677
,2026-08-28 21:30:00,customer_2678@example.com,1,20.0,20.0,US,USD,15550102678
,2026-08-28 21:45:00,customer_2679@example.com,3,29.0,87.0,US,USD,15550102679
,2026-08-28 22:00:00,customer_2680@example.com,3,15.0,45.0,US,USD,15550102680
,2026-08-28 22:15:00,customer_2681@example.com,5,18.0,90.0,US,USD,15550102681
,2026-08-28 22:30:00,customer_2682@example.com,2,18.0,36.0,US,USD,15550102682
,2026-08-28 22:45:00,customer_2683@example.com,4,29.0,116.0,US,USD,15550102683
,2026-08-28 23:00:00,customer_2684@example.com,3,21.0,63.0,US,USD,15550102684
,2026-08-28 23:15:00,customer_2685@example.com,2,25.0,50.0,US,USD,15550102685
,2026-08-28 23:30:00,customer_2686@example.com,4,16.0,64.0,US,USD,15550102686
,2026-08-28 23:45:00,customer_2687@example.com,4,21.0,84.0,US,USD,15550102687
,2026-08-29 00:00:00,customer_2688@example.com,3,22.0,66.0,US,USD,15550102688
,2026-08-29 00:15:00,customer_2689@example.com,3,24.0,72.0,US,USD,15550102689
,2026-08-29 00:30:00,customer_2690@example.com,2,28.0,56.0,US,USD,15550102690
,2026-08-29 00:45:00,customer_2691@example.com,2,28.0,56.0,US,USD,15550102691
,2026-08-29 01:00:00,customer_2692@example.com,2,13.0,26.0,US,USD,15550102692
,2026-08-29 01:15:00,customer_2693@example.com,3,17.0,51.0,US,USD,15550102693
,2026-08-29 01:30:00,customer_2694@example.com,5,23.0,115.0,US,USD,15550102694
,2026-08-29 01:45:00,customer_2695@example.com,4,16.0,64.0,US,USD,15550102695
,2026-08-29 02:00:00,customer_2696@example.com,2,14.0,28.0,US,USD,15550102696
,2026-08-29 02:15:00,customer_2697@example.com,4,10.0,40.0,US,USD,15550102697
,2026-08-29 02:30:00,customer_2698@example.com,2,23.0,46.0,US,USD,15550102698
,2026-08-29 02:45:00,customer_2699@example.com,4,14.0,56.0,US,USD,15550102699
,2026-08-29 03:00:00,customer_2700@example.com,5,27.0,135.0,US,USD,15550102700
,2026-08-29 03:15:00,customer_2701@example.com,3,25.0,75.0,US,USD,15550102701
,2026-08-29 03:30:00,customer_2702@example.com,3,18.0,54.0,US,USD,15550102702
,2026-08-29 03:45:00,customer_2703@example.com,5,28.0,140.0,US,USD,15550102703
,2026-08-29 04:00:00,customer_2704@example.com,1,22.0,22.0,US,USD,15550102704
,2026-08-29 04:15:00,customer_2705@example.com,1,15.0,15.0,US,USD,15550102705
,2026-08-29 04:30:00,customer_2706@example.com,1,16.0,16.0,US,USD,15550102706
,2026-08-29 04:45:00,customer_2707@example.com,3,25.0,75.0,US,USD,15550102707
,2026-08-29 05:00:00,customer_2708@example.com,1,24.0,24.0,US,USD,15550102708
,2026-08-29 05:15:00,customer_2709@example.com,3,18.0,54.0,US,USD,15550102709
,2026-08-29 05:30:00,customer_2710@example.com,3,21.0,63.0,US,USD,15550102710
,2026-08-29 05:45:00,customer_2711@example.com,5,27.0,135.0,US,USD,15550102711
,2026-08-29 06:00:00,customer_2712@example.com,3,21.0,63.0,US,USD,15550102712
,2026-08-29 06:15:00,customer_2713@example.com,1,23.0,23.0,US,USD,15550102713
,2026-08-29 06:30:00,customer_2714@example.com,1,21.0,21.0,US,USD,15550102714
,2026-08-29 06:45:00,customer_2715@example.com,5,16.0,80.0,US,USD,15550102715
,2026-08-29 07:00:00,customer_2716@example.com,5,28.0,140.0,US,USD,15550102716
,2026-08-29 07:15:00,customer_2717@example.com,5,15.0,75.0,US,USD,15550102717
,2026-08-29 07:30:00,customer_2718@example.com,3,21.0,63.0,US,USD,15550102718
,2026-08-29 07:45:00,customer_2719@example.com,3,26.0,78.0,US,USD,15550102719
,2026-08-29 08:00:00,customer_2720@example.com,4,24.0,96.0,US,USD,15550102720
,2026-08-29 08:15:00,customer_2721@example.com,1,22.0,22.0,US,USD,15550102721
,2026-08-29 08:30:00,customer_2722@example.com,5,19.0,95.0,US,USD,15550102722
,2026-08-29 08:45:00,customer_2723@example.com,4,30.0,120.0,US,USD,15550102723
,2026-08-29 09:00:00,customer_2724@example.com,2,15.0,30.0,US,USD,15550102724
,2026-08-29 09:15:00,customer_2725@example.com,3,23.0,69.0,US,USD,15550102725
,2026-08-29 09:30:00,customer_2726@example.com,5,28.0,140.0,US,USD,15550102726
,2026-08-29 09:45:00,customer_2727@example.com,4,12.0,48.0,US,USD,15550102727
,2026-08-29 10:00:00,customer_2728@example.com,1,15.0,15.0,US,USD,15550102728
,2026-08-29 10:15:00,customer_2729@example.com,3,17.0,51.0,US,USD,15550102729
,2026-08-29 10:30:00,customer_2730@example.com,3,20.0,60.0,US,USD,15550102730
,2026-08-29 10:45:00,customer_2731@example.com,3,18.0,54.0,US,USD,15550102731
,2026-08-29 11:00:00,customer_2732@example.com,5,30.0,150.0,US,USD,15550102732
,2026-08-29 11:15:00,customer_2733@example.com,4,18.0,72.0,US,USD,15550102733
,2026-08-29 11:30:00,customer_2734@example.com,4,21.0,84.0,US,USD,15550102734
,2026-08-29 11:45:00,customer_2735@example.com,5,26.0,130.0,US,USD,15550102735
,2026-08-29 12:00:00,customer_2736@example.com,4,23.0,92.0,US,USD,15550102736
,2026-08-29 12:15:00,customer_2737@example.com,2,15.0,30.0,US,USD,15550102737
,2026-08-29 12:30:00,customer_2738@example.com,1,14.0,14.0,US,USD,15550102738
,2026-08-29 12:45:00,customer_2739@example.com,2,18.0,36.0,US,USD,15550102739
,2026-08-29 13:00:00,customer_2740@example.com,1,16.0,16.0,US,USD,15550102740
,2026-08-29 13:15:00,customer_2741@example.com,2,22.0,44.0,US,USD,15550102741
,2026-08-29 13:30:00,customer_2742@example.com,1,13.0,13.0,US,USD,15550102742
,2026-08-29 13:45:00,customer_2743@example.com,1,25.0,25.0,US,USD,15550102743
,2026-08-29 14:00:00,customer_2744@example.com,5,11.0,55.0,US,USD,15550102744
,2026-08-29 14:15:00,customer_2745@example.com,1,22.0,22.0,US,USD,15550102745
,2026-08-29 14:30:00,customer_2746@example.com,5,12.0,60.0,US,USD,15550102746
,2026-08-29 14:45:00,customer_2747@example.com,1,18.0,18.0,US,USD,15550102747
,2026-08-29 15:00:00,customer_2748@example.com,5,14.0,70.0,US,USD,15550102748
,2026-08-29 15:15:00,customer_2749@example.com,1,30.0,30.0,US,USD,15550102749
,2026-08-29 15:30:00,customer_2750@example.com,4,19.0,76.0,US,USD,15550102750
,2026-08-29 15:45:00,customer_2751@example.com,2,17.0,34.0,US,USD,15550102751
,2026-08-29 16:00:00,customer_2752@example.com,3,24.0,72.0,US,USD,15550102752
,2026-08-29 16:15:00,customer_2753@example.com,2,14.0,28.0,US,USD,15550102753
,2026-08-29 16:30:00,customer_2754@example.com,5,15.0,75.0,US,USD,15550102754
,2026-08-29 16:45:00,customer_2755@example.com,1,11.0,11.0,US,USD,15550102755
,2026-08-29 17:00:00,customer_2756@example.com,3,20.0,60.0,US,USD,15550102756
,2026-08-29 17:15:00,customer_2757@example.com,4,24.0,96.0,US,USD,15550102757
,2026-08-29 17:30:00,customer_2758@example.com,5,18.0,90.0,US,USD,15550102758
,2026-08-29 17:45:00,customer_2759@example.com,5,24.0,120.0,US,USD,15550102759
,2026-08-29 18:00:00,customer_2760@example.com,2,27.0,54.0,US,USD,15550102760
,2026-08-29 18:15:00,customer_2761@example.com,2,28.0,56.0,US,USD,15550102761
,2026-08-29 18:30:00,customer_2762@example.com,5,24.0,120.0,US,USD,15550102762
,2026-08-29 18:45:00,customer_2763@example.com,5,23.0,115.0,US,USD,15550102763
,2026-08-29 19:00:00,customer_2764@example.com,5,30.0,150.0,US,USD,15550102764
,2026-08-29 19:15:00,customer_2765@example.com,5,19.0,95.0,US,USD,15550102765
,2026-08-29 19:30:00,customer_2766@example.com,3,25.0,75.0,US,USD,15550102766
,2026-08-29 19:45:00,customer_2767@example.com,5,17.0,85.0,US,USD,15550102767
,2026-08-29 20:00:00,customer_2768@example.com,1,24.0,24.0,US,USD,15550102768
,2026-08-29 20:15:00,customer_2769@example.com,3,21.0,63.0,US,USD,15550102769
,2026-08-29 20:30:00,customer_2770@example.com,4,18.0,72.0,US,USD,15550102770
,2026-08-29 20:45:00,customer_2771@example.com,2,19.0,38.0,US,USD,15550102771
,2026-08-29 21:00:00,customer_2772@example.com,1,10.0,10.0,US,USD,15550102772
,2026-08-29 21:15:00,customer_2773@example.com,5,14.0,70.0,US,USD,15550102773
,2026-08-29 21:30:00,customer_2774@example.com,3,19.0,57.0,US,USD,15550102774
,2026-08-29 21:45:00,customer_2775@example.com,4,27.0,108.0,US,USD,15550102775
,2026-08-29 22:00:00,customer_2776@example.com,1,25.0,25.0,US,USD,15550102776
,2026-08-29 22:15:00,customer_2777@example.com,4,19.0,76.0,US,USD,15550102777
,2026-08-29 22:30:00,customer_2778@example.com,1,23.0,23.0,US,USD,15550102778
,2026-08-29 22:45:00,customer_2779@example.com,3,29.0,87.0,US,USD,15550102779
,2026-08-29 23:00:00,customer_2780@example.com,2,10.0,20.0,US,USD,15550102780
,2026-08-29 23:15:00,customer_2781@example.com,5,21.0,105.0,US,USD,15550102781
,2026-08-29 23:30:00,customer_2782@example.com,2,23.0,46.0,US,USD,15550102782
,2026-08-29 23:45:00,customer_2783@example.com,5,23.0,115.0,US,USD,15550102783
,2026-08-30 00:00:00,customer_2784@example.com,4,17.0,68.0,US,USD,15550102784
,2026-08-30 00:15:00,customer_2785@example.com,2,30.0,60.0,US,USD,15550102785
,2026-08-30 00:30:00,customer_2786@example.com,4,22.0,88.0,US,USD,15550102786
,2026-08-30 00:45:00,customer_2787@example.com,2,18.0,36.0,US,USD,15550102787
,2026-08-30 01:00:00,customer_2788@example.com,1,23.0,23.0,US,USD,15550102788
,2026-08-30 01:15:00,customer_2789@example.com,2,26.0,52.0,US,USD,15550102789
,2026-08-30 01:30:00,customer_2790@example.com,5,18.0,90.0,US,USD,15550102790
,2026-08-30 01:45:00,customer_2791@example.com,3,30.0,90.0,US,USD,15550102791
,2026-08-30 02:00:00,customer_2792@example.com,5,18.0,90.0,US,USD,15550102792
,2026-08-30 02:15:00,customer_2793@example.com,4,16.0,64.0,US,USD,15550102793
,2026-08-30 02:30:00,customer_2794@example.com,1,15.0,15.0,US,USD,15550102794
,2026-08-30 02:45:00,customer_2795@example.com,2,19.0,38.0,US,USD,15550102795
,2026-08-30 03:00:00,customer_2796@example.com,1,30.0,30.0,US,USD,15550102796
,2026-08-30 03:15:00,customer_2797@example.com,4,29.0,116.0,US,USD,15550102797
,2026-08-30 03:30:00,customer_2798@example.com,4,18.0,72.0,US,USD,15550102798
,2026-08-30 03:45:00,customer_2799@example.com,5,25.0,125.0,US,USD,15550102799
,2026-08-30 04:00:00,customer_2800@example.com,2,20.0,40.0,US,USD,15550102800
,2026-08-30 04:15:00,customer_2801@example.com,1,14.0,14.0,US,USD,15550102801
,2026-08-30 04:30:00,customer_2802@example.com,1,27.0,27.0,US,USD,15550102802
,2026-08-30 04:45:00,customer_2803@example.com,1,15.0,15.0,US,USD,15550102803
,2026-08-30 05:00:00,customer_2804@example.com,1,19.0,19.0,US,USD,15550102804
,2026-08-30 05:15:00,customer_2805@example.com,3,14.0,42.0,US,USD,15550102805
,2026-08-30 05:30:00,customer_2806@example.com,4,10.0,40.0,US,USD,15550102806
,2026-08-30 05:45:00,customer_2807@example.com,2,12.0,24.0,US,USD,15550102807
,2026-08-30 06:00:00,customer_2808@example.com,2,10.0,20.0,US,USD,15550102808
,2026-08-30 06:15:00,customer_2809@example.com,4,16.0,64.0,US,USD,15550102809
,2026-08-30 06:30:00,customer_2810@example.com,3,23.0,69.0,US,USD,15550102810
,2026-08-30 06:45:00,customer_2811@example.com,3,25.0,75.0,US,USD,15550102811
,2026-08-30 07:00:00,customer_2812@example.com,3,24.0,72.0,US,USD,15550102812
,2026-08-30 07:15:00,customer_2813@example.com,1,20.0,20.0,US,USD,15550102813
,2026-08-30 07:30:00,customer_2814@example.com,1,14.0,14.0,US,USD,15550102814
,2026-08-30 07:45:00,customer_2815@example.com,1,18.0,18.0,US,USD,15550102815
,2026-08-30 08:00:00,customer_2816@example.com,4,12.0,48.0,US,USD,15550102816
,2026-08-30 08:15:00,customer_2817@example.com,5,25.0,125.0,US,USD,15550102817
,2026-08-30 08:30:00,customer_2818@example.com,2,16.0,32.0,US,USD,15550102818
,2026-08-30 08:45:00,customer_2819@example.com,3,22.0,66.0,US,USD,15550102819
,2026-08-30 09:00:00,customer_2820@example.com,1,13.0,13.0,US,USD,15550102820
,2026-08-30 09:15:00,customer_2821@example.com,2,22.0,44.0,US,USD,15550102821
,2026-08-30 09:30:00,customer_2822@example.com,4,17.0,68.0,US,USD,15550102822
,2026-08-30 09:45:00,customer_2823@example.com,1,16.0,16.0,US,USD,15550102823
,2026-08-30 10:00:00,customer_2824@example.com,4,13.0,52.0,US,USD,15550102824
,2026-08-30 10:15:00,customer_2825@example.com,5,16.0,80.0,US,USD,15550102825
,2026-08-30 10:30:00,customer_2826@example.com,4,22.0,88.0,US,USD,15550102826
,2026-08-30 10:45:00,customer_2827@example.com,3,20.0,60.0,US,USD,15550102827
,2026-08-30 11:00:00,customer_2828@example.com,2,30.0,60.0,US,USD,15550102828
,2026-08-30 11:15:00,customer_2829@example.com,1,27.0,27.0,US,USD,15550102829
,2026-08-30 11:30:00,customer_2830@example.com,5,13.0,65.0,US,USD,15550102830
,2026-08-30 11:45:00,customer_2831@example.com,3,25.0,75.0,US,USD,15550102831
,2026-08-30 12:00:00,customer_2832@example.com,3,16.0,48.0,US,USD,15550102832
,2026-08-30 12:15:00,customer_2833@example.com,3,11.0,33.0,US,USD,15550102833
,2026-08-30 12:30:00,customer_2834@example.com,2,13.0,26.0,US,USD,15550102834
,2026-08-30 12:45:00,customer_2835@example.com,2,30.0,60.0,US,USD,15550102835
,2026-08-30 13:00:00,customer_2836@example.com,4,20.0,80.0,US,USD,15550102836
,2026-08-30 13:15:00,customer_2837@example.com,1,15.0,15.0,US,USD,15550102837
,2026-08-30 13:30:00,customer_2838@example.com,3,28.0,84.0,US,USD,15550102838
,2026-08-30 13:45:00,customer_2839@example.com,1,22.0,22.0,US,USD,15550102839
,2026-08-30 14:00:00,customer_2840@example.com,2,10.0,20.0,US,USD,15550102840
,2026-08-30 14:15:00,customer_2841@example.com,1,28.0,28.0,US,USD,15550102841
,2026-08-30 14:30:00,customer_2842@example.com,4,29.0,116.0,US,USD,15550102842
,2026-08-30 14:45:00,customer_2843@example.com,2,21.0,42.0,US,USD,15550102843
,2026-08-30 15:00:00,customer_2844@example.com,1,17.0,17.0,US,USD,15550102844
,2026-08-30 15:15:00,customer_2845@example.com,2,25.0,50.0,US,USD,15550102845
,2026-08-30 15:30:00,customer_2846@example.com,1,29.0,29.0,US,USD,15550102846
,2026-08-30 15:45:00,customer_2847@example.com,3,30.0,90.0,US,USD,15550102847
,2026-08-30 16:00:00,customer_2848@example.com,1,11.0,11.0,US,USD,15550102848
,2026-08-30 16:15:00,customer_2849@example.com,3,30.0,90.0,US,USD,15550102849
,2026-08-30 16:30:00,customer_2850@example.com,2,27.0,54.0,US,USD,15550102850
,2026-08-30 16:45:00,customer_2851@example.com,1,14.0,14.0,US,USD,15550102851
,2026-08-30 17:00:00,customer_2852@example.com,4,17.0,68.0,US,USD,15550102852
,2026-08-30 17:15:00,customer_2853@example.com,3,27.0,81.0,US,USD,15550102853
,2026-08-30 17:30:00,customer_2854@example.com,3,24.0,72.0,US,USD,15550102854
,2026-08-30 17:45:00,customer_2855@example.com,2,10.0,20.0,US,USD,15550102855
,2026-08-30 18:00:00,customer_2856@example.com,4,21.0,84.0,US,USD,15550102856
,2026-08-30 18:15:00,customer_2857@example.com,2,18.0,36.0,US,USD,15550102857
,2026-08-30 18:30:00,customer_2858@example.com,1,25.0,25.0,US,USD,15550102858
,2026-08-30 18:45:00,customer_2859@example.com,4,27.0,108.0,US,USD,15550102859
,2026-08-30 19:00:00,customer_2860@example.com,3,27.0,81.0,US,USD,15550102860
,2026-08-30 19:15:00,customer_2861@example.com,4,16.0,64.0,US,USD,15550102861
,2026-08-30 19:30:00,customer_2862@example.com,5,15.0,75.0,US,USD,15550102862
,2026-08-30 19:45:00,customer_2863@example.com,5,21.0,105.0,US,USD,15550102863
,2026-08-30 20:00:00,customer_2864@example.com,3,24.0,72.0,US,USD,15550102864
,2026-08-30 20:15:00,customer_2865@example.com,3,29.0,87.0,US,USD,15550102865
,2026-08-30 20:30:00,customer_2866@example.com,5,15.0,75.0,US,USD,15550102866
,2026-08-30 20:45:00,customer_2867@example.com,1,26.0,26.0,US,USD,15550102867
,2026-08-30 21:00:00,customer_2868@example.com,2,24.0,48.0,US,USD,15550102868
,2026-08-30 21:15:00,customer_2869@example.com,3,18.0,54.0,US,USD,15550102869
,2026-08-30 21:30:00,customer_2870@example.com,5,21.0,105.0,US,USD,15550102870
,2026-08-30 21:45:00,customer_2871@example.com,4,10.0,40.0,US,USD,15550102871
,2026-08-30 22:00:00,customer_2872@example.com,5,22.0,110.0,US,USD,15550102872
,2026-08-30 22:15:00,customer_2873@example.com,2,10.0,20.0,US,USD,15550102873
,2026-08-30 22:30:00,customer_2874@example.com,5,21.0,105.0,US,USD,15550102874
,2026-08-30 22:45:00,customer_2875@example.com,5,17.0,85.0,US,USD,15550102875
,2026-08-30 23:00:00,customer_2876@example.com,3,12.0,36.0,US,USD,15550102876
,2026-08-30 23:15:00,customer_2877@example.com,5,22.0,110.0,US,USD,15550102877
,2026-08-30 23:30:00,customer_2878@example.com,2,26.0,52.0,US,USD,15550102878
,2026-08-30 23:45:00,customer_2879@example.com,4,27.0,108.0,US,USD,15550102879
,2026-08-31 00:00:00,customer_2880@example.com,2,29.0,58.0,US,USD,15550102880
,2026-08-31 00:15:00,customer_2881@example.com,3,20.0,60.0,US,USD,15550102881
,2026-08-31 00:30:00,customer_2882@example.com,4,30.0,120.0,US,USD,15550102882
,2026-08-31 00:45:00,customer_2883@example.com,3,13.0,39.0,US,USD,15550102883
,2026-08-31 01:00:00,customer_2884@example.com,1,26.0,26.0,US,USD,15550102884
,2026-08-31 01:15:00,customer_2885@example.com,1,11.0,11.0,US,USD,15550102885
,2026-08-31 01:30:00,customer_2886@example.com,2,15.0,30.0,US,USD,15550102886
,2026-08-31 01:45:00,customer_2887@example.com,1,16.0,16.0,US,USD,15550102887
,2026-08-31 02:00:00,customer_2888@example.com,1,25.0,25.0,US,USD,15550102888
,2026-08-31 02:15:00,customer_2889@example.com,2,13.0,26.0,US,USD,15550102889
,2026-08-31 02:30:00,customer_2890@example.com,1,28.0,28.0,US,USD,15550102890
,2026-08-31 02:45:00,customer_2891@example.com,4,25.0,100.0,US,USD,15550102891
,2026-08-31 03:00:00,customer_2892@example.com,5,29.0,145.0,US,USD,15550102892
,2026-08-31 03:15:00,customer_2893@example.com,5,18.0,90.0,US,USD,15550102893
,2026-08-31 03:30:00,customer_2894@example.com,1,21.0,21.0,US,USD,15550102894
,2026-08-31 03:45:00,customer_2895@example.com,2,29.0,58.0,US,USD,15550102895
,2026-08-31 04:00:00,customer_2896@example.com,1,10.0,10.0,US,USD,15550102896
,2026-08-31 04:15:00,customer_2897@example.com,2,30.0,60.0,US,USD,15550102897
,2026-08-31 04:30:00,customer_2898@example.com,4,12.0,48.0,US,USD,15550102898
,2026-08-31 04:45:00,customer_2899@example.com,4,30.0,120.0,US,USD,15550102899
,2026-08-31 05:00:00,customer_2900@example.com,1,21.0,21.0,US,USD,15550102900
,2026-08-31 05:15:00,customer_2901@example.com,5,23.0,115.0,US,USD,15550102901
,2026-08-31 05:30:00,customer_2902@example.com,3,11.0,33.0,US,USD,15550102902
,2026-08-31 05:45:00,customer_2903@example.com,5,18.0,90.0,US,USD,15550102903
,2026-08-31 06:00:00,customer_2904@example.com,5,11.0,55.0,US,USD,15550102904
,2026-08-31 06:15:00,customer_2905@example.com,1,19.0,19.0,US,USD,15550102905
,2026-08-31 06:30:00,customer_2906@example.com,1,16.0,16.0,US,USD,15550102906
,2026-08-31 06:45:00,customer_2907@example.com,5,13.0,65.0,US,USD,15550102907
,2026-08-31 07:00:00,customer_2908@example.com,1,17.0,17.0,US,USD,15550102908
,2026-08-31 07:15:00,customer_2909@example.com,5,22.0,110.0,US,USD,15550102909
,2026-08-31 07:30:00,customer_2910@example.com,2,16.0,32.0,US,USD,15550102910
,2026-08-31 07:45:00,customer_2911@example.com,5,17.0,85.0,US,USD,15550102911
,2026-08-31 08:00:00,customer_2912@example.com,5,30.0,150.0,US,USD,15550102912
,2026-08-31 08:15:00,customer_2913@example.com,2,27.0,54.0,US,USD,15550102913
,2026-08-31 08:30:00,customer_2914@example.com,5,23.0,115.0,US,USD,15550102914
,2026-08-31 08:45:00,customer_2915@example.com,1,30.0,30.0,US,USD,15550102915
,2026-08-31 09:00:00,customer_2916@example.com,5,21.0,105.0,US,USD,15550102916
,2026-08-31 09:15:00,customer_2917@example.com,4,23.0,92.0,US,USD,15550102917
,2026-08-31 09:30:00,customer_2918@example.com,1,15.0,15.0,US,USD,15550102918
,2026-08-31 09:45:00,customer_2919@example.com,2,27.0,54.0,US,USD,15550102919
,2026-08-31 10:00:00,customer_2920@example.com,4,26.0,104.0,US,USD,15550102920
,2026-08-31 10:15:00,customer_2921@example.com,3,15.0,45.0,US,USD,15550102921
,2026-08-31 10:30:00,customer_2922@example.com,5,29.0,145.0,US,USD,15550102922
,2026-08-31 10:45:00,customer_2923@example.com,4,21.0,84.0,US,USD,15550102923
,2026-08-31 11:00:00,customer_2924@example.com,3,27.0,81.0,US,USD,15550102924
,2026-08-31 11:15:00,customer_2925@example.com,3,21.0,63.0,US,USD,15550102925
,2026-08-31 11:30:00,customer_2926@example.com,4,30.0,120.0,US,USD,15550102926
,2026-08-31 11:45:00,customer_2927@example.com,4,20.0,80.0,US,USD,15550102927
,2026-08-31 12:00:00,customer_2928@example.com,5,17.0,85.0,US,USD,15550102928
,2026-08-31 12:15:00,customer_2929@example.com,5,27.0,135.0,US,USD,15550102929
,2026-08-31 12:30:00,customer_2930@example.com,2,22.0,44.0,US,USD,15550102930
,2026-08-31 12:45:00,customer_2931@example.com,5,18.0,90.0,US,USD,15550102931
,2026-08-31 13:00:00,customer_2932@example.com,3,24.0,72.0,US,USD,15550102932
,2026-08-31 13:15:00,customer_2933@example.com,4,22.0,88.0,US,USD,15550102933
,2026-08-31 13:30:00,customer_2934@example.com,1,11.0,11.0,US,USD,15550102934
,2026-08-31 13:45:00,customer_2935@example.com,3,29.0,87.0,US,USD,15550102935
,2026-08-31 14:00:00,customer_2936@example.com,1,26.0,26.0,US,USD,15550102936
,2026-08-31 14:15:00,customer_2937@example.com,2,19.0,38.0,US,USD,15550102937
,2026-08-31 14:30:00,customer_2938@example.com,1,19.0,19.0,US,USD,15550102938
,2026-08-31 14:45:00,customer_2939@example.com,2,16.0,32.0,US,USD,15550102939
,2026-08-31 15:00:00,customer_2940@example.com,3,10.0,30.0,US,USD,15550102940
,2026-08-31 15:15:00,customer_2941@example.com,3,27.0,81.0,US,USD,15550102941
,2026-08-31 15:30:00,customer_2942@example.com,5,27.0,135.0,US,USD,15550102942
,2026-08-31 15:45:00,customer_2943@example.com,5,28.0,140.0,US,USD,15550102943
,2026-08-31 16:00:00,customer_2944@example.com,2,13.0,26.0,US,USD,15550102944
,2026-08-31 16:15:00,customer_2945@example.com,1,24.0,24.0,US,USD,15550102945
,2026-08-31 16:30:00,customer_2946@example.com,3,14.0,42.0,US,USD,15550102946
,2026-08-31 16:45:00,customer_2947@example.com,2,18.0,36.0,US,USD,15550102947
,2026-08-31 17:00:00,customer_2948@example.com,3,28.0,84.0,US,USD,15550102948
,2026-08-31 17:15:00,customer_2949@example.com,2,17.0,34.0,US,USD,15550102949
,2026-08-31 17:30:00,customer_2950@example.com,3,19.0,57.0,US,USD,15550102950
,2026-08-31 17:45:00,customer_2951@example.com,1,28.0,28.0,US,USD,15550102951
,2026-08-31 18:00:00,customer_2952@example.com,4,28.0,112.0,US,USD,15550102952
,2026-08-31 18:15:00,customer_2953@example.com,2,12.0,24.0,US,USD,15550102953
,2026-08-31 18:30:00,customer_2954@example.com,3,25.0,75.0,US,USD,15550102954
,2026-08-31 18:45:00,customer_2955@example.com,2,25.0,50.0,US,USD,15550102955
,2026-08-31 19:00:00,customer_2956@example.com,5,13.0,65.0,US,USD,15550102956
,2026-08-31 19:15:00,customer_2957@example.com,5,30.0,150.0,US,USD,15550102957
,2026-08-31 19:30:00,customer_2958@example.com,3,11.0,33.0,US,USD,15550102958
,2026-08-31 19:45:00,customer_2959@example.com,5,22.0,110.0,US,USD,15550102959
,2026-08-31 20:00:00,customer_2960@example.com,1,11.0,11.0,US,USD,15550102960
,2026-08-31 20:15:00,customer_2961@example.com,3,21.0,63.0,US,USD,15550102961
,2026-08-31 20:30:00,customer_2962@example.com,4,23.0,92.0,US,USD,15550102962
,2026-08-31 20:45:00,customer_2963@example.com,1,17.0,17.0,US,USD,15550102963
,2026-08-31 21:00:00,customer_2964@example.com,5,10.0,50.0,US,USD,15550102964
,2026-08-31 21:15:00,customer_2965@example.com,4,11.0,44.0,US,USD,15550102965
,2026-08-31 21:30:00,customer_2966@example.com,3,26.0,78.0,US,USD,15550102966
,2026-08-31 21:45:00,customer_2967@example.com,1,20.0,20.0,US,USD,15550102967
,2026-08-31 22:00:00,customer_2968@example.com,5,28.0,140.0,US,USD,15550102968
,2026-08-31 22:15:00,customer_2969@example.com,2,20.0,40.0,US,USD,15550102969
,2026-08-31 22:30:00,customer_2970@example.com,5,17.0,85.0,US,USD,15550102970
,2026-08-31 22:45:00,customer_2971@example.com,2,11.0,22.0,US,USD,15550102971
,2026-08-31 23:00:00,customer_2972@example.com,4,24.0,96.0,US,USD,15550102972
,2026-08-31 23:15:00,customer_2973@example.com,5,28.0,140.0,US,USD,15550102973
,2026-08-31 23:30:00,customer_2974@example.com,5,12.0,60.0,US,USD,15550102974
,2026-08-31 23:45:00,customer_2975@example.com,2,23.0,46.0,US,USD,15550102975
,2026-09-01 00:00:00,customer_2976@example.com,3,22.0,66.0,US,USD,15550102976
,2026-09-01 00:15:00,customer_2977@example.com,2,14.0,28.0,US,USD,15550102977
,2026-09-01 00:30:00,customer_2978@example.com,3,12.0,36.0,US,USD,15550102978
,2026-09-01 00:45:00,customer_2979@example.com,4,28.0,112.0,US,USD,15550102979
,2026-09-01 01:00:00,customer_2980@example.com,1,27.0,27.0,US,USD,15550102980
,2026-09-01 01:15:00,customer_2981@example.com,4,18.0,72.0,US,USD,15550102981
,2026-09-01 01:30:00,customer_2982@example.com,1,22.0,22.0,US,USD,15550102982
,2026-09-01 01:45:00,customer_2983@example.com,5,23.0,115.0,US,USD,15550102983
,2026-09-01 02:00:00,customer_2984@example.com,2,14.0,28.0,US,USD,15550102984
,2026-09-01 02:15:00,customer_2985@example.com,4,27.0,108.0,US,USD,15550102985
,2026-09-01 02:30:00,customer_2986@example.com,2,25.0,50.0,US,USD,15550102986
,2026-09-01 02:45:00,customer_2987@example.com,4,30.0,120.0,US,USD,15550102987
,2026-09-01 03:00:00,customer_2988@example.com,5,16.0,80.0,US,USD,15550102988
,2026-09-01 03:15:00,customer_2989@example.com,5,29.0,145.0,US,USD,15550102989
,2026-09-01 03:30:00,customer_2990@example.com,5,17.0,85.0,US,USD,15550102990
,2026-09-01 03:45:00,customer_2991@example.com,2,12.0,24.0,US,USD,15550102991
,2026-09-01 04:00:00,customer_2992@example.com,3,23.0,69.0,US,USD,15550102992
,2026-09-01 04:15:00,customer_2993@example.com,3,28.0,84.0,US,USD,15550102993
,2026-09-01 04:30:00,customer_2994@example.com,1,13.0,13.0,US,USD,15550102994
,2026-09-01 04:45:00,customer_2995@example.com,4,23.0,92.0,US,USD,15550102995
,2026-09-01 05:00:00,customer_2996@example.com,3,21.0,63.0,US,USD,15550102996
,2026-09-01 05:15:00,customer_2997@example.com,2,20.0,40.0,US,USD,15550102997
,2026-09-01 05:30:00,customer_2998@example.com,3,29.0,87.0,US,USD,15550102998
,2026-09-01 05:45:00,customer_2999@example.com,1,19.0,19.0,US,USD,15550102999
,2026-09-01 06:00:00,customer_3000@example.com,2,21.0,42.0,US,USD,15550103000
,2026-09-01 06:15:00,customer_3001@example.com,5,24.0,120.0,US,USD,15550103001
,2026-09-01 06:30:00,customer_3002@example.com,5,14.0,70.0,US,USD,15550103002
,2026-09-01 06:45:00,customer_3003@example.com,4,11.0,44.0,US,USD,15550103003
,2026-09-01 07:00:00,customer_3004@example.com,2,16.0,32.0,US,USD,15550103004
,2026-09-01 07:15:00,customer_3005@example.com,3,14.0,42.0,US,USD,15550103005
,2026-09-01 07:30:00,customer_3006@example.com,1,13.0,13.0,US,USD,15550103006
,2026-09-01 07:45:00,customer_3007@example.com,1,17.0,17.0,US,USD,15550103007
,2026-09-01 08:00:00,customer_3008@example.com,5,14.0,70.0,US,USD,15550103008
,2026-09-01 08:15:00,customer_3009@example.com,3,10.0,30.0,US,USD,15550103009
,2026-09-01 08:30:00,customer_3010@example.com,3,13.0,39.0,US,USD,15550103010
,2026-09-01 08:45:00,customer_3011@example.com,3,24.0,72.0,US,USD,15550103011
,2026-09-01 09:00:00,customer_3012@example.com,4,10.0,40.0,US,USD,15550103012
,2026-09-01 09:15:00,customer_3013@example.com,3,16.0,48.0,US,USD,15550103013
,2026-09-01 09:30:00,customer_3014@example.com,5,16.0,80.0,US,USD,15550103014
,2026-09-01 09:45:00,customer_3015@example.com,2,27.0,54.0,US,USD,15550103015
,2026-09-01 10:00:00,customer_3016@example.com,5,18.0,90.0,US,USD,15550103016
,2026-09-01 10:15:00,customer_3017@example.com,5,25.0,125.0,US,USD,15550103017
,2026-09-01 10:30:00,customer_3018@example.com,5,14.0,70.0,US,USD,15550103018
,2026-09-01 10:45:00,customer_3019@example.com,1,22.0,22.0,US,USD,15550103019
,2026-09-01 11:00:00,customer_3020@example.com,5,26.0,130.0,US,USD,15550103020
,2026-09-01 11:15:00,customer_3021@example.com,1,18.0,18.0,US,USD,15550103021
,2026-09-01 11:30:00,customer_3022@example.com,2,11.0,22.0,US,USD,15550103022
,2026-09-01 11:45:00,customer_3023@example.com,3,16.0,48.0,US,USD,15550103023
,2026-09-01 12:00:00,customer_3024@example.com,5,18.0,90.0,US,USD,15550103024
,2026-09-01 12:15:00,customer_3025@example.com,1,24.0,24.0,US,USD,15550103025
,2026-09-01 12:30:00,customer_3026@example.com,1,12.0,12.0,US,USD,15550103026
,2026-09-01 12:45:00,customer_3027@example.com,4,18.0,72.0,US,USD,15550103027
,2026-09-01 13:00:00,customer_3028@example.com,3,13.0,39.0,US,USD,15550103028
,2026-09-01 13:15:00,customer_3029@example.com,1,19.0,19.0,US,USD,15550103029
,2026-09-01 13:30:00,customer_3030@example.com,4,17.0,68.0,US,USD,15550103030
,2026-09-01 13:45:00,customer_3031@example.com,4,26.0,104.0,US,USD,15550103031
,2026-09-01 14:00:00,customer_3032@example.com,1,20.0,20.0,US,USD,15550103032
,2026-09-01 14:15:00,customer_3033@example.com,4,29.0,116.0,US,USD,15550103033
,2026-09-01 14:30:00,customer_3034@example.com,5,12.0,60.0,US,USD,15550103034
,2026-09-01 14:45:00,customer_3035@example.com,2,16.0,32.0,US,USD,15550103035
,2026-09-01 15:00:00,customer_3036@example.com,5,24.0,120.0,US,USD,15550103036
,2026-09-01 15:15:00,customer_3037@example.com,5,10.0,50.0,US,USD,15550103037
,2026-09-01 15:30:00,customer_3038@example.com,1,17.0,17.0,US,USD,15550103038
,2026-09-01 15:45:00,customer_3039@example.com,5,19.0,95.0,US,USD,15550103039
,2026-09-01 16:00:00,customer_3040@example.com,3,25.0,75.0,US,USD,15550103040
,2026-09-01 16:15:00,customer_3041@example.com,4,15.0,60.0,US,USD,15550103041
,2026-09-01 16:30:00,customer_3042@example.com,1,21.0,21.0,US,USD,15550103042
,2026-09-01 16:45:00,customer_3043@example.com,3,21.0,63.0,US,USD,15550103043
,2026-09-01 17:00:00,customer_3044@example.com,3,17.0,51.0,US,USD,15550103044
,2026-09-01 17:15:00,customer_3045@example.com,5,18.0,90.0,US,USD,15550103045
,2026-09-01 17:30:00,customer_3046@example.com,1,30.0,30.0,US,USD,15550103046
,2026-09-01 17:45:00,customer_3047@example.com,3,22.0,66.0,US,USD,15550103047
,2026-09-01 18:00:00,customer_3048@example.com,1,27.0,27.0,US,USD,15550103048
,2026-09-01 18:15:00,customer_3049@example.com,3,17.0,51.0,US,USD,15550103049
,2026-09-01 18:30:00,customer_3050@example.com,2,20.0,40.0,US,USD,15550103050
,2026-09-01 18:45:00,customer_3051@example.com,4,14.0,56.0,US,USD,15550103051
,2026-09-01 19:00:00,customer_3052@example.com,1,22.0,22.0,US,USD,15550103052
,2026-09-01 19:15:00,customer_3053@example.com,5,29.0,145.0,US,USD,15550103053
,2026-09-01 19:30:00,customer_3054@example.com,2,23.0,46.0,US,USD,15550103054
,2026-09-01 19:45:00,customer_3055@example.com,2,28.0,56.0,US,USD,15550103055
,2026-09-01 20:00:00,customer_3056@example.com,2,23.0,46.0,US,USD,15550103056
,2026-09-01 20:15:00,customer_3057@example.com,3,29.0,87.0,US,USD,15550103057
,2026-09-01 20:30:00,customer_3058@example.com,3,24.0,72.0,US,USD,15550103058
,2026-09-01 20:45:00,customer_3059@example.com,5,14.0,70.0,US,USD,15550103059
,2026-09-01 21:00:00,customer_3060@example.com,2,30.0,60.0,US,USD,15550103060
,2026-09-01 21:15:00,customer_3061@example.com,2,28.0,56.0,US,USD,15550103061
,2026-09-01 21:30:00,customer_3062@example.com,5,16.0,80.0,US,USD,15550103062
,2026-09-01 21:45:00,customer_3063@example.com,2,19.0,38.0,US,USD,15550103063
,2026-09-01 22:00:00,customer_3064@example.com,5,14.0,70.0,US,USD,15550103064
,2026-09-01 22:15:00,customer_3065@example.com,4,14.0,56.0,US,USD,15550103065
,2026-09-01 22:30:00,customer_3066@example.com,5,15.0,75.0,US,USD,15550103066
,2026-09-01 22:45:00,customer_3067@example.com,3,12.0,36.0,US,USD,15550103067
,2026-09-01 23:00:00,customer_3068@example.com,5,27.0,135.0,US,USD,15550103068
,2026-09-01 23:15:00,customer_3069@example.com,1,15.0,15.0,US,USD,15550103069
,2026-09-01 23:30:00,customer_3070@example.com,3,14.0,42.0,US,USD,15550103070
,2026-09-01 23:45:00,customer_3071@example.com,1,20.0,20.0,US,USD,15550103071
,2026-09-02 00:00:00,customer_3072@example.com,4,23.0,92.0,US,USD,15550103072
,2026-09-02 00:15:00,customer_3073@example.com,3,24.0,72.0,US,USD,15550103073
,2026-09-02 00:30:00,customer_3074@example.com,3,14.0,42.0,US,USD,15550103074
,2026-09-02 00:45:00,customer_3075@example.com,2,13.0,26.0,US,USD,15550103075
,2026-09-02 01:00:00,customer_3076@example.com,2,15.0,30.0,US,USD,15550103076
,2026-09-02 01:15:00,customer_3077@example.com,1,29.0,29.0,US,USD,15550103077
,2026-09-02 01:30:00,customer_3078@example.com,5,18.0,90.0,US,USD,15550103078
,2026-09-02 01:45:00,customer_3079@example.com,5,28.0,140.0,US,USD,15550103079
,2026-09-02 02:00:00,customer_3080@example.com,5,17.0,85.0,US,USD,15550103080
,2026-09-02 02:15:00,customer_3081@example.com,5,17.0,85.0,US,USD,15550103081
,2026-09-02 02:30:00,customer_3082@example.com,2,10.0,20.0,US,USD,15550103082
,2026-09-02 02:45:00,customer_3083@example.com,3,12.0,36.0,US,USD,15550103083
,2026-09-02 03:00:00,customer_3084@example.com,4,14.0,56.0,US,USD,15550103084
,2026-09-02 03:15:00,customer_3085@example.com,5,29.0,145.0,US,USD,15550103085
,2026-09-02 03:30:00,customer_3086@example.com,4,30.0,120.0,US,USD,15550103086
,2026-09-02 03:45:00,customer_3087@example.com,3,15.0,45.0,US,USD,15550103087
,2026-09-02 04:00:00,customer_3088@example.com,4,25.0,100.0,US,USD,15550103088
,2026-09-02 04:15:00,customer_3089@example.com,4,14.0,56.0,US,USD,15550103089
,2026-09-02 04:30:00,customer_3090@example.com,2,16.0,32.0,US,USD,15550103090
,2026-09-02 04:45:00,customer_3091@example.com,2,11.0,22.0,US,USD,15550103091
,2026-09-02 05:00:00,customer_3092@example.com,4,10.0,40.0,US,USD,15550103092
,2026-09-02 05:15:00,customer_3093@example.com,3,23.0,69.0,US,USD,15550103093
,2026-09-02 05:30:00,customer_3094@example.com,2,16.0,32.0,US,USD,15550103094
,2026-09-02 05:45:00,customer_3095@example.com,2,12.0,24.0,US,USD,15550103095
,2026-09-02 06:00:00,customer_3096@example.com,2,24.0,48.0,US,USD,15550103096
,2026-09-02 06:15:00,customer_3097@example.com,5,25.0,125.0,US,USD,15550103097
,2026-09-02 06:30:00,customer_3098@example.com,3,24.0,72.0,US,USD,15550103098
,2026-09-02 06:45:00,customer_3099@example.com,2,23.0,46.0,US,USD,15550103099
,2026-09-02 07:00:00,customer_3100@example.com,4,11.0,44.0,US,USD,15550103100
,2026-09-02 07:15:00,customer_3101@example.com,5,22.0,110.0,US,USD,15550103101
,2026-09-02 07:30:00,customer_3102@example.com,3,22.0,66.0,US,USD,15550103102
,2026-09-02 07:45:00,customer_3103@example.com,5,28.0,140.0,US,USD,15550103103
,2026-09-02 08:00:00,customer_3104@example.com,5,27.0,135.0,US,USD,15550103104
,2026-09-02 08:15:00,customer_3105@example.com,5,30.0,150.0,US,USD,15550103105
,2026-09-02 08:30:00,customer_3106@example.com,1,26.0,26.0,US,USD,15550103106
,2026-09-02 08:45:00,customer_3107@example.com,1,24.0,24.0,US,USD,15550103107
,2026-09-02 09:00:00,customer_3108@example.com,4,11.0,44.0,US,USD,15550103108
,2026-09-02 09:15:00,customer_3109@example.com,2,26.0,52.0,US,USD,15550103109
,2026-09-02 09:30:00,customer_3110@example.com,5,22.0,110.0,US,USD,15550103110
,2026-09-02 09:45:00,customer_3111@example.com,1,27.0,27.0,US,USD,15550103111
,2026-09-02 10:00:00,customer_3112@example.com,4,26.0,104.0,US,USD,15550103112
,2026-09-02 10:15:00,customer_3113@example.com,1,16.0,16.0,US,USD,15550103113
,2026-09-02 10:30:00,customer_3114@example.com,3,24.0,72.0,US,USD,15550103114
,2026-09-02 10:45:00,customer_3115@example.com,4,19.0,76.0,US,USD,15550103115
,2026-09-02 11:00:00,customer_3116@example.com,3,24.0,72.0,US,USD,15550103116
,2026-09-02 11:15:00,customer_3117@example.com,2,23.0,46.0,US,USD,15550103117
,2026-09-02 11:30:00,customer_3118@example.com,3,29.0,87.0,US,USD,15550103118
,2026-09-02 11:45:00,customer_3119@example.com,1,26.0,26.0,US,USD,15550103119
,2026-09-02 12:00:00,customer_3120@example.com,2,24.0,48.0,US,USD,15550103120
,2026-09-02 12:15:00,customer_3121@example.com,4,12.0,48.0,US,USD,15550103121
,2026-09-02 12:30:00,customer_3122@example.com,5,13.0,65.0,US,USD,15550103122
,2026-09-02 12:45:00,customer_3123@example.com,2,28.0,56.0,US,USD,15550103123
,2026-09-02 13:00:00,customer_3124@example.com,5,14.0,70.0,US,USD,15550103124
,2026-09-02 13:15:00,customer_3125@example.com,4,23.0,92.0,US,USD,15550103125
,2026-09-02 13:30:00,customer_3126@example.com,3,24.0,72.0,US,USD,15550103126
,2026-09-02 13:45:00,customer_3127@example.com,1,15.0,15.0,US,USD,15550103127
,2026-09-02 14:00:00,customer_3128@example.com,4,28.0,112.0,US,USD,15550103128
,2026-09-02 14:15:00,customer_3129@example.com,2,24.0,48.0,US,USD,15550103129
,2026-09-02 14:30:00,customer_3130@example.com,1,18.0,18.0,US,USD,15550103130
,2026-09-02 14:45:00,customer_3131@example.com,3,30.0,90.0,US,USD,15550103131
,2026-09-02 15:00:00,customer_3132@example.com,2,13.0,26.0,US,USD,15550103132
,2026-09-02 15:15:00,customer_3133@example.com,1,13.0,13.0,US,USD,15550103133
,2026-09-02 15:30:00,customer_3134@example.com,4,30.0,120.0,US,USD,15550103134
,2026-09-02 15:45:00,customer_3135@example.com,3,12.0,36.0,US,USD,15550103135
,2026-09-02 16:00:00,customer_3136@example.com,5,22.0,110.0,US,USD,15550103136
,2026-09-02 16:15:00,customer_3137@example.com,5,29.0,145.0,US,USD,15550103137
,2026-09-02 16:30:00,customer_3138@example.com,2,22.0,44.0,US,USD,15550103138
,2026-09-02 16:45:00,customer_3139@example.com,5,22.0,110.0,US,USD,15550103139
,2026-09-02 17:00:00,customer_3140@example.com,1,15.0,15.0,US,USD,15550103140
,2026-09-02 17:15:00,customer_3141@example.com,3,28.0,84.0,US,USD,15550103141
,2026-09-02 17:30:00,customer_3142@example.com,2,15.0,30.0,US,USD,15550103142
,2026-09-02 17:45:00,customer_3143@example.com,2,15.0,30.0,US,USD,15550103143
,2026-09-02 18:00:00,customer_3144@example.com,1,23.0,23.0,US,USD,15550103144
,2026-09-02 18:15:00,customer_3145@example.com,3,19.0,57.0,US,USD,15550103145
,2026-09-02 18:30:00,customer_3146@example.com,4,19.0,76.0,US,USD,15550103146
,2026-09-02 18:45:00,customer_3147@example.com,2,13.0,26.0,US,USD,15550103147
,2026-09-02 19:00:00,customer_3148@example.com,2,16.0,32.0,US,USD,15550103148
,2026-09-02 19:15:00,customer_3149@example.com,1,29.0,29.0,US,USD,15550103149
,2026-09-02 19:30:00,customer_3150@example.com,3,10.0,30.0,US,USD,15550103150
,2026-09-02 19:45:00,customer_3151@example.com,4,25.0,100.0,US,USD,15550103151
,2026-09-02 20:00:00,customer_3152@example.com,4,27.0,108.0,US,USD,15550103152
,2026-09-02 20:15:00,customer_3153@example.com,1,29.0,29.0,US,USD,15550103153
,2026-09-02 20:30:00,customer_3154@example.com,4,17.0,68.0,US,USD,15550103154
,2026-09-02 20:45:00,customer_3155@example.com,2,28.0,56.0,US,USD,15550103155
,2026-09-02 21:00:00,customer_3156@example.com,4,24.0,96.0,US,USD,15550103156
,2026-09-02 21:15:00,customer_3157@example.com,4,24.0,96.0,US,USD,15550103157
,2026-09-02 21:30:00,customer_3158@example.com,1,29.0,29.0,US,USD,15550103158
,2026-09-02 21:45:00,customer_3159@example.com,5,10.0,50.0,US,USD,15550103159
,2026-09-02 22:00:00,customer_3160@example.com,2,27.0,54.0,US,USD,15550103160
,2026-09-02 22:15:00,customer_3161@example.com,3,29.0,87.0,US,USD,15550103161
,2026-09-02 22:30:00,customer_3162@example.com,5,16.0,80.0,US,USD,15550103162
,2026-09-02 22:45:00,customer_3163@example.com,1,15.0,15.0,US,USD,15550103163
,2026-09-02 23:00:00,customer_3164@example.com,2,11.0,22.0,US,USD,15550103164
,2026-09-02 23:15:00,customer_3165@example.com,3,11.0,33.0,US,USD,15550103165
,2026-09-02 23:30:00,customer_3166@example.com,2,11.0,22.0,US,USD,15550103166
,2026-09-02 23:45:00,customer_3167@example.com,5,29.0,145.0,US,USD,15550103167
,2026-09-03 00:00:00,customer_3168@example.com,3,20.0,60.0,US,USD,15550103168
,2026-09-03 00:15:00,customer_3169@example.com,1,11.0,11.0,US,USD,15550103169
,2026-09-03 00:30:00,customer_3170@example.com,1,23.0,23.0,US,USD,15550103170
,2026-09-03 00:45:00,customer_3171@example.com,2,15.0,30.0,US,USD,15550103171
,2026-09-03 01:00:00,customer_3172@example.com,3,29.0,87.0,US,USD,15550103172
,2026-09-03 01:15:00,customer_3173@example.com,5,28.0,140.0,US,USD,15550103173
,2026-09-03 01:30:00,customer_3174@example.com,5,15.0,75.0,US,USD,15550103174
,2026-09-03 01:45:00,customer_3175@example.com,4,28.0,112.0,US,USD,15550103175
,2026-09-03 02:00:00,customer_3176@example.com,3,11.0,33.0,US,USD,15550103176
,2026-09-03 02:15:00,customer_3177@example.com,1,19.0,19.0,US,USD,15550103177
,2026-09-03 02:30:00,customer_3178@example.com,3,21.0,63.0,US,USD,15550103178
,2026-09-03 02:45:00,customer_3179@example.com,4,12.0,48.0,US,USD,15550103179
,2026-09-03 03:00:00,customer_3180@example.com,4,27.0,108.0,US,USD,15550103180
,2026-09-03 03:15:00,customer_3181@example.com,1,19.0,19.0,US,USD,15550103181
,2026-09-03 03:30:00,customer_3182@example.com,4,14.0,56.0,US,USD,15550103182
,2026-09-03 03:45:00,customer_3183@example.com,1,18.0,18.0,US,USD,15550103183
,2026-09-03 04:00:00,customer_3184@example.com,3,26.0,78.0,US,USD,15550103184
,2026-09-03 04:15:00,customer_3185@example.com,4,26.0,104.0,US,USD,15550103185
,2026-09-03 04:30:00,customer_3186@example.com,2,16.0,32.0,US,USD,15550103186
,2026-09-03 04:45:00,customer_3187@example.com,5,11.0,55.0,US,USD,15550103187
,2026-09-03 05:00:00,customer_3188@example.com,1,28.0,28.0,US,USD,15550103188
,2026-09-03 05:15:00,customer_3189@example.com,5,12.0,60.0,US,USD,15550103189
,2026-09-03 05:30:00,customer_3190@example.com,4,29.0,116.0,US,USD,15550103190
,2026-09-03 05:45:00,customer_3191@example.com,3,23.0,69.0,US,USD,15550103191
,2026-09-03 06:00:00,customer_3192@example.com,5,20.0,100.0,US,USD,15550103192
,2026-09-03 06:15:00,customer_3193@example.com,3,26.0,78.0,US,USD,15550103193
,2026-09-03 06:30:00,customer_3194@example.com,5,29.0,145.0,US,USD,15550103194
,2026-09-03 06:45:00,customer_3195@example.com,3,14.0,42.0,US,USD,15550103195
,2026-09-03 07:00:00,customer_3196@example.com,5,28.0,140.0,US,USD,15550103196
,2026-09-03 07:15:00,customer_3197@example.com,4,26.0,104.0,US,USD,15550103197
,2026-09-03 07:30:00,customer_3198@example.com,4,25.0,100.0,US,USD,15550103198
,2026-09-03 07:45:00,customer_3199@example.com,2,29.0,58.0,US,USD,15550103199
,2026-09-03 08:00:00,customer_3200@example.com,2,19.0,38.0,US,USD,15550103200
,2026-09-03 08:15:00,customer_3201@example.com,2,10.0,20.0,US,USD,15550103201
,2026-09-03 08:30:00,customer_3202@example.com,1,10.0,10.0,US,USD,15550103202
,2026-09-03 08:45:00,customer_3203@example.com,4,30.0,120.0,US,USD,15550103203
,2026-09-03 09:00:00,customer_3204@example.com,1,16.0,16.0,US,USD,15550103204
,2026-09-03 09:15:00,customer_3205@example.com,5,23.0,115.0,US,USD,15550103205
,2026-09-03 09:30:00,customer_3206@example.com,4,11.0,44.0,US,USD,15550103206
,2026-09-03 09:45:00,customer_3207@example.com,3,21.0,63.0,US,USD,15550103207
,2026-09-03 10:00:00,customer_3208@example.com,5,30.0,150.0,US,USD,15550103208
,2026-09-03 10:15:00,customer_3209@example.com,2,10.0,20.0,US,USD,15550103209
,2026-09-03 10:30:00,customer_3210@example.com,2,19.0,38.0,US,USD,15550103210
,2026-09-03 10:45:00,customer_3211@example.com,3,12.0,36.0,US,USD,15550103211
,2026-09-03 11:00:00,customer_3212@example.com,3,19.0,57.0,US,USD,15550103212
,2026-09-03 11:15:00,customer_3213@example.com,5,27.0,135.0,US,USD,15550103213
,2026-09-03 11:30:00,customer_3214@example.com,3,10.0,30.0,US,USD,15550103214
,2026-09-03 11:45:00,customer_3215@example.com,1,20.0,20.0,US,USD,15550103215
,2026-09-03 12:00:00,customer_3216@example.com,3,22.0,66.0,US,USD,15550103216
,2026-09-03 12:15:00,customer_3217@example.com,5,29.0,145.0,US,USD,15550103217
,2026-09-03 12:30:00,customer_3218@example.com,1,15.0,15.0,US,USD,15550103218
,2026-09-03 12:45:00,customer_3219@example.com,2,20.0,40.0,US,USD,15550103219
,2026-09-03 13:00:00,customer_3220@example.com,3,25.0,75.0,US,USD,15550103220
,2026-09-03 13:15:00,customer_3221@example.com,4,11.0,44.0,US,USD,15550103221
,2026-09-03 13:30:00,customer_3222@example.com,2,25.0,50.0,US,USD,15550103222
,2026-09-03 13:45:00,customer_3223@example.com,2,30.0,60.0,US,USD,15550103223
,2026-09-03 14:00:00,customer_3224@example.com,4,27.0,108.0,US,USD,15550103224
,2026-09-03 14:15:00,customer_3225@example.com,3,24.0,72.0,US,USD,15550103225
,2026-09-03 14:30:00,customer_3226@example.com,4,11.0,44.0,US,USD,15550103226
,2026-09-03 14:45:00,customer_3227@example.com,5,19.0,95.0,US,USD,15550103227
,2026-09-03 15:00:00,customer_3228@example.com,5,20.0,100.0,US,USD,15550103228
,2026-09-03 15:15:00,customer_3229@example.com,5,27.0,135.0,US,USD,15550103229
,2026-09-03 15:30:00,customer_3230@example.com,1,16.0,16.0,US,USD,15550103230
,2026-09-03 15:45:00,customer_3231@example.com,5,20.0,100.0,US,USD,15550103231
,2026-09-03 16:00:00,customer_3232@example.com,3,12.0,36.0,US,USD,15550103232
,2026-09-03 16:15:00,customer_3233@example.com,2,18.0,36.0,US,USD,15550103233
,2026-09-03 16:30:00,customer_3234@example.com,1,20.0,20.0,US,USD,15550103234
,2026-09-03 16:45:00,customer_3235@example.com,4,30.0,120.0,US,USD,15550103235
,2026-09-03 17:00:00,customer_3236@example.com,5,15.0,75.0,US,USD,15550103236
,2026-09-03 17:15:00,customer_3237@example.com,5,29.0,145.0,US,USD,15550103237
,2026-09-03 17:30:00,customer_3238@example.com,4,15.0,60.0,US,USD,15550103238
,2026-09-03 17:45:00,customer_3239@example.com,5,13.0,65.0,US,USD,15550103239
,2026-09-03 18:00:00,customer_3240@example.com,3,20.0,60.0,US,USD,15550103240
,2026-09-03 18:15:00,customer_3241@example.com,1,18.0,18.0,US,USD,15550103241
,2026-09-03 18:30:00,customer_3242@example.com,4,12.0,48.0,US,USD,15550103242
,2026-09-03 18:45:00,customer_3243@example.com,4,17.0,68.0,US,USD,15550103243
,2026-09-03 19:00:00,customer_3244@example.com,3,24.0,72.0,US,USD,15550103244
,2026-09-03 19:15:00,customer_3245@example.com,3,16.0,48.0,US,USD,15550103245
,2026-09-03 19:30:00,customer_3246@example.com,5,19.0,95.0,US,USD,15550103246
,2026-09-03 19:45:00,customer_3247@example.com,2,13.0,26.0,US,USD,15550103247
,2026-09-03 20:00:00,customer_3248@example.com,3,11.0,33.0,US,USD,15550103248
,2026-09-03 20:15:00,customer_3249@example.com,2,12.0,24.0,US,USD,15550103249
,2026-09-03 20:30:00,customer_3250@example.com,4,26.0,104.0,US,USD,15550103250
,2026-09-03 20:45:00,customer_3251@example.com,1,25.0,25.0,US,USD,15550103251
,2026-09-03 21:00:00,customer_3252@example.com,5,14.0,70.0,US,USD,15550103252
,2026-09-03 21:15:00,customer_3253@example.com,2,20.0,40.0,US,USD,15550103253
,2026-09-03 21:30:00,customer_3254@example.com,4,26.0,104.0,US,USD,15550103254
,2026-09-03 21:45:00,customer_3255@example.com,3,20.0,60.0,US,USD,15550103255
,2026-09-03 22:00:00,customer_3256@example.com,2,13.0,26.0,US,USD,15550103256
,2026-09-03 22:15:00,customer_3257@example.com,5,14.0,70.0,US,USD,15550103257
,2026-09-03 22:30:00,customer_3258@example.com,2,11.0,22.0,US,USD,15550103258
,2026-09-03 22:45:00,customer_3259@example.com,4,22.0,88.0,US,USD,15550103259
,2026-09-03 23:00:00,customer_3260@example.com,5,13.0,65.0,US,USD,15550103260
,2026-09-03 23:15:00,customer_3261@example.com,1,19.0,19.0,US,USD,15550103261
,2026-09-03 23:30:00,customer_3262@example.com,1,29.0,29.0,US,USD,15550103262
,2026-09-03 23:45:00,customer_3263@example.com,1,20.0,20.0,US,USD,15550103263
,2026-09-04 00:00:00,customer_3264@example.com,4,11.0,44.0,US,USD,15550103264
,2026-09-04 00:15:00,customer_3265@example.com,1,26.0,26.0,US,USD,15550103265
,2026-09-04 00:30:00,customer_3266@example.com,3,10.0,30.0,US,USD,15550103266
,2026-09-04 00:45:00,customer_3267@example.com,5,19.0,95.0,US,USD,15550103267
,2026-09-04 01:00:00,customer_3268@example.com,2,20.0,40.0,US,USD,15550103268
,2026-09-04 01:15:00,customer_3269@example.com,2,16.0,32.0,US,USD,15550103269
,2026-09-04 01:30:00,customer_3270@example.com,3,18.0,54.0,US,USD,15550103270
,2026-09-04 01:45:00,customer_3271@example.com,5,20.0,100.0,US,USD,15550103271
,2026-09-04 02:00:00,customer_3272@example.com,4,13.0,52.0,US,USD,15550103272
,2026-09-04 02:15:00,customer_3273@example.com,3,14.0,42.0,US,USD,15550103273
,2026-09-04 02:30:00,customer_3274@example.com,2,18.0,36.0,US,USD,15550103274
,2026-09-04 02:45:00,customer_3275@example.com,1,10.0,10.0,US,USD,15550103275
,2026-09-04 03:00:00,customer_3276@example.com,5,27.0,135.0,US,USD,15550103276
,2026-09-04 03:15:00,customer_3277@example.com,5,13.0,65.0,US,USD,15550103277
,2026-09-04 03:30:00,customer_3278@example.com,2,27.0,54.0,US,USD,15550103278
,2026-09-04 03:45:00,customer_3279@example.com,3,27.0,81.0,US,USD,15550103279
,2026-09-04 04:00:00,customer_3280@example.com,3,18.0,54.0,US,USD,15550103280
,2026-09-04 04:15:00,customer_3281@example.com,2,19.0,38.0,US,USD,15550103281
,2026-09-04 04:30:00,customer_3282@example.com,5,17.0,85.0,US,USD,15550103282
,2026-09-04 04:45:00,customer_3283@example.com,2,12.0,24.0,US,USD,15550103283
,2026-09-04 05:00:00,customer_3284@example.com,3,29.0,87.0,US,USD,15550103284
,2026-09-04 05:15:00,customer_3285@example.com,3,27.0,81.0,US,USD,15550103285
,2026-09-04 05:30:00,customer_3286@example.com,4,11.0,44.0,US,USD,15550103286
,2026-09-04 05:45:00,customer_3287@example.com,2,10.0,20.0,US,USD,15550103287
,2026-09-04 06:00:00,customer_3288@example.com,4,11.0,44.0,US,USD,15550103288
,2026-09-04 06:15:00,customer_3289@example.com,1,22.0,22.0,US,USD,15550103289
,2026-09-04 06:30:00,customer_3290@example.com,1,12.0,12.0,US,USD,15550103290
,2026-09-04 06:45:00,customer_3291@example.com,4,22.0,88.0,US,USD,15550103291
,2026-09-04 07:00:00,customer_3292@example.com,2,29.0,58.0,US,USD,15550103292
,2026-09-04 07:15:00,customer_3293@example.com,5,30.0,150.0,US,USD,15550103293
,2026-09-04 07:30:00,customer_3294@example.com,4,29.0,116.0,US,USD,15550103294
,2026-09-04 07:45:00,customer_3295@example.com,3,19.0,57.0,US,USD,15550103295
,2026-09-04 08:00:00,customer_3296@example.com,3,16.0,48.0,US,USD,15550103296
,2026-09-04 08:15:00,customer_3297@example.com,5,12.0,60.0,US,USD,15550103297
,2026-09-04 08:30:00,customer_3298@example.com,4,28.0,112.0,US,USD,15550103298
,2026-09-04 08:45:00,customer_3299@example.com,2,12.0,24.0,US,USD,15550103299
,2026-09-04 09:00:00,customer_3300@example.com,4,13.0,52.0,US,USD,15550103300
,2026-09-04 09:15:00,customer_3301@example.com,4,19.0,76.0,US,USD,15550103301
,2026-09-04 09:30:00,customer_3302@example.com,4,25.0,100.0,US,USD,15550103302
,2026-09-04 09:45:00,customer_3303@example.com,2,17.0,34.0,US,USD,15550103303
,2026-09-04 10:00:00,customer_3304@example.com,2,29.0,58.0,US,USD,15550103304
,2026-09-04 10:15:00,customer_3305@example.com,3,21.0,63.0,US,USD,15550103305
,2026-09-04 10:30:00,customer_3306@example.com,4,15.0,60.0,US,USD,15550103306
,2026-09-04 10:45:00,customer_3307@example.com,3,20.0,60.0,US,USD,15550103307
,2026-09-04 11:00:00,customer_3308@example.com,4,25.0,100.0,US,USD,15550103308
,2026-09-04 11:15:00,customer_3309@example.com,1,12.0,12.0,US,USD,15550103309
,2026-09-04 11:30:00,customer_3310@example.com,4,13.0,52.0,US,USD,15550103310
,2026-09-04 11:45:00,customer_3311@example.com,3,25.0,75.0,US,USD,15550103311
,2026-09-04 12:00:00,customer_3312@example.com,4,15.0,60.0,US,USD,15550103312
,2026-09-04 12:15:00,customer_3313@example.com,3,21.0,63.0,US,USD,15550103313
,2026-09-04 12:30:00,customer_3314@example.com,5,28.0,140.0,US,USD,15550103314
,2026-09-04 12:45:00,customer_3315@example.com,2,26.0,52.0,US,USD,15550103315
,2026-09-04 13:00:00,customer_3316@example.com,1,22.0,22.0,US,USD,15550103316
,2026-09-04 13:15:00,customer_3317@example.com,1,20.0,20.0,US,USD,15550103317
,2026-09-04 13:30:00,customer_3318@example.com,5,30.0,150.0,US,USD,15550103318
,2026-09-04 13:45:00,customer_3319@example.com,1,19.0,19.0,US,USD,15550103319
,2026-09-04 14:00:00,customer_3320@example.com,5,24.0,120.0,US,USD,15550103320
,2026-09-04 14:15:00,customer_3321@example.com,4,28.0,112.0,US,USD,15550103321
,2026-09-04 14:30:00,customer_3322@example.com,4,17.0,68.0,US,USD,15550103322
,2026-09-04 14:45:00,customer_3323@example.com,5,17.0,85.0,US,USD,15550103323
,2026-09-04 15:00:00,customer_3324@example.com,5,15.0,75.0,US,USD,15550103324
,2026-09-04 15:15:00,customer_3325@example.com,4,22.0,88.0,US,USD,15550103325
,2026-09-04 15:30:00,customer_3326@example.com,1,20.0,20.0,US,USD,15550103326
,2026-09-04 15:45:00,customer_3327@example.com,2,28.0,56.0,US,USD,15550103327
,2026-09-04 16:00:00,customer_3328@example.com,4,23.0,92.0,US,USD,15550103328
,2026-09-04 16:15:00,customer_3329@example.com,5,20.0,100.0,US,USD,15550103329
,2026-09-04 16:30:00,customer_3330@example.com,5,17.0,85.0,US,USD,15550103330
,2026-09-04 16:45:00,customer_3331@example.com,2,12.0,24.0,US,USD,15550103331
,2026-09-04 17:00:00,customer_3332@example.com,5,25.0,125.0,US,USD,15550103332
,2026-09-04 17:15:00,customer_3333@example.com,1,28.0,28.0,US,USD,15550103333
,2026-09-04 17:30:00,customer_3334@example.com,5,24.0,120.0,US,USD,15550103334
,2026-09-04 17:45:00,customer_3335@example.com,3,27.0,81.0,US,USD,15550103335
,2026-09-04 18:00:00,customer_3336@example.com,1,24.0,24.0,US,USD,15550103336
,2026-09-04 18:15:00,customer_3337@example.com,2,19.0,38.0,US,USD,15550103337
,2026-09-04 18:30:00,customer_3338@example.com,4,12.0,48.0,US,USD,15550103338
,2026-09-04 18:45:00,customer_3339@example.com,5,13.0,65.0,US,USD,15550103339
,2026-09-04 19:00:00,customer_3340@example.com,5,22.0,110.0,US,USD,15550103340
,2026-09-04 19:15:00,customer_3341@example.com,3,25.0,75.0,US,USD,15550103341
,2026-09-04 19:30:00,customer_3342@example.com,1,12.0,12.0,US,USD,15550103342
,2026-09-04 19:45:00,customer_3343@example.com,2,14.0,28.0,US,USD,15550103343
,2026-09-04 20:00:00,customer_3344@example.com,5,30.0,150.0,US,USD,15550103344
,2026-09-04 20:15:00,customer_3345@example.com,1,14.0,14.0,US,USD,15550103345
,2026-09-04 20:30:00,customer_3346@example.com,2,24.0,48.0,US,USD,15550103346
,2026-09-04 20:45:00,customer_3347@example.com,5,19.0,95.0,US,USD,15550103347
,2026-09-04 21:00:00,customer_3348@example.com,4,29.0,116.0,US,USD,15550103348
,2026-09-04 21:15:00,customer_3349@example.com,5,24.0,120.0,US,USD,15550103349
,2026-09-04 21:30:00,customer_3350@example.com,2,16.0,32.0,US,USD,15550103350
,2026-09-04 21:45:00,customer_3351@example.com,3,19.0,57.0,US,USD,15550103351
,2026-09-04 22:00:00,customer_3352@example.com,5,19.0,95.0,US,USD,15550103352
,2026-09-04 22:15:00,customer_3353@example.com,4,21.0,84.0,US,USD,15550103353
,2026-09-04 22:30:00,customer_3354@example.com,1,28.0,28.0,US,USD,15550103354
,2026-09-04 22:45:00,customer_3355@example.com,1,29.0,29.0,US,USD,15550103355
,2026-09-04 23:00:00,customer_3356@example.com,5,22.0,110.0,US,USD,15550103356
,2026-09-04 23:15:00,customer_3357@example.com,2,19.0,38.0,US,USD,15550103357
,2026-09-04 23:30:00,customer_3358@example.com,1,21.0,21.0,US,USD,15550103358
,2026-09-04 23:45:00,customer_3359@example.com,5,11.0,55.0,US,USD,15550103359
,2026-09-05 00:00:00,customer_3360@example.com,1,27.0,27.0,US,USD,15550103360
,2026-09-05 00:15:00,customer_3361@example.com,3,13.0,39.0,US,USD,15550103361
,2026-09-05 00:30:00,customer_3362@example.com,3,10.0,30.0,US,USD,15550103362
,2026-09-05 00:45:00,customer_3363@example.com,2,23.0,46.0,US,USD,15550103363
,2026-09-05 01:00:00,customer_3364@example.com,5,22.0,110.0,US,USD,15550103364
,2026-09-05 01:15:00,customer_3365@example.com,3,22.0,66.0,US,USD,15550103365
,2026-09-05 01:30:00,customer_3366@example.com,4,22.0,88.0,US,USD,15550103366
,2026-09-05 01:45:00,customer_3367@example.com,4,27.0,108.0,US,USD,15550103367
,2026-09-05 02:00:00,customer_3368@example.com,2,15.0,30.0,US,USD,15550103368
,2026-09-05 02:15:00,customer_3369@example.com,4,14.0,56.0,US,USD,15550103369
,2026-09-05 02:30:00,customer_3370@example.com,2,27.0,54.0,US,USD,15550103370
,2026-09-05 02:45:00,customer_3371@example.com,4,21.0,84.0,US,USD,15550103371
,2026-09-05 03:00:00,customer_3372@example.com,4,14.0,56.0,US,USD,15550103372
,2026-09-05 03:15:00,customer_3373@example.com,3,14.0,42.0,US,USD,15550103373
,2026-09-05 03:30:00,customer_3374@example.com,2,10.0,20.0,US,USD,15550103374
,2026-09-05 03:45:00,customer_3375@example.com,1,30.0,30.0,US,USD,15550103375
,2026-09-05 04:00:00,customer_3376@example.com,1,14.0,14.0,US,USD,15550103376
,2026-09-05 04:15:00,customer_3377@example.com,4,23.0,92.0,US,USD,15550103377
,2026-09-05 04:30:00,customer_3378@example.com,2,12.0,24.0,US,USD,15550103378
,2026-09-05 04:45:00,customer_3379@example.com,2,30.0,60.0,US,USD,15550103379
,2026-09-05 05:00:00,customer_3380@example.com,4,24.0,96.0,US,USD,15550103380
,2026-09-05 05:15:00,customer_3381@example.com,5,23.0,115.0,US,USD,15550103381
,2026-09-05 05:30:00,customer_3382@example.com,5,15.0,75.0,US,USD,15550103382
,2026-09-05 05:45:00,customer_3383@example.com,4,26.0,104.0,US,USD,15550103383
,2026-09-05 06:00:00,customer_3384@example.com,4,27.0,108.0,US,USD,15550103384
,2026-09-05 06:15:00,customer_3385@example.com,4,22.0,88.0,US,USD,15550103385
,2026-09-05 06:30:00,customer_3386@example.com,3,17.0,51.0,US,USD,15550103386
,2026-09-05 06:45:00,customer_3387@example.com,2,23.0,46.0,US,USD,15550103387
,2026-09-05 07:00:00,customer_3388@example.com,5,10.0,50.0,US,USD,15550103388
,2026-09-05 07:15:00,customer_3389@example.com,5,25.0,125.0,US,USD,15550103389
,2026-09-05 07:30:00,customer_3390@example.com,2,26.0,52.0,US,USD,15550103390
,2026-09-05 07:45:00,customer_3391@example.com,3,23.0,69.0,US,USD,15550103391
,2026-09-05 08:00:00,customer_3392@example.com,5,28.0,140.0,US,USD,15550103392
,2026-09-05 08:15:00,customer_3393@example.com,3,11.0,33.0,US,USD,15550103393
,2026-09-05 08:30:00,customer_3394@example.com,1,28.0,28.0,US,USD,15550103394
,2026-09-05 08:45:00,customer_3395@example.com,4,21.0,84.0,US,USD,15550103395
,2026-09-05 09:00:00,customer_3396@example.com,1,28.0,28.0,US,USD,15550103396
,2026-09-05 09:15:00,customer_3397@example.com,4,12.0,48.0,US,USD,15550103397
,2026-09-05 09:30:00,customer_3398@example.com,2,26.0,52.0,US,USD,15550103398
,2026-09-05 09:45:00,customer_3399@example.com,3,24.0,72.0,US,USD,15550103399
,2026-09-05 10:00:00,customer_3400@example.com,5,12.0,60.0,US,USD,15550103400
,2026-09-05 10:15:00,customer_3401@example.com,5,29.0,145.0,US,USD,15550103401
,2026-09-05 10:30:00,customer_3402@example.com,1,17.0,17.0,US,USD,15550103402
,2026-09-05 10:45:00,customer_3403@example.com,4,30.0,120.0,US,USD,15550103403
,2026-09-05 11:00:00,customer_3404@example.com,1,30.0,30.0,US,USD,15550103404
,2026-09-05 11:15:00,customer_3405@example.com,5,28.0,140.0,US,USD,15550103405
,2026-09-05 11:30:00,customer_3406@example.com,3,29.0,87.0,US,USD,15550103406
,2026-09-05 11:45:00,customer_3407@example.com,1,20.0,20.0,US,USD,15550103407
,2026-09-05 12:00:00,customer_3408@example.com,5,10.0,50.0,US,USD,15550103408
,2026-09-05 12:15:00,customer_3409@example.com,4,24.0,96.0,US,USD,15550103409
,2026-09-05 12:30:00,customer_3410@example.com,5,25.0,125.0,US,USD,15550103410
,2026-09-05 12:45:00,customer_3411@example.com,5,20.0,100.0,US,USD,15550103411
,2026-09-05 13:00:00,customer_3412@example.com,4,21.0,84.0,US,USD,15550103412
,2026-09-05 13:15:00,customer_3413@example.com,3,19.0,57.0,US,USD,15550103413
,2026-09-05 13:30:00,customer_3414@example.com,2,11.0,22.0,US,USD,15550103414
,2026-09-05 13:45:00,customer_3415@example.com,5,19.0,95.0,US,USD,15550103415
,2026-09-05 14:00:00,customer_3416@example.com,5,18.0,90.0,US,USD,15550103416
,2026-09-05 14:15:00,customer_3417@example.com,1,30.0,30.0,US,USD,15550103417
,2026-09-05 14:30:00,customer_3418@example.com,4,28.0,112.0,US,USD,15550103418
,2026-09-05 14:45:00,customer_3419@example.com,2,28.0,56.0,US,USD,15550103419
,2026-09-05 15:00:00,customer_3420@example.com,1,19.0,19.0,US,USD,15550103420
,2026-09-05 15:15:00,customer_3421@example.com,5,10.0,50.0,US,USD,15550103421
,2026-09-05 15:30:00,customer_3422@example.com,3,25.0,75.0,US,USD,15550103422
,2026-09-05 15:45:00,customer_3423@example.com,1,14.0,14.0,US,USD,15550103423
,2026-09-05 16:00:00,customer_3424@example.com,5,12.0,60.0,US,USD,15550103424
,2026-09-05 16:15:00,customer_3425@example.com,3,18.0,54.0,US,USD,15550103425
,2026-09-05 16:30:00,customer_3426@example.com,2,29.0,58.0,US,USD,15550103426
,2026-09-05 16:45:00,customer_3427@example.com,3,18.0,54.0,US,USD,15550103427
,2026-09-05 17:00:00,customer_3428@example.com,3,10.0,30.0,US,USD,15550103428
,2026-09-05 17:15:00,customer_3429@example.com,1,29.0,29.0,US,USD,15550103429
,2026-09-05 17:30:00,customer_3430@example.com,2,28.0,56.0,US,USD,15550103430
,2026-09-05 17:45:00,customer_3431@example.com,2,24.0,48.0,US,USD,15550103431
,2026-09-05 18:00:00,customer_3432@example.com,3,15.0,45.0,US,USD,15550103432
,2026-09-05 18:15:00,customer_3433@example.com,3,17.0,51.0,US,USD,15550103433
,2026-09-05 18:30:00,customer_3434@example.com,4,15.0,60.0,US,USD,15550103434
,2026-09-05 18:45:00,customer_3435@example.com,5,11.0,55.0,US,USD,15550103435
,2026-09-05 19:00:00,customer_3436@example.com,3,12.0,36.0,US,USD,15550103436
,2026-09-05 19:15:00,customer_3437@example.com,2,29.0,58.0,US,USD,15550103437
,2026-09-05 19:30:00,customer_3438@example.com,2,25.0,50.0,US,USD,15550103438
,2026-09-05 19:45:00,customer_3439@example.com,4,22.0,88.0,US,USD,15550103439
,2026-09-05 20:00:00,customer_3440@example.com,2,24.0,48.0,US,USD,15550103440
,2026-09-05 20:15:00,customer_3441@example.com,2,16.0,32.0,US,USD,15550103441
,2026-09-05 20:30:00,customer_3442@example.com,5,21.0,105.0,US,USD,15550103442
,2026-09-05 20:45:00,customer_3443@example.com,1,30.0,30.0,US,USD,15550103443
,2026-09-05 21:00:00,customer_3444@example.com,3,13.0,39.0,US,USD,15550103444
,2026-09-05 21:15:00,customer_3445@example.com,1,15.0,15.0,US,USD,15550103445
,2026-09-05 21:30:00,customer_3446@example.com,4,22.0,88.0,US,USD,15550103446
,2026-09-05 21:45:00,customer_3447@example.com,4,19.0,76.0,US,USD,15550103447
,2026-09-05 22:00:00,customer_3448@example.com,4,27.0,108.0,US,USD,15550103448
,2026-09-05 22:15:00,customer_3449@example.com,2,22.0,44.0,US,USD,15550103449
,2026-09-05 22:30:00,customer_3450@example.com,4,25.0,100.0,US,USD,15550103450
,2026-09-05 22:45:00,customer_3451@example.com,3,14.0,42.0,US,USD,15550103451
,2026-09-05 23:00:00,customer_3452@example.com,5,23.0,115.0,US,USD,15550103452
,2026-09-05 23:15:00,customer_3453@example.com,1,19.0,19.0,US,USD,15550103453
,2026-09-05 23:30:00,customer_3454@example.com,4,22.0,88.0,US,USD,15550103454
,2026-09-05 23:45:00,customer_3455@example.com,3,26.0,78.0,US,USD,15550103455
,2026-09-06 00:00:00,customer_3456@example.com,1,13.0,13.0,US,USD,15550103456
,2026-09-06 00:15:00,customer_3457@example.com,5,30.0,150.0,US,USD,15550103457
,2026-09-06 00:30:00,customer_3458@example.com,3,23.0,69.0,US,USD,15550103458
,2026-09-06 00:45:00,customer_3459@example.com,5,30.0,150.0,US,USD,15550103459
,2026-09-06 01:00:00,customer_3460@example.com,3,20.0,60.0,US,USD,15550103460
,2026-09-06 01:15:00,customer_3461@example.com,3,18.0,54.0,US,USD,15550103461
,2026-09-06 01:30:00,customer_3462@example.com,1,18.0,18.0,US,USD,15550103462
,2026-09-06 01:45:00,customer_3463@example.com,5,22.0,110.0,US,USD,15550103463
,2026-09-06 02:00:00,customer_3464@example.com,4,17.0,68.0,US,USD,15550103464
,2026-09-06 02:15:00,customer_3465@example.com,5,16.0,80.0,US,USD,15550103465
,2026-09-06 02:30:00,customer_3466@example.com,5,20.0,100.0,US,USD,15550103466
,2026-09-06 02:45:00,customer_3467@example.com,2,20.0,40.0,US,USD,15550103467
,2026-09-06 03:00:00,customer_3468@example.com,5,10.0,50.0,US,USD,15550103468
,2026-09-06 03:15:00,customer_3469@example.com,1,12.0,12.0,US,USD,15550103469
,2026-09-06 03:30:00,customer_3470@example.com,1,23.0,23.0,US,USD,15550103470
,2026-09-06 03:45:00,customer_3471@example.com,1,26.0,26.0,US,USD,15550103471
,2026-09-06 04:00:00,customer_3472@example.com,1,24.0,24.0,US,USD,15550103472
,2026-09-06 04:15:00,customer_3473@example.com,3,17.0,51.0,US,USD,15550103473
,2026-09-06 04:30:00,customer_3474@example.com,3,18.0,54.0,US,USD,15550103474
,2026-09-06 04:45:00,customer_3475@example.com,2,11.0,22.0,US,USD,15550103475
,2026-09-06 05:00:00,customer_3476@example.com,1,29.0,29.0,US,USD,15550103476
,2026-09-06 05:15:00,customer_3477@example.com,1,11.0,11.0,US,USD,15550103477
,2026-09-06 05:30:00,customer_3478@example.com,5,16.0,80.0,US,USD,15550103478
,2026-09-06 05:45:00,customer_3479@example.com,5,30.0,150.0,US,USD,15550103479
,2026-09-06 06:00:00,customer_3480@example.com,1,13.0,13.0,US,USD,15550103480
,2026-09-06 06:15:00,customer_3481@example.com,1,29.0,29.0,US,USD,15550103481
,2026-09-06 06:30:00,customer_3482@example.com,2,22.0,44.0,US,USD,15550103482
,2026-09-06 06:45:00,customer_3483@example.com,5,15.0,75.0,US,USD,15550103483
,2026-09-06 07:00:00,customer_3484@example.com,1,15.0,15.0,US,USD,15550103484
,2026-09-06 07:15:00,customer_3485@example.com,3,19.0,57.0,US,USD,15550103485
,2026-09-06 07:30:00,customer_3486@example.com,4,12.0,48.0,US,USD,15550103486
,2026-09-06 07:45:00,customer_3487@example.com,4,18.0,72.0,US,USD,15550103487
,2026-09-06 08:00:00,customer_3488@example.com,4,20.0,80.0,US,USD,15550103488
,2026-09-06 08:15:00,customer_3489@example.com,3,15.0,45.0,US,USD,15550103489
,2026-09-06 08:30:00,customer_3490@example.com,1,18.0,18.0,US,USD,15550103490
,2026-09-06 08:45:00,customer_3491@example.com,1,22.0,22.0,US,USD,15550103491
,2026-09-06 09:00:00,customer_3492@example.com,4,20.0,80.0,US,USD,15550103492
,2026-09-06 09:15:00,customer_3493@example.com,1,18.0,18.0,US,USD,15550103493
,2026-09-06 09:30:00,customer_3494@example.com,3,15.0,45.0,US,USD,15550103494
,2026-09-06 09:45:00,customer_3495@example.com,4,12.0,48.0,US,USD,15550103495
,2026-09-06 10:00:00,customer_3496@example.com,4,16.0,64.0,US,USD,15550103496
,2026-09-06 10:15:00,customer_3497@example.com,5,22.0,110.0,US,USD,15550103497
,2026-09-06 10:30:00,customer_3498@example.com,2,30.0,60.0,US,USD,15550103498
,2026-09-06 10:45:00,customer_3499@example.com,4,13.0,52.0,US,USD,15550103499
,2026-09-06 11:00:00,customer_3500@example.com,2,27.0,54.0,US,USD,15550103500
,2026-09-06 11:15:00,customer_3501@example.com,4,16.0,64.0,US,USD,15550103501
,2026-09-06 11:30:00,customer_3502@example.com,5,30.0,150.0,US,USD,15550103502
,2026-09-06 11:45:00,customer_3503@example.com,1,24.0,24.0,US,USD,15550103503
,2026-09-06 12:00:00,customer_3504@example.com,3,13.0,39.0,US,USD,15550103504
,2026-09-06 12:15:00,customer_3505@example.com,1,12.0,12.0,US,USD,15550103505
,2026-09-06 12:30:00,customer_3506@example.com,1,28.0,28.0,US,USD,15550103506
,2026-09-06 12:45:00,customer_3507@example.com,3,24.0,72.0,US,USD,15550103507
,2026-09-06 13:00:00,customer_3508@example.com,1,25.0,25.0,US,USD,15550103508
,2026-09-06 13:15:00,customer_3509@example.com,2,30.0,60.0,US,USD,15550103509
,2026-09-06 13:30:00,customer_3510@example.com,1,11.0,11.0,US,USD,15550103510
,2026-09-06 13:45:00,customer_3511@example.com,4,18.0,72.0,US,USD,15550103511
,2026-09-06 14:00:00,customer_3512@example.com,2,20.0,40.0,US,USD,15550103512
,2026-09-06 14:15:00,customer_3513@example.com,4,28.0,112.0,US,USD,15550103513
,2026-09-06 14:30:00,customer_3514@example.com,1,26.0,26.0,US,USD,15550103514
,2026-09-06 14:45:00,customer_3515@example.com,4,25.0,100.0,US,USD,15550103515
,2026-09-06 15:00:00,customer_3516@example.com,4,22.0,88.0,US,USD,15550103516
,2026-09-06 15:15:00,customer_3517@example.com,1,27.0,27.0,US,USD,15550103517
,2026-09-06 15:30:00,customer_3518@example.com,2,10.0,20.0,US,USD,15550103518
,2026-09-06 15:45:00,customer_3519@example.com,4,25.0,100.0,US,USD,15550103519
,2026-09-06 16:00:00,customer_3520@example.com,1,28.0,28.0,US,USD,15550103520
,2026-09-06 16:15:00,customer_3521@example.com,5,21.0,105.0,US,USD,15550103521
,2026-09-06 16:30:00,customer_3522@example.com,3,19.0,57.0,US,USD,15550103522
,2026-09-06 16:45:00,customer_3523@example.com,4,11.0,44.0,US,USD,15550103523
,2026-09-06 17:00:00,customer_3524@example.com,1,21.0,21.0,US,USD,15550103524
,2026-09-06 17:15:00,customer_3525@example.com,5,20.0,100.0,US,USD,15550103525
,2026-09-06 17:30:00,customer_3526@example.com,1,24.0,24.0,US,USD,15550103526
,2026-09-06 17:45:00,customer_3527@example.com,3,30.0,90.0,US,USD,15550103527
,2026-09-06 18:00:00,customer_3528@example.com,2,15.0,30.0,US,USD,15550103528
,2026-09-06 18:15:00,customer_3529@example.com,5,11.0,55.0,US,USD,15550103529
,2026-09-06 18:30:00,customer_3530@example.com,4,16.0,64.0,US,USD,15550103530
,2026-09-06 18:45:00,customer_3531@example.com,3,22.0,66.0,US,USD,15550103531
,2026-09-06 19:00:00,customer_3532@example.com,1,30.0,30.0,US,USD,15550103532
,2026-09-06 19:15:00,customer_3533@example.com,3,25.0,75.0,US,USD,15550103533
,2026-09-06 19:30:00,customer_3534@example.com,1,30.0,30.0,US,USD,15550103534
,2026-09-06 19:45:00,customer_3535@example.com,4,16.0,64.0,US,USD,15550103535
,2026-09-06 20:00:00,customer_3536@example.com,2,11.0,22.0,US,USD,15550103536
,2026-09-06 20:15:00,customer_3537@example.com,2,10.0,20.0,US,USD,15550103537
,2026-09-06 20:30:00,customer_3538@example.com,5,17.0,85.0,US,USD,15550103538
,2026-09-06 20:45:00,customer_3539@example.com,4,22.0,88.0,US,USD,15550103539
,2026-09-06 21:00:00,customer_3540@example.com,1,27.0,27.0,US,USD,15550103540
,2026-09-06 21:15:00,customer_3541@example.com,3,25.0,75.0,US,USD,15550103541
,2026-09-06 21:30:00,customer_3542@example.com,5,24.0,120.0,US,USD,15550103542
,2026-09-06 21:45:00,customer_3543@example.com,1,11.0,11.0,US,USD,15550103543
,2026-09-06 22:00:00,customer_3544@example.com,3,11.0,33.0,US,USD,15550103544
,2026-09-06 22:15:00,customer_3545@example.com,3,11.0,33.0,US,USD,15550103545
,2026-09-06 22:30:00,customer_3546@example.com,4,13.0,52.0,US,USD,15550103546
,2026-09-06 22:45:00,customer_3547@example.com,2,30.0,60.0,US,USD,15550103547
,2026-09-06 23:00:00,customer_3548@example.com,5,24.0,120.0,US,USD,15550103548
,2026-09-06 23:15:00,customer_3549@example.com,5,14.0,70.0,US,USD,15550103549
,2026-09-06 23:30:00,customer_3550@example.com,5,17.0,85.0,US,USD,15550103550
,2026-09-06 23:45:00,customer_3551@example.com,1,11.0,11.0,US,USD,15550103551
,2026-09-07 00:00:00,customer_3552@example.com,2,25.0,50.0,US,USD,15550103552
,2026-09-07 00:15:00,customer_3553@example.com,1,25.0,25.0,US,USD,15550103553
,2026-09-07 00:30:00,customer_3554@example.com,5,11.0,55.0,US,USD,15550103554
,2026-09-07 00:45:00,customer_3555@example.com,2,30.0,60.0,US,USD,15550103555
,2026-09-07 01:00:00,customer_3556@example.com,2,10.0,20.0,US,USD,15550103556
,2026-09-07 01:15:00,customer_3557@example.com,2,30.0,60.0,US,USD,15550103557
,2026-09-07 01:30:00,customer_3558@example.com,1,19.0,19.0,US,USD,15550103558
,2026-09-07 01:45:00,customer_3559@example.com,1,24.0,24.0,US,USD,15550103559
,2026-09-07 02:00:00,customer_3560@example.com,5,15.0,75.0,US,USD,15550103560
,2026-09-07 02:15:00,customer_3561@example.com,5,12.0,60.0,US,USD,15550103561
,2026-09-07 02:30:00,customer_3562@example.com,1,13.0,13.0,US,USD,15550103562
,2026-09-07 02:45:00,customer_3563@example.com,4,29.0,116.0,US,USD,15550103563
,2026-09-07 03:00:00,customer_3564@example.com,5,17.0,85.0,US,USD,15550103564
,2026-09-07 03:15:00,customer_3565@example.com,1,16.0,16.0,US,USD,15550103565
,2026-09-07 03:30:00,customer_3566@example.com,4,20.0,80.0,US,USD,15550103566
,2026-09-07 03:45:00,customer_3567@example.com,4,20.0,80.0,US,USD,15550103567
,2026-09-07 04:00:00,customer_3568@example.com,1,28.0,28.0,US,USD,15550103568
,2026-09-07 04:15:00,customer_3569@example.com,5,14.0,70.0,US,USD,15550103569
,2026-09-07 04:30:00,customer_3570@example.com,3,16.0,48.0,US,USD,15550103570
,2026-09-07 04:45:00,customer_3571@example.com,1,28.0,28.0,US,USD,15550103571
,2026-09-07 05:00:00,customer_3572@example.com,2,20.0,40.0,US,USD,15550103572
,2026-09-07 05:15:00,customer_3573@example.com,1,13.0,13.0,US,USD,15550103573
,2026-09-07 05:30:00,customer_3574@example.com,3,14.0,42.0,US,USD,15550103574
,2026-09-07 05:45:00,customer_3575@example.com,4,15.0,60.0,US,USD,15550103575
,2026-09-07 06:00:00,customer_3576@example.com,3,27.0,81.0,US,USD,15550103576
,2026-09-07 06:15:00,customer_3577@example.com,2,24.0,48.0,US,USD,15550103577
,2026-09-07 06:30:00,customer_3578@example.com,2,28.0,56.0,US,USD,15550103578
,2026-09-07 06:45:00,customer_3579@example.com,1,14.0,14.0,US,USD,15550103579
,2026-09-07 07:00:00,customer_3580@example.com,1,30.0,30.0,US,USD,15550103580
,2026-09-07 07:15:00,customer_3581@example.com,5,22.0,110.0,US,USD,15550103581
,2026-09-07 07:30:00,customer_3582@example.com,2,10.0,20.0,US,USD,15550103582
,2026-09-07 07:45:00,customer_3583@example.com,4,12.0,48.0,US,USD,15550103583
,2026-09-07 08:00:00,customer_3584@example.com,1,10.0,10.0,US,USD,15550103584
,2026-09-07 08:15:00,customer_3585@example.com,2,12.0,24.0,US,USD,15550103585
,2026-09-07 08:30:00,customer_3586@example.com,5,19.0,95.0,US,USD,15550103586
,2026-09-07 08:45:00,customer_3587@example.com,4,25.0,100.0,US,USD,15550103587
,2026-09-07 09:00:00,customer_3588@example.com,2,16.0,32.0,US,USD,15550103588
,2026-09-07 09:15:00,customer_3589@example.com,2,30.0,60.0,US,USD,15550103589
,2026-09-07 09:30:00,customer_3590@example.com,3,26.0,78.0,US,USD,15550103590
,2026-09-07 09:45:00,customer_3591@example.com,4,23.0,92.0,US,USD,15550103591
,2026-09-07 10:00:00,customer_3592@example.com,2,15.0,30.0,US,USD,15550103592
,2026-09-07 10:15:00,customer_3593@example.com,5,11.0,55.0,US,USD,15550103593
,2026-09-07 10:30:00,customer_3594@example.com,5,15.0,75.0,US,USD,15550103594
,2026-09-07 10:45:00,customer_3595@example.com,4,29.0,116.0,US,USD,15550103595
,2026-09-07 11:00:00,customer_3596@example.com,1,30.0,30.0,US,USD,15550103596
,2026-09-07 11:15:00,customer_3597@example.com,3,21.0,63.0,US,USD,15550103597
,2026-09-07 11:30:00,customer_3598@example.com,4,10.0,40.0,US,USD,15550103598
,2026-09-07 11:45:00,customer_3599@example.com,5,17.0,85.0,US,USD,15550103599
,2026-09-07 12:00:00,customer_3600@example.com,2,13.0,26.0,US,USD,15550103600
,2026-09-07 12:15:00,customer_3601@example.com,5,13.0,65.0,US,USD,15550103601
,2026-09-07 12:30:00,customer_3602@example.com,5,21.0,105.0,US,USD,15550103602
,2026-09-07 12:45:00,customer_3603@example.com,5,26.0,130.0,US,USD,15550103603
,2026-09-07 13:00:00,customer_3604@example.com,2,24.0,48.0,US,USD,15550103604
,2026-09-07 13:15:00,customer_3605@example.com,2,18.0,36.0,US,USD,15550103605
,2026-09-07 13:30:00,customer_3606@example.com,1,16.0,16.0,US,USD,15550103606
,2026-09-07 13:45:00,customer_3607@example.com,1,14.0,14.0,US,USD,15550103607
,2026-09-07 14:00:00,customer_3608@example.com,4,25.0,100.0,US,USD,15550103608
,2026-09-07 14:15:00,customer_3609@example.com,2,15.0,30.0,US,USD,15550103609
,2026-09-07 14:30:00,customer_3610@example.com,1,11.0,11.0,US,USD,15550103610
,2026-09-07 14:45:00,customer_3611@example.com,3,19.0,57.0,US,USD,15550103611
,2026-09-07 15:00:00,customer_3612@example.com,2,23.0,46.0,US,USD,15550103612
,2026-09-07 15:15:00,customer_3613@example.com,3,20.0,60.0,US,USD,15550103613
,2026-09-07 15:30:00,customer_3614@example.com,5,24.0,120.0,US,USD,15550103614
,2026-09-07 15:45:00,customer_3615@example.com,1,13.0,13.0,US,USD,15550103615
,2026-09-07 16:00:00,customer_3616@example.com,1,27.0,27.0,US,USD,15550103616
,2026-09-07 16:15:00,customer_3617@example.com,2,15.0,30.0,US,USD,15550103617
,2026-09-07 16:30:00,customer_3618@example.com,1,25.0,25.0,US,USD,15550103618
,2026-09-07 16:45:00,customer_3619@example.com,5,13.0,65.0,US,USD,15550103619
,2026-09-07 17:00:00,customer_3620@example.com,1,17.0,17.0,US,USD,15550103620
,2026-09-07 17:15:00,customer_3621@example.com,4,28.0,112.0,US,USD,15550103621
,2026-09-07 17:30:00,customer_3622@example.com,5,20.0,100.0,US,USD,15550103622
,2026-09-07 17:45:00,customer_3623@example.com,4,16.0,64.0,US,USD,15550103623
,2026-09-07 18:00:00,customer_3624@example.com,3,17.0,51.0,US,USD,15550103624
,2026-09-07 18:15:00,customer_3625@example.com,1,20.0,20.0,US,USD,15550103625
,2026-09-07 18:30:00,customer_3626@example.com,2,13.0,26.0,US,USD,15550103626
,2026-09-07 18:45:00,customer_3627@example.com,2,23.0,46.0,US,USD,15550103627
,2026-09-07 19:00:00,customer_3628@example.com,2,22.0,44.0,US,USD,15550103628
,2026-09-07 19:15:00,customer_3629@example.com,2,12.0,24.0,US,USD,15550103629
,2026-09-07 19:30:00,customer_3630@example.com,4,28.0,112.0,US,USD,15550103630
,2026-09-07 19:45:00,customer_3631@example.com,4,11.0,44.0,US,USD,15550103631
,2026-09-07 20:00:00,customer_3632@example.com,4,14.0,56.0,US,USD,15550103632
,2026-09-07 20:15:00,customer_3633@example.com,2,29.0,58.0,US,USD,15550103633
,2026-09-07 20:30:00,customer_3634@example.com,4,15.0,60.0,US,USD,15550103634
,2026-09-07 20:45:00,customer_3635@example.com,4,21.0,84.0,US,USD,15550103635
,2026-09-07 21:00:00,customer_3636@example.com,2,24.0,48.0,US,USD,15550103636
,2026-09-07 21:15:00,customer_3637@example.com,2,30.0,60.0,US,USD,15550103637
,2026-09-07 21:30:00,customer_3638@example.com,3,18.0,54.0,US,USD,15550103638
,2026-09-07 21:45:00,customer_3639@example.com,2,20.0,40.0,US,USD,15550103639
,2026-09-07 22:00:00,customer_3640@example.com,2,11.0,22.0,US,USD,15550103640
,2026-09-07 22:15:00,customer_3641@example.com,5,11.0,55.0,US,USD,15550103641
,2026-09-07 22:30:00,customer_3642@example.com,3,14.0,42.0,US,USD,15550103642
,2026-09-07 22:45:00,customer_3643@example.com,1,24.0,24.0,US,USD,15550103643
,2026-09-07 23:00:00,customer_3644@example.com,4,23.0,92.0,US,USD,15550103644
,2026-09-07 23:15:00,customer_3645@example.com,2,20.0,40.0,US,USD,15550103645
,2026-09-07 23:30:00,customer_3646@example.com,2,19.0,38.0,US,USD,15550103646
,2026-09-07 23:45:00,customer_3647@example.com,5,15.0,75.0,US,USD,15550103647
,2026-09-08 00:00:00,customer_3648@example.com,5,15.0,75.0,US,USD,15550103648
,2026-09-08 00:15:00,customer_3649@example.com,5,27.0,135.0,US,USD,15550103649
,2026-09-08 00:30:00,customer_3650@example.com,2,12.0,24.0,US,USD,15550103650
,2026-09-08 00:45:00,customer_3651@example.com,4,26.0,104.0,US,USD,15550103651
,2026-09-08 01:00:00,customer_3652@example.com,4,16.0,64.0,US,USD,15550103652
,2026-09-08 01:15:00,customer_3653@example.com,5,25.0,125.0,US,USD,15550103653
,2026-09-08 01:30:00,customer_3654@example.com,4,18.0,72.0,US,USD,15550103654
,2026-09-08 01:45:00,customer_3655@example.com,1,23.0,23.0,US,USD,15550103655
,2026-09-08 02:00:00,customer_3656@example.com,2,17.0,34.0,US,USD,15550103656
,2026-09-08 02:15:00,customer_3657@example.com,3,23.0,69.0,US,USD,15550103657
,2026-09-08 02:30:00,customer_3658@example.com,5,17.0,85.0,US,USD,15550103658
,2026-09-08 02:45:00,customer_3659@example.com,5,14.0,70.0,US,USD,15550103659
,2026-09-08 03:00:00,customer_3660@example.com,5,10.0,50.0,US,USD,15550103660
,2026-09-08 03:15:00,customer_3661@example.com,4,11.0,44.0,US,USD,15550103661
,2026-09-08 03:30:00,customer_3662@example.com,1,25.0,25.0,US,USD,15550103662
,2026-09-08 03:45:00,customer_3663@example.com,5,11.0,55.0,US,USD,15550103663
,2026-09-08 04:00:00,customer_3664@example.com,4,26.0,104.0,US,USD,15550103664
,2026-09-08 04:15:00,customer_3665@example.com,4,25.0,100.0,US,USD,15550103665
,2026-09-08 04:30:00,customer_3666@example.com,1,24.0,24.0,US,USD,15550103666
,2026-09-08 04:45:00,customer_3667@example.com,4,17.0,68.0,US,USD,15550103667
,2026-09-08 05:00:00,customer_3668@example.com,1,27.0,27.0,US,USD,15550103668
,2026-09-08 05:15:00,customer_3669@example.com,1,23.0,23.0,US,USD,15550103669
,2026-09-08 05:30:00,customer_3670@example.com,2,14.0,28.0,US,USD,15550103670
,2026-09-08 05:45:00,customer_3671@example.com,3,19.0,57.0,US,USD,15550103671
,2026-09-08 06:00:00,customer_3672@example.com,2,30.0,60.0,US,USD,15550103672
,2026-09-08 06:15:00,customer_3673@example.com,1,10.0,10.0,US,USD,15550103673
,2026-09-08 06:30:00,customer_3674@example.com,4,19.0,76.0,US,USD,15550103674
,2026-09-08 06:45:00,customer_3675@example.com,2,24.0,48.0,US,USD,15550103675
,2026-09-08 07:00:00,customer_3676@example.com,5,28.0,140.0,US,USD,15550103676
,2026-09-08 07:15:00,customer_3677@example.com,1,24.0,24.0,US,USD,15550103677
,2026-09-08 07:30:00,customer_3678@example.com,4,14.0,56.0,US,USD,15550103678
,2026-09-08 07:45:00,customer_3679@example.com,4,15.0,60.0,US,USD,15550103679
,2026-09-08 08:00:00,customer_3680@example.com,3,30.0,90.0,US,USD,15550103680
,2026-09-08 08:15:00,customer_3681@example.com,4,30.0,120.0,US,USD,15550103681
,2026-09-08 08:30:00,customer_3682@example.com,1,30.0,30.0,US,USD,15550103682
,2026-09-08 08:45:00,customer_3683@example.com,1,22.0,22.0,US,USD,15550103683
,2026-09-08 09:00:00,customer_3684@example.com,3,26.0,78.0,US,USD,15550103684
,2026-09-08 09:15:00,customer_3685@example.com,1,19.0,19.0,US,USD,15550103685
,2026-09-08 09:30:00,customer_3686@example.com,4,18.0,72.0,US,USD,15550103686
,2026-09-08 09:45:00,customer_3687@example.com,5,27.0,135.0,US,USD,15550103687
,2026-09-08 10:00:00,customer_3688@example.com,5,16.0,80.0,US,USD,15550103688
,2026-09-08 10:15:00,customer_3689@example.com,1,29.0,29.0,US,USD,15550103689
,2026-09-08 10:30:00,customer_3690@example.com,3,11.0,33.0,US,USD,15550103690
,2026-09-08 10:45:00,customer_3691@example.com,5,21.0,105.0,US,USD,15550103691
,2026-09-08 11:00:00,customer_3692@example.com,1,13.0,13.0,US,USD,15550103692
,2026-09-08 11:15:00,customer_3693@example.com,4,21.0,84.0,US,USD,15550103693
,2026-09-08 11:30:00,customer_3694@example.com,4,29.0,116.0,US,USD,15550103694
,2026-09-08 11:45:00,customer_3695@example.com,1,21.0,21.0,US,USD,15550103695
,2026-09-08 12:00:00,customer_3696@example.com,3,15.0,45.0,US,USD,15550103696
,2026-09-08 12:15:00,customer_3697@example.com,5,12.0,60.0,US,USD,15550103697
,2026-09-08 12:30:00,customer_3698@example.com,5,16.0,80.0,US,USD,15550103698
,2026-09-08 12:45:00,customer_3699@example.com,2,20.0,40.0,US,USD,15550103699
,2026-09-08 13:00:00,customer_3700@example.com,2,27.0,54.0,US,USD,15550103700
,2026-09-08 13:15:00,customer_3701@example.com,1,30.0,30.0,US,USD,15550103701
,2026-09-08 13:30:00,customer_3702@example.com,4,28.0,112.0,US,USD,15550103702
,2026-09-08 13:45:00,customer_3703@example.com,2,17.0,34.0,US,USD,15550103703
,2026-09-08 14:00:00,customer_3704@example.com,3,21.0,63.0,US,USD,15550103704
,2026-09-08 14:15:00,customer_3705@example.com,3,26.0,78.0,US,USD,15550103705
,2026-09-08 14:30:00,customer_3706@example.com,4,18.0,72.0,US,USD,15550103706
,2026-09-08 14:45:00,customer_3707@example.com,1,12.0,12.0,US,USD,15550103707
,2026-09-08 15:00:00,customer_3708@example.com,3,21.0,63.0,US,USD,15550103708
,2026-09-08 15:15:00,customer_3709@example.com,4,25.0,100.0,US,USD,15550103709
,2026-09-08 15:30:00,customer_3710@example.com,5,26.0,130.0,US,USD,15550103710
,2026-09-08 15:45:00,customer_3711@example.com,1,25.0,25.0,US,USD,15550103711
,2026-09-08 16:00:00,customer_3712@example.com,5,27.0,135.0,US,USD,15550103712
,2026-09-08 16:15:00,customer_3713@example.com,3,24.0,72.0,US,USD,15550103713
,2026-09-08 16:30:00,customer_3714@example.com,5,21.0,105.0,US,USD,15550103714
,2026-09-08 16:45:00,customer_3715@example.com,1,16.0,16.0,US,USD,15550103715
,2026-09-08 17:00:00,customer_3716@example.com,4,12.0,48.0,US,USD,15550103716
,2026-09-08 17:15:00,customer_3717@example.com,1,22.0,22.0,US,USD,15550103717
,2026-09-08 17:30:00,customer_3718@example.com,2,19.0,38.0,US,USD,15550103718
,2026-09-08 17:45:00,customer_3719@example.com,1,13.0,13.0,US,USD,15550103719
,2026-09-08 18:00:00,customer_3720@example.com,2,18.0,36.0,US,USD,15550103720
,2026-09-08 18:15:00,customer_3721@example.com,1,14.0,14.0,US,USD,15550103721
,2026-09-08 18:30:00,customer_3722@example.com,4,14.0,56.0,US,USD,15550103722
,2026-09-08 18:45:00,customer_3723@example.com,2,26.0,52.0,US,USD,15550103723
,2026-09-08 19:00:00,customer_3724@example.com,1,19.0,19.0,US,USD,15550103724
,2026-09-08 19:15:00,customer_3725@example.com,4,27.0,108.0,US,USD,15550103725
,2026-09-08 19:30:00,customer_3726@example.com,2,25.0,50.0,US,USD,15550103726
,2026-09-08 19:45:00,customer_3727@example.com,3,23.0,69.0,US,USD,15550103727
,2026-09-08 20:00:00,customer_3728@example.com,4,30.0,120.0,US,USD,15550103728
,2026-09-08 20:15:00,customer_3729@example.com,1,19.0,19.0,US,USD,15550103729
,2026-09-08 20:30:00,customer_3730@example.com,2,12.0,24.0,US,USD,15550103730
,2026-09-08 20:45:00,customer_3731@example.com,1,17.0,17.0,US,USD,15550103731
,2026-09-08 21:00:00,customer_3732@example.com,5,30.0,150.0,US,USD,15550103732
,2026-09-08 21:15:00,customer_3733@example.com,3,23.0,69.0,US,USD,15550103733
,2026-09-08 21:30:00,customer_3734@example.com,5,20.0,100.0,US,USD,15550103734
,2026-09-08 21:45:00,customer_3735@example.com,3,25.0,75.0,US,USD,15550103735
,2026-09-08 22:00:00,customer_3736@example.com,5,26.0,130.0,US,USD,15550103736
,2026-09-08 22:15:00,customer_3737@example.com,5,24.0,120.0,US,USD,15550103737
,2026-09-08 22:30:00,customer_3738@example.com,4,19.0,76.0,US,USD,15550103738
,2026-09-08 22:45:00,customer_3739@example.com,5,14.0,70.0,US,USD,15550103739
,2026-09-08 23:00:00,customer_3740@example.com,3,15.0,45.0,US,USD,15550103740
,2026-09-08 23:15:00,customer_3741@example.com,3,17.0,51.0,US,USD,15550103741
,2026-09-08 23:30:00,customer_3742@example.com,4,21.0,84.0,US,USD,15550103742
,2026-09-08 23:45:00,customer_3743@example.com,3,11.0,33.0,US,USD,15550103743
,2026-09-09 00:00:00,customer_3744@example.com,2,21.0,42.0,US,USD,15550103744
,2026-09-09 00:15:00,customer_3745@example.com,3,24.0,72.0,US,USD,15550103745
,2026-09-09 00:30:00,customer_3746@example.com,2,29.0,58.0,US,USD,15550103746
,2026-09-09 00:45:00,customer_3747@example.com,2,27.0,54.0,US,USD,15550103747
,2026-09-09 01:00:00,customer_3748@example.com,3,15.0,45.0,US,USD,15550103748
,2026-09-09 01:15:00,customer_3749@example.com,2,14.0,28.0,US,USD,15550103749
,2026-09-09 01:30:00,customer_3750@example.com,2,17.0,34.0,US,USD,15550103750
,2026-09-09 01:45:00,customer_3751@example.com,1,11.0,11.0,US,USD,15550103751
,2026-09-09 02:00:00,customer_3752@example.com,3,28.0,84.0,US,USD,15550103752
,2026-09-09 02:15:00,customer_3753@example.com,2,24.0,48.0,US,USD,15550103753
,2026-09-09 02:30:00,customer_3754@example.com,3,21.0,63.0,US,USD,15550103754
,2026-09-09 02:45:00,customer_3755@example.com,2,16.0,32.0,US,USD,15550103755
,2026-09-09 03:00:00,customer_3756@example.com,5,11.0,55.0,US,USD,15550103756
,2026-09-09 03:15:00,customer_3757@example.com,3,21.0,63.0,US,USD,15550103757
,2026-09-09 03:30:00,customer_3758@example.com,2,21.0,42.0,US,USD,15550103758
,2026-09-09 03:45:00,customer_3759@example.com,4,27.0,108.0,US,USD,15550103759
,2026-09-09 04:00:00,customer_3760@example.com,2,27.0,54.0,US,USD,15550103760
,2026-09-09 04:15:00,customer_3761@example.com,3,13.0,39.0,US,USD,15550103761
,2026-09-09 04:30:00,customer_3762@example.com,1,22.0,22.0,US,USD,15550103762
,2026-09-09 04:45:00,customer_3763@example.com,4,14.0,56.0,US,USD,15550103763
,2026-09-09 05:00:00,customer_3764@example.com,4,20.0,80.0,US,USD,15550103764
,2026-09-09 05:15:00,customer_3765@example.com,2,10.0,20.0,US,USD,15550103765
,2026-09-09 05:30:00,customer_3766@example.com,5,26.0,130.0,US,USD,15550103766
,2026-09-09 05:45:00,customer_3767@example.com,3,30.0,90.0,US,USD,15550103767
,2026-09-09 06:00:00,customer_3768@example.com,3,25.0,75.0,US,USD,15550103768
,2026-09-09 06:15:00,customer_3769@example.com,3,28.0,84.0,US,USD,15550103769
,2026-09-09 06:30:00,customer_3770@example.com,2,28.0,56.0,US,USD,15550103770
,2026-09-09 06:45:00,customer_3771@example.com,4,20.0,80.0,US,USD,15550103771
,2026-09-09 07:00:00,customer_3772@example.com,1,25.0,25.0,US,USD,15550103772
,2026-09-09 07:15:00,customer_3773@example.com,1,14.0,14.0,US,USD,15550103773
,2026-09-09 07:30:00,customer_3774@example.com,5,13.0,65.0,US,USD,15550103774
,2026-09-09 07:45:00,customer_3775@example.com,3,10.0,30.0,US,USD,15550103775
,2026-09-09 08:00:00,customer_3776@example.com,4,29.0,116.0,US,USD,15550103776
,2026-09-09 08:15:00,customer_3777@example.com,2,24.0,48.0,US,USD,15550103777
,2026-09-09 08:30:00,customer_3778@example.com,3,12.0,36.0,US,USD,15550103778
,2026-09-09 08:45:00,customer_3779@example.com,3,11.0,33.0,US,USD,15550103779
,2026-09-09 09:00:00,customer_3780@example.com,5,30.0,150.0,US,USD,15550103780
,2026-09-09 09:15:00,customer_3781@example.com,2,28.0,56.0,US,USD,15550103781
,2026-09-09 09:30:00,customer_3782@example.com,5,17.0,85.0,US,USD,15550103782
,2026-09-09 09:45:00,customer_3783@example.com,3,16.0,48.0,US,USD,15550103783
,2026-09-09 10:00:00,customer_3784@example.com,1,12.0,12.0,US,USD,15550103784
,2026-09-09 10:15:00,customer_3785@example.com,5,24.0,120.0,US,USD,15550103785
,2026-09-09 10:30:00,customer_3786@example.com,1,26.0,26.0,US,USD,15550103786
,2026-09-09 10:45:00,customer_3787@example.com,4,16.0,64.0,US,USD,15550103787
,2026-09-09 11:00:00,customer_3788@example.com,4,20.0,80.0,US,USD,15550103788
,2026-09-09 11:15:00,customer_3789@example.com,5,29.0,145.0,US,USD,15550103789
,2026-09-09 11:30:00,customer_3790@example.com,5,11.0,55.0,US,USD,15550103790
,2026-09-09 11:45:00,customer_3791@example.com,3,22.0,66.0,US,USD,15550103791
,2026-09-09 12:00:00,customer_3792@example.com,2,23.0,46.0,US,USD,15550103792
,2026-09-09 12:15:00,customer_3793@example.com,3,22.0,66.0,US,USD,15550103793
,2026-09-09 12:30:00,customer_3794@example.com,3,10.0,30.0,US,USD,15550103794
,2026-09-09 12:45:00,customer_3795@example.com,3,21.0,63.0,US,USD,15550103795
,2026-09-09 13:00:00,customer_3796@example.com,3,19.0,57.0,US,USD,15550103796
,2026-09-09 13:15:00,customer_3797@example.com,4,27.0,108.0,US,USD,15550103797
,2026-09-09 13:30:00,customer_3798@example.com,1,16.0,16.0,US,USD,15550103798
,2026-09-09 13:45:00,customer_3799@example.com,4,23.0,92.0,US,USD,15550103799
,2026-09-09 14:00:00,customer_3800@example.com,4,19.0,76.0,US,USD,15550103800
,2026-09-09 14:15:00,customer_3801@example.com,2,23.0,46.0,US,USD,15550103801
,2026-09-09 14:30:00,customer_3802@example.com,4,14.0,56.0,US,USD,15550103802
,2026-09-09 14:45:00,customer_3803@example.com,5,29.0,145.0,US,USD,15550103803
,2026-09-09 15:00:00,customer_3804@example.com,1,14.0,14.0,US,USD,15550103804
,2026-09-09 15:15:00,customer_3805@example.com,2,19.0,38.0,US,USD,15550103805
,2026-09-09 15:30:00,customer_3806@example.com,4,26.0,104.0,US,USD,15550103806
,2026-09-09 15:45:00,customer_3807@example.com,3,12.0,36.0,US,USD,15550103807
,2026-09-09 16:00:00,customer_3808@example.com,5,22.0,110.0,US,USD,15550103808
,2026-09-09 16:15:00,customer_3809@example.com,1,10.0,10.0,US,USD,15550103809
,2026-09-09 16:30:00,customer_3810@example.com,4,30.0,120.0,US,USD,15550103810
,2026-09-09 16:45:00,customer_3811@example.com,3,23.0,69.0,US,USD,15550103811
,2026-09-09 17:00:00,customer_3812@example.com,2,27.0,54.0,US,USD,15550103812
,2026-09-09 17:15:00,customer_3813@example.com,4,28.0,112.0,US,USD,15550103813
,2026-09-09 17:30:00,customer_3814@example.com,2,16.0,32.0,US,USD,15550103814
,2026-09-09 17:45:00,customer_3815@example.com,2,22.0,44.0,US,USD,15550103815
,2026-09-09 18:00:00,customer_3816@example.com,3,27.0,81.0,US,USD,15550103816
,2026-09-09 18:15:00,customer_3817@example.com,4,11.0,44.0,US,USD,15550103817
,2026-09-09 18:30:00,customer_3818@example.com,3,28.0,84.0,US,USD,15550103818
,2026-09-09 18:45:00,customer_3819@example.com,3,25.0,75.0,US,USD,15550103819
,2026-09-09 19:00:00,customer_3820@example.com,5,24.0,120.0,US,USD,15550103820
,2026-09-09 19:15:00,customer_3821@example.com,2,10.0,20.0,US,USD,15550103821
,2026-09-09 19:30:00,customer_3822@example.com,1,14.0,14.0,US,USD,15550103822
,2026-09-09 19:45:00,customer_3823@example.com,3,19.0,57.0,US,USD,15550103823
,2026-09-09 20:00:00,customer_3824@example.com,4,13.0,52.0,US,USD,15550103824
,2026-09-09 20:15:00,customer_3825@example.com,3,23.0,69.0,US,USD,15550103825
,2026-09-09 20:30:00,customer_3826@example.com,2,25.0,50.0,US,USD,15550103826
,2026-09-09 20:45:00,customer_3827@example.com,2,10.0,20.0,US,USD,15550103827
,2026-09-09 21:00:00,customer_3828@example.com,1,18.0,18.0,US,USD,15550103828
,2026-09-09 21:15:00,customer_3829@example.com,4,12.0,48.0,US,USD,15550103829
,2026-09-09 21:30:00,customer_3830@example.com,5,21.0,105.0,US,USD,15550103830
,2026-09-09 21:45:00,customer_3831@example.com,5,25.0,125.0,US,USD,15550103831
,2026-09-09 22:00:00,customer_3832@example.com,5,23.0,115.0,US,USD,15550103832
,2026-09-09 22:15:00,customer_3833@example.com,3,30.0,90.0,US,USD,15550103833
,2026-09-09 22:30:00,customer_3834@example.com,4,13.0,52.0,US,USD,15550103834
,2026-09-09 22:45:00,customer_3835@example.com,3,26.0,78.0,US,USD,15550103835
,2026-09-09 23:00:00,customer_3836@example.com,5,10.0,50.0,US,USD,15550103836
,2026-09-09 23:15:00,customer_3837@example.com,3,15.0,45.0,US,USD,15550103837
,2026-09-09 23:30:00,customer_3838@example.com,5,11.0,55.0,US,USD,15550103838
,2026-09-09 23:45:00,customer_3839@example.com,2,20.0,40.0,US,USD,15550103839
,2026-09-10 00:00:00,customer_3840@example.com,4,14.0,56.0,US,USD,15550103840
,2026-09-10 00:15:00,customer_3841@example.com,3,15.0,45.0,US,USD,15550103841
,2026-09-10 00:30:00,customer_3842@example.com,1,18.0,18.0,US,USD,15550103842
,2026-09-10 00:45:00,customer_3843@example.com,3,23.0,69.0,US,USD,15550103843
,2026-09-10 01:00:00,customer_3844@example.com,3,11.0,33.0,US,USD,15550103844
,2026-09-10 01:15:00,customer_3845@example.com,3,19.0,57.0,US,USD,15550103845
,2026-09-10 01:30:00,customer_3846@example.com,5,30.0,150.0,US,USD,15550103846
,2026-09-10 01:45:00,customer_3847@example.com,1,26.0,26.0,US,USD,15550103847
,2026-09-10 02:00:00,customer_3848@example.com,2,30.0,60.0,US,USD,15550103848
,2026-09-10 02:15:00,customer_3849@example.com,2,13.0,26.0,US,USD,15550103849
,2026-09-10 02:30:00,customer_3850@example.com,5,15.0,75.0,US,USD,15550103850
,2026-09-10 02:45:00,customer_3851@example.com,5,20.0,100.0,US,USD,15550103851
,2026-09-10 03:00:00,customer_3852@example.com,3,19.0,57.0,US,USD,15550103852
,2026-09-10 03:15:00,customer_3853@example.com,3,21.0,63.0,US,USD,15550103853
,2026-09-10 03:30:00,customer_3854@example.com,1,27.0,27.0,US,USD,15550103854
,2026-09-10 03:45:00,customer_3855@example.com,5,21.0,105.0,US,USD,15550103855
,2026-09-10 04:00:00,customer_3856@example.com,2,10.0,20.0,US,USD,15550103856
,2026-09-10 04:15:00,customer_3857@example.com,2,26.0,52.0,US,USD,15550103857
,2026-09-10 04:30:00,customer_3858@example.com,3,21.0,63.0,US,USD,15550103858
,2026-09-10 04:45:00,customer_3859@example.com,4,23.0,92.0,US,USD,15550103859
,2026-09-10 05:00:00,customer_3860@example.com,3,15.0,45.0,US,USD,15550103860
,2026-09-10 05:15:00,customer_3861@example.com,1,16.0,16.0,US,USD,15550103861
,2026-09-10 05:30:00,customer_3862@example.com,2,26.0,52.0,US,USD,15550103862
,2026-09-10 05:45:00,customer_3863@example.com,2,16.0,32.0,US,USD,15550103863
,2026-09-10 06:00:00,customer_3864@example.com,5,29.0,145.0,US,USD,15550103864
,2026-09-10 06:15:00,customer_3865@example.com,5,27.0,135.0,US,USD,15550103865
,2026-09-10 06:30:00,customer_3866@example.com,5,13.0,65.0,US,USD,15550103866
,2026-09-10 06:45:00,customer_3867@example.com,4,24.0,96.0,US,USD,15550103867
,2026-09-10 07:00:00,customer_3868@example.com,1,13.0,13.0,US,USD,15550103868
,2026-09-10 07:15:00,customer_3869@example.com,2,10.0,20.0,US,USD,15550103869
,2026-09-10 07:30:00,customer_3870@example.com,4,21.0,84.0,US,USD,15550103870
,2026-09-10 07:45:00,customer_3871@example.com,3,21.0,63.0,US,USD,15550103871
,2026-09-10 08:00:00,customer_3872@example.com,2,24.0,48.0,US,USD,15550103872
,2026-09-10 08:15:00,customer_3873@example.com,5,26.0,130.0,US,USD,15550103873
,2026-09-10 08:30:00,customer_3874@example.com,3,15.0,45.0,US,USD,15550103874
,2026-09-10 08:45:00,customer_3875@example.com,3,10.0,30.0,US,USD,15550103875
,2026-09-10 09:00:00,customer_3876@example.com,1,17.0,17.0,US,USD,15550103876
,2026-09-10 09:15:00,customer_3877@example.com,2,14.0,28.0,US,USD,15550103877
,2026-09-10 09:30:00,customer_3878@example.com,2,19.0,38.0,US,USD,15550103878
,2026-09-10 09:45:00,customer_3879@example.com,2,16.0,32.0,US,USD,15550103879
,2026-09-10 10:00:00,customer_3880@example.com,2,12.0,24.0,US,USD,15550103880
,2026-09-10 10:15:00,customer_3881@example.com,4,13.0,52.0,US,USD,15550103881
,2026-09-10 10:30:00,customer_3882@example.com,1,10.0,10.0,US,USD,15550103882
,2026-09-10 10:45:00,customer_3883@example.com,4,23.0,92.0,US,USD,15550103883
,2026-09-10 11:00:00,customer_3884@example.com,1,16.0,16.0,US,USD,15550103884
,2026-09-10 11:15:00,customer_3885@example.com,1,11.0,11.0,US,USD,15550103885
,2026-09-10 11:30:00,customer_3886@example.com,5,28.0,140.0,US,USD,15550103886
,2026-09-10 11:45:00,customer_3887@example.com,1,25.0,25.0,US,USD,15550103887
,2026-09-10 12:00:00,customer_3888@example.com,1,18.0,18.0,US,USD,15550103888
,2026-09-10 12:15:00,customer_3889@example.com,1,12.0,12.0,US,USD,15550103889
,2026-09-10 12:30:00,customer_3890@example.com,3,10.0,30.0,US,USD,15550103890
,2026-09-10 12:45:00,customer_3891@example.com,1,13.0,13.0,US,USD,15550103891
,2026-09-10 13:00:00,customer_3892@example.com,5,16.0,80.0,US,USD,15550103892
,2026-09-10 13:15:00,customer_3893@example.com,5,16.0,80.0,US,USD,15550103893
,2026-09-10 13:30:00,customer_3894@example.com,2,21.0,42.0,US,USD,15550103894
,2026-09-10 13:45:00,customer_3895@example.com,1,12.0,12.0,US,USD,15550103895
,2026-09-10 14:00:00,customer_3896@example.com,2,18.0,36.0,US,USD,15550103896
,2026-09-10 14:15:00,customer_3897@example.com,5,21.0,105.0,US,USD,15550103897
,2026-09-10 14:30:00,customer_3898@example.com,3,15.0,45.0,US,USD,15550103898
,2026-09-10 14:45:00,customer_3899@example.com,5,29.0,145.0,US,USD,15550103899
,2026-09-10 15:00:00,customer_3900@example.com,2,26.0,52.0,US,USD,15550103900
,2026-09-10 15:15:00,customer_3901@example.com,5,12.0,60.0,US,USD,15550103901
,2026-09-10 15:30:00,customer_3902@example.com,1,28.0,28.0,US,USD,15550103902
,2026-09-10 15:45:00,customer_3903@example.com,1,26.0,26.0,US,USD,15550103903
,2026-09-10 16:00:00,customer_3904@example.com,2,16.0,32.0,US,USD,15550103904
,2026-09-10 16:15:00,customer_3905@example.com,3,15.0,45.0,US,USD,15550103905
,2026-09-10 16:30:00,customer_3906@example.com,5,10.0,50.0,US,USD,15550103906
,2026-09-10 16:45:00,customer_3907@example.com,1,16.0,16.0,US,USD,15550103907
,2026-09-10 17:00:00,customer_3908@example.com,5,25.0,125.0,US,USD,15550103908
,2026-09-10 17:15:00,customer_3909@example.com,3,28.0,84.0,US,USD,15550103909
,2026-09-10 17:30:00,customer_3910@example.com,2,24.0,48.0,US,USD,15550103910
,2026-09-10 17:45:00,customer_3911@example.com,1,15.0,15.0,US,USD,15550103911
,2026-09-10 18:00:00,customer_3912@example.com,3,22.0,66.0,US,USD,15550103912
,2026-09-10 18:15:00,customer_3913@example.com,4,16.0,64.0,US,USD,15550103913
,2026-09-10 18:30:00,customer_3914@example.com,5,17.0,85.0,US,USD,15550103914
,2026-09-10 18:45:00,customer_3915@example.com,4,13.0,52.0,US,USD,15550103915
,2026-09-10 19:00:00,customer_3916@example.com,3,13.0,39.0,US,USD,15550103916
,2026-09-10 19:15:00,customer_3917@example.com,4,13.0,52.0,US,USD,15550103917
,2026-09-10 19:30:00,customer_3918@example.com,5,14.0,70.0,US,USD,15550103918
,2026-09-10 19:45:00,customer_3919@example.com,4,21.0,84.0,US,USD,15550103919
,2026-09-10 20:00:00,customer_3920@example.com,3,27.0,81.0,US,USD,15550103920
,2026-09-10 20:15:00,customer_3921@example.com,1,12.0,12.0,US,USD,15550103921
,2026-09-10 20:30:00,customer_3922@example.com,3,25.0,75.0,US,USD,15550103922
,2026-09-10 20:45:00,customer_3923@example.com,1,22.0,22.0,US,USD,15550103923
,2026-09-10 21:00:00,customer_3924@example.com,3,24.0,72.0,US,USD,15550103924
,2026-09-10 21:15:00,customer_3925@example.com,5,19.0,95.0,US,USD,15550103925
,2026-09-10 21:30:00,customer_3926@example.com,4,17.0,68.0,US,USD,15550103926
,2026-09-10 21:45:00,customer_3927@example.com,5,23.0,115.0,US,USD,15550103927
,2026-09-10 22:00:00,customer_3928@example.com,3,23.0,69.0,US,USD,15550103928
,2026-09-10 22:15:00,customer_3929@example.com,2,12.0,24.0,US,USD,15550103929
,2026-09-10 22:30:00,customer_3930@example.com,4,21.0,84.0,US,USD,15550103930
,2026-09-10 22:45:00,customer_3931@example.com,2,10.0,20.0,US,USD,15550103931
,2026-09-10 23:00:00,customer_3932@example.com,4,13.0,52.0,US,USD,15550103932
,2026-09-10 23:15:00,customer_3933@example.com,4,24.0,96.0,US,USD,15550103933
,2026-09-10 23:30:00,customer_3934@example.com,5,12.0,60.0,US,USD,15550103934
,2026-09-10 23:45:00,customer_3935@example.com,1,14.0,14.0,US,USD,15550103935
,2026-09-11 00:00:00,customer_3936@example.com,4,22.0,88.0,US,USD,15550103936
,2026-09-11 00:15:00,customer_3937@example.com,5,13.0,65.0,US,USD,15550103937
,2026-09-11 00:30:00,customer_3938@example.com,2,12.0,24.0,US,USD,15550103938
,2026-09-11 00:45:00,customer_3939@example.com,3,16.0,48.0,US,USD,15550103939
,2026-09-11 01:00:00,customer_3940@example.com,3,16.0,48.0,US,USD,15550103940
,2026-09-11 01:15:00,customer_3941@example.com,5,22.0,110.0,US,USD,15550103941
,2026-09-11 01:30:00,customer_3942@example.com,1,17.0,17.0,US,USD,15550103942
,2026-09-11 01:45:00,customer_3943@example.com,4,25.0,100.0,US,USD,15550103943
,2026-09-11 02:00:00,customer_3944@example.com,3,28.0,84.0,US,USD,15550103944
,2026-09-11 02:15:00,customer_3945@example.com,5,18.0,90.0,US,USD,15550103945
,2026-09-11 02:30:00,customer_3946@example.com,4,21.0,84.0,US,USD,15550103946
,2026-09-11 02:45:00,customer_3947@example.com,4,29.0,116.0,US,USD,15550103947
,2026-09-11 03:00:00,customer_3948@example.com,4,25.0,100.0,US,USD,15550103948
,2026-09-11 03:15:00,customer_3949@example.com,5,18.0,90.0,US,USD,15550103949
,2026-09-11 03:30:00,customer_3950@example.com,2,24.0,48.0,US,USD,15550103950
,2026-09-11 03:45:00,customer_3951@example.com,1,13.0,13.0,US,USD,15550103951
,2026-09-11 04:00:00,customer_3952@example.com,3,25.0,75.0,US,USD,15550103952
,2026-09-11 04:15:00,customer_3953@example.com,4,17.0,68.0,US,USD,15550103953
,2026-09-11 04:30:00,customer_3954@example.com,2,10.0,20.0,US,USD,15550103954
,2026-09-11 04:45:00,customer_3955@example.com,1,11.0,11.0,US,USD,15550103955
,2026-09-11 05:00:00,customer_3956@example.com,1,25.0,25.0,US,USD,15550103956
,2026-09-11 05:15:00,customer_3957@example.com,1,15.0,15.0,US,USD,15550103957
,2026-09-11 05:30:00,customer_3958@example.com,4,29.0,116.0,US,USD,15550103958
,2026-09-11 05:45:00,customer_3959@example.com,3,14.0,42.0,US,USD,15550103959
,2026-09-11 06:00:00,customer_3960@example.com,3,29.0,87.0,US,USD,15550103960
,2026-09-11 06:15:00,customer_3961@example.com,5,13.0,65.0,US,USD,15550103961
,2026-09-11 06:30:00,customer_3962@example.com,1,26.0,26.0,US,USD,15550103962
,2026-09-11 06:45:00,customer_3963@example.com,4,24.0,96.0,US,USD,15550103963
,2026-09-11 07:00:00,customer_3964@example.com,2,19.0,38.0,US,USD,15550103964
,2026-09-11 07:15:00,customer_3965@example.com,4,25.0,100.0,US,USD,15550103965
,2026-09-11 07:30:00,customer_3966@example.com,5,18.0,90.0,US,USD,15550103966
,2026-09-11 07:45:00,customer_3967@example.com,5,20.0,100.0,US,USD,15550103967
,2026-09-11 08:00:00,customer_3968@example.com,5,27.0,135.0,US,USD,15550103968
,2026-09-11 08:15:00,customer_3969@example.com,1,11.0,11.0,US,USD,15550103969
,2026-09-11 08:30:00,customer_3970@example.com,4,13.0,52.0,US,USD,15550103970
,2026-09-11 08:45:00,customer_3971@example.com,4,24.0,96.0,US,USD,15550103971
,2026-09-11 09:00:00,customer_3972@example.com,3,22.0,66.0,US,USD,15550103972
,2026-09-11 09:15:00,customer_3973@example.com,4,24.0,96.0,US,USD,15550103973
,2026-09-11 09:30:00,customer_3974@example.com,1,11.0,11.0,US,USD,15550103974
,2026-09-11 09:45:00,customer_3975@example.com,2,27.0,54.0,US,USD,15550103975
,2026-09-11 10:00:00,customer_3976@example.com,3,15.0,45.0,US,USD,15550103976
,2026-09-11 10:15:00,customer_3977@example.com,4,23.0,92.0,US,USD,15550103977
,2026-09-11 10:30:00,customer_3978@example.com,2,19.0,38.0,US,USD,15550103978
,2026-09-11 10:45:00,customer_3979@example.com,4,25.0,100.0,US,USD,15550103979
,2026-09-11 11:00:00,customer_3980@example.com,1,28.0,28.0,US,USD,15550103980
,2026-09-11 11:15:00,customer_3981@example.com,4,27.0,108.0,US,USD,15550103981
,2026-09-11 11:30:00,customer_3982@example.com,5,28.0,140.0,US,USD,15550103982
,2026-09-11 11:45:00,customer_3983@example.com,4,25.0,100.0,US,USD,15550103983
,2026-09-11 12:00:00,customer_3984@example.com,5,15.0,75.0,US,USD,15550103984
,2026-09-11 12:15:00,customer_3985@example.com,5,11.0,55.0,US,USD,15550103985
,2026-09-11 12:30:00,customer_3986@example.com,4,18.0,72.0,US,USD,15550103986
,2026-09-11 12:45:00,customer_3987@example.com,4,28.0,112.0,US,USD,15550103987
,2026-09-11 13:00:00,customer_3988@example.com,4,29.0,116.0,US,USD,15550103988
,2026-09-11 13:15:00,customer_3989@example.com,3,19.0,57.0,US,USD,15550103989
,2026-09-11 13:30:00,customer_3990@example.com,3,11.0,33.0,US,USD,15550103990
,2026-09-11 13:45:00,customer_3991@example.com,1,28.0,28.0,US,USD,15550103991
,2026-09-11 14:00:00,customer_3992@example.com,1,14.0,14.0,US,USD,15550103992
,2026-09-11 14:15:00,customer_3993@example.com,3,21.0,63.0,US,USD,15550103993
,2026-09-11 14:30:00,customer_3994@example.com,5,10.0,50.0,US,USD,15550103994
,2026-09-11 14:45:00,customer_3995@example.com,3,22.0,66.0,US,USD,15550103995
,2026-09-11 15:00:00,customer_3996@example.com,1,23.0,23.0,US,USD,15550103996
,2026-09-11 15:15:00,customer_3997@example.com,3,21.0,63.0,US,USD,15550103997
,2026-09-11 15:30:00,customer_3998@example.com,4,21.0,84.0,US,USD,15550103998
,2026-09-11 15:45:00,customer_3999@example.com,1,17.0,17.0,US,USD,15550103999
,2026-09-11 16:00:00,customer_4000@example.com,2,17.0,34.0,US,USD,15550104000
,2026-09-11 16:15:00,customer_4001@example.com,3,28.0,84.0,US,USD,15550104001
,2026-09-11 16:30:00,customer_4002@example.com,1,12.0,12.0,US,USD,15550104002
,2026-09-11 16:45:00,customer_4003@example.com,3,13.0,39.0,US,USD,15550104003
,2026-09-11 17:00:00,customer_4004@example.com,3,15.0,45.0,US,USD,15550104004
,2026-09-11 17:15:00,customer_4005@example.com,1,27.0,27.0,US,USD,15550104005
,2026-09-11 17:30:00,customer_4006@example.com,3,11.0,33.0,US,USD,15550104006
,2026-09-11 17:45:00,customer_4007@example.com,4,23.0,92.0,US,USD,15550104007
,2026-09-11 18:00:00,customer_4008@example.com,5,26.0,130.0,US,USD,15550104008
,2026-09-11 18:15:00,customer_4009@example.com,4,18.0,72.0,US,USD,15550104009
,2026-09-11 18:30:00,customer_4010@example.com,1,25.0,25.0,US,USD,15550104010
,2026-09-11 18:45:00,customer_4011@example.com,5,10.0,50.0,US,USD,15550104011
,2026-09-11 19:00:00,customer_4012@example.com,3,22.0,66.0,US,USD,15550104012
,2026-09-11 19:15:00,customer_4013@example.com,5,22.0,110.0,US,USD,15550104013
,2026-09-11 19:30:00,customer_4014@example.com,3,28.0,84.0,US,USD,15550104014
,2026-09-11 19:45:00,customer_4015@example.com,1,25.0,25.0,US,USD,15550104015
,2026-09-11 20:00:00,customer_4016@example.com,1,16.0,16.0,US,USD,15550104016
,2026-09-11 20:15:00,customer_4017@example.com,3,25.0,75.0,US,USD,15550104017
,2026-09-11 20:30:00,customer_4018@example.com,5,20.0,100.0,US,USD,15550104018
,2026-09-11 20:45:00,customer_4019@example.com,2,29.0,58.0,US,USD,15550104019
,2026-09-11 21:00:00,customer_4020@example.com,3,21.0,63.0,US,USD,15550104020
,2026-09-11 21:15:00,customer_4021@example.com,4,16.0,64.0,US,USD,15550104021
,2026-09-11 21:30:00,customer_4022@example.com,4,30.0,120.0,US,USD,15550104022
,2026-09-11 21:45:00,customer_4023@example.com,1,27.0,27.0,US,USD,15550104023
,2026-09-11 22:00:00,customer_4024@example.com,2,19.0,38.0,US,USD,15550104024
,2026-09-11 22:15:00,customer_4025@example.com,3,11.0,33.0,US,USD,15550104025
,2026-09-11 22:30:00,customer_4026@example.com,3,28.0,84.0,US,USD,15550104026
,2026-09-11 22:45:00,customer_4027@example.com,4,17.0,68.0,US,USD,15550104027
,2026-09-11 23:00:00,customer_4028@example.com,5,12.0,60.0,US,USD,15550104028
,2026-09-11 23:15:00,customer_4029@example.com,5,13.0,65.0,US,USD,15550104029
,2026-09-11 23:30:00,customer_4030@example.com,5,20.0,100.0,US,USD,15550104030
,2026-09-11 23:45:00,customer_4031@example.com,3,12.0,36.0,US,USD,15550104031
,2026-09-12 00:00:00,customer_4032@example.com,5,26.0,130.0,US,USD,15550104032
,2026-09-12 00:15:00,customer_4033@example.com,4,23.0,92.0,US,USD,15550104033
,2026-09-12 00:30:00,customer_4034@example.com,2,21.0,42.0,US,USD,15550104034
,2026-09-12 00:45:00,customer_4035@example.com,1,30.0,30.0,US,USD,15550104035
,2026-09-12 01:00:00,customer_4036@example.com,3,26.0,78.0,US,USD,15550104036
,2026-09-12 01:15:00,customer_4037@example.com,3,23.0,69.0,US,USD,15550104037
,2026-09-12 01:30:00,customer_4038@example.com,5,20.0,100.0,US,USD,15550104038
,2026-09-12 01:45:00,customer_4039@example.com,2,23.0,46.0,US,USD,15550104039
,2026-09-12 02:00:00,customer_4040@example.com,4,18.0,72.0,US,USD,15550104040
,2026-09-12 02:15:00,customer_4041@example.com,5,26.0,130.0,US,USD,15550104041
,2026-09-12 02:30:00,customer_4042@example.com,4,27.0,108.0,US,USD,15550104042
,2026-09-12 02:45:00,customer_4043@example.com,2,10.0,20.0,US,USD,15550104043
,2026-09-12 03:00:00,customer_4044@example.com,5,15.0,75.0,US,USD,15550104044
,2026-09-12 03:15:00,customer_4045@example.com,5,25.0,125.0,US,USD,15550104045
,2026-09-12 03:30:00,customer_4046@example.com,2,24.0,48.0,US,USD,15550104046
,2026-09-12 03:45:00,customer_4047@example.com,3,30.0,90.0,US,USD,15550104047
,2026-09-12 04:00:00,customer_4048@example.com,5,29.0,145.0,US,USD,15550104048
,2026-09-12 04:15:00,customer_4049@example.com,4,28.0,112.0,US,USD,15550104049
,2026-09-12 04:30:00,customer_4050@example.com,1,26.0,26.0,US,USD,15550104050
,2026-09-12 04:45:00,customer_4051@example.com,2,21.0,42.0,US,USD,15550104051
,2026-09-12 05:00:00,customer_4052@example.com,4,14.0,56.0,US,USD,15550104052
,2026-09-12 05:15:00,customer_4053@example.com,2,14.0,28.0,US,USD,15550104053
,2026-09-12 05:30:00,customer_4054@example.com,3,23.0,69.0,US,USD,15550104054
,2026-09-12 05:45:00,customer_4055@example.com,4,20.0,80.0,US,USD,15550104055
,2026-09-12 06:00:00,customer_4056@example.com,1,30.0,30.0,US,USD,15550104056
,2026-09-12 06:15:00,customer_4057@example.com,2,23.0,46.0,US,USD,15550104057
,2026-09-12 06:30:00,customer_4058@example.com,3,19.0,57.0,US,USD,15550104058
,2026-09-12 06:45:00,customer_4059@example.com,2,18.0,36.0,US,USD,15550104059
,2026-09-12 07:00:00,customer_4060@example.com,5,17.0,85.0,US,USD,15550104060
,2026-09-12 07:15:00,customer_4061@example.com,4,17.0,68.0,US,USD,15550104061
,2026-09-12 07:30:00,customer_4062@example.com,1,14.0,14.0,US,USD,15550104062
,2026-09-12 07:45:00,customer_4063@example.com,2,10.0,20.0,US,USD,15550104063
,2026-09-12 08:00:00,customer_4064@example.com,2,19.0,38.0,US,USD,15550104064
,2026-09-12 08:15:00,customer_4065@example.com,4,25.0,100.0,US,USD,15550104065
,2026-09-12 08:30:00,customer_4066@example.com,5,23.0,115.0,US,USD,15550104066
,2026-09-12 08:45:00,customer_4067@example.com,4,30.0,120.0,US,USD,15550104067
,2026-09-12 09:00:00,customer_4068@example.com,1,16.0,16.0,US,USD,15550104068
,2026-09-12 09:15:00,customer_4069@example.com,2,18.0,36.0,US,USD,15550104069
,2026-09-12 09:30:00,customer_4070@example.com,2,10.0,20.0,US,USD,15550104070
,2026-09-12 09:45:00,customer_4071@example.com,3,18.0,54.0,US,USD,15550104071
,2026-09-12 10:00:00,customer_4072@example.com,5,15.0,75.0,US,USD,15550104072
,2026-09-12 10:15:00,customer_4073@example.com,1,25.0,25.0,US,USD,15550104073
,2026-09-12 10:30:00,customer_4074@example.com,1,11.0,11.0,US,USD,15550104074
,2026-09-12 10:45:00,customer_4075@example.com,1,20.0,20.0,US,USD,15550104075
,2026-09-12 11:00:00,customer_4076@example.com,5,19.0,95.0,US,USD,15550104076
,2026-09-12 11:15:00,customer_4077@example.com,1,23.0,23.0,US,USD,15550104077
,2026-09-12 11:30:00,customer_4078@example.com,3,12.0,36.0,US,USD,15550104078
,2026-09-12 11:45:00,customer_4079@example.com,4,14.0,56.0,US,USD,15550104079
,2026-09-12 12:00:00,customer_4080@example.com,2,13.0,26.0,US,USD,15550104080
,2026-09-12 12:15:00,customer_4081@example.com,5,26.0,130.0,US,USD,15550104081
,2026-09-12 12:30:00,customer_4082@example.com,1,26.0,26.0,US,USD,15550104082
,2026-09-12 12:45:00,customer_4083@example.com,5,26.0,130.0,US,USD,15550104083
,2026-09-12 13:00:00,customer_4084@example.com,3,25.0,75.0,US,USD,15550104084
,2026-09-12 13:15:00,customer_4085@example.com,1,17.0,17.0,US,USD,15550104085
,2026-09-12 13:30:00,customer_4086@example.com,5,13.0,65.0,US,USD,15550104086
,2026-09-12 13:45:00,customer_4087@example.com,3,20.0,60.0,US,USD,15550104087
,2026-09-12 14:00:00,customer_4088@example.com,5,22.0,110.0,US,USD,15550104088
,2026-09-12 14:15:00,customer_4089@example.com,2,23.0,46.0,US,USD,15550104089
,2026-09-12 14:30:00,customer_4090@example.com,2,14.0,28.0,US,USD,15550104090
,2026-09-12 14:45:00,customer_4091@example.com,1,15.0,15.0,US,USD,15550104091
,2026-09-12 15:00:00,customer_4092@example.com,2,18.0,36.0,US,USD,15550104092
,2026-09-12 15:15:00,customer_4093@example.com,4,23.0,92.0,US,USD,15550104093
,2026-09-12 15:30:00,customer_4094@example.com,3,28.0,84.0,US,USD,15550104094
,2026-09-12 15:45:00,customer_4095@example.com,1,25.0,25.0,US,USD,15550104095
,2026-09-12 16:00:00,customer_4096@example.com,5,21.0,105.0,US,USD,15550104096
,2026-09-12 16:15:00,customer_4097@example.com,1,20.0,20.0,US,USD,15550104097
,2026-09-12 16:30:00,customer_4098@example.com,5,23.0,115.0,US,USD,15550104098
,2026-09-12 16:45:00,customer_4099@example.com,4,17.0,68.0,US,USD,15550104099
,2026-09-12 17:00:00,customer_4100@example.com,3,14.0,42.0,US,USD,15550104100
,2026-09-12 17:15:00,customer_4101@example.com,3,25.0,75.0,US,USD,15550104101
,2026-09-12 17:30:00,customer_4102@example.com,3,19.0,57.0,US,USD,15550104102
,2026-09-12 17:45:00,customer_4103@example.com,1,30.0,30.0,US,USD,15550104103
,2026-09-12 18:00:00,customer_4104@example.com,5,11.0,55.0,US,USD,15550104104
,2026-09-12 18:15:00,customer_4105@example.com,1,17.0,17.0,US,USD,15550104105
,2026-09-12 18:30:00,customer_4106@example.com,3,27.0,81.0,US,USD,15550104106
,2026-09-12 18:45:00,customer_4107@example.com,4,19.0,76.0,US,USD,15550104107
,2026-09-12 19:00:00,customer_4108@example.com,3,13.0,39.0,US,USD,15550104108
,2026-09-12 19:15:00,customer_4109@example.com,5,17.0,85.0,US,USD,15550104109
,2026-09-12 19:30:00,customer_4110@example.com,4,22.0,88.0,US,USD,15550104110
,2026-09-12 19:45:00,customer_4111@example.com,1,22.0,22.0,US,USD,15550104111
,2026-09-12 20:00:00,customer_4112@example.com,3,19.0,57.0,US,USD,15550104112
,2026-09-12 20:15:00,customer_4113@example.com,1,17.0,17.0,US,USD,15550104113
,2026-09-12 20:30:00,customer_4114@example.com,3,16.0,48.0,US,USD,15550104114
,2026-09-12 20:45:00,customer_4115@example.com,2,24.0,48.0,US,USD,15550104115
,2026-09-12 21:00:00,customer_4116@example.com,3,30.0,90.0,US,USD,15550104116
,2026-09-12 21:15:00,customer_4117@example.com,4,11.0,44.0,US,USD,15550104117
,2026-09-12 21:30:00,customer_4118@example.com,3,12.0,36.0,US,USD,15550104118
,2026-09-12 21:45:00,customer_4119@example.com,4,25.0,100.0,US,USD,15550104119
,2026-09-12 22:00:00,customer_4120@example.com,4,20.0,80.0,US,USD,15550104120
,2026-09-12 22:15:00,customer_4121@example.com,4,13.0,52.0,US,USD,15550104121
,2026-09-12 22:30:00,customer_4122@example.com,2,18.0,36.0,US,USD,15550104122
,2026-09-12 22:45:00,customer_4123@example.com,5,12.0,60.0,US,USD,15550104123
,2026-09-12 23:00:00,customer_4124@example.com,3,23.0,69.0,US,USD,15550104124
,2026-09-12 23:15:00,customer_4125@example.com,5,27.0,135.0,US,USD,15550104125
,2026-09-12 23:30:00,customer_4126@example.com,3,24.0,72.0,US,USD,15550104126
,2026-09-12 23:45:00,customer_4127@example.com,1,11.0,11.0,US,USD,15550104127
,2026-09-13 00:00:00,customer_4128@example.com,2,30.0,60.0,US,USD,15550104128
,2026-09-13 00:15:00,customer_4129@example.com,4,30.0,120.0,US,USD,15550104129
,2026-09-13 00:30:00,customer_4130@example.com,2,10.0,20.0,US,USD,15550104130
,2026-09-13 00:45:00,customer_4131@example.com,4,16.0,64.0,US,USD,15550104131
,2026-09-13 01:00:00,customer_4132@example.com,3,20.0,60.0,US,USD,15550104132
,2026-09-13 01:15:00,customer_4133@example.com,5,12.0,60.0,US,USD,15550104133
,2026-09-13 01:30:00,customer_4134@example.com,1,15.0,15.0,US,USD,15550104134
,2026-09-13 01:45:00,customer_4135@example.com,2,26.0,52.0,US,USD,15550104135
,2026-09-13 02:00:00,customer_4136@example.com,2,29.0,58.0,US,USD,15550104136
,2026-09-13 02:15:00,customer_4137@example.com,4,20.0,80.0,US,USD,15550104137
,2026-09-13 02:30:00,customer_4138@example.com,4,25.0,100.0,US,USD,15550104138
,2026-09-13 02:45:00,customer_4139@example.com,2,18.0,36.0,US,USD,15550104139
,2026-09-13 03:00:00,customer_4140@example.com,2,28.0,56.0,US,USD,15550104140
,2026-09-13 03:15:00,customer_4141@example.com,3,19.0,57.0,US,USD,15550104141
,2026-09-13 03:30:00,customer_4142@example.com,2,12.0,24.0,US,USD,15550104142
,2026-09-13 03:45:00,customer_4143@example.com,4,21.0,84.0,US,USD,15550104143
,2026-09-13 04:00:00,customer_4144@example.com,2,22.0,44.0,US,USD,15550104144
,2026-09-13 04:15:00,customer_4145@example.com,4,28.0,112.0,US,USD,15550104145
,2026-09-13 04:30:00,customer_4146@example.com,2,10.0,20.0,US,USD,15550104146
,2026-09-13 04:45:00,customer_4147@example.com,1,27.0,27.0,US,USD,15550104147
,2026-09-13 05:00:00,customer_4148@example.com,5,30.0,150.0,US,USD,15550104148
,2026-09-13 05:15:00,customer_4149@example.com,2,12.0,24.0,US,USD,15550104149
,2026-09-13 05:30:00,customer_4150@example.com,4,16.0,64.0,US,USD,15550104150
,2026-09-13 05:45:00,customer_4151@example.com,3,15.0,45.0,US,USD,15550104151
,2026-09-13 06:00:00,customer_4152@example.com,1,22.0,22.0,US,USD,15550104152
,2026-09-13 06:15:00,customer_4153@example.com,5,23.0,115.0,US,USD,15550104153
,2026-09-13 06:30:00,customer_4154@example.com,5,18.0,90.0,US,USD,15550104154
,2026-09-13 06:45:00,customer_4155@example.com,2,12.0,24.0,US,USD,15550104155
,2026-09-13 07:00:00,customer_4156@example.com,3,15.0,45.0,US,USD,15550104156
,2026-09-13 07:15:00,customer_4157@example.com,5,13.0,65.0,US,USD,15550104157
,2026-09-13 07:30:00,customer_4158@example.com,1,26.0,26.0,US,USD,15550104158
,2026-09-13 07:45:00,customer_4159@example.com,4,24.0,96.0,US,USD,15550104159
,2026-09-13 08:00:00,customer_4160@example.com,4,13.0,52.0,US,USD,15550104160
,2026-09-13 08:15:00,customer_4161@example.com,2,16.0,32.0,US,USD,15550104161
,2026-09-13 08:30:00,customer_4162@example.com,2,18.0,36.0,US,USD,15550104162
,2026-09-13 08:45:00,customer_4163@example.com,3,25.0,75.0,US,USD,15550104163
,2026-09-13 09:00:00,customer_4164@example.com,4,14.0,56.0,US,USD,15550104164
,2026-09-13 09:15:00,customer_4165@example.com,4,16.0,64.0,US,USD,15550104165
,2026-09-13 09:30:00,customer_4166@example.com,5,16.0,80.0,US,USD,15550104166
,2026-09-13 09:45:00,customer_4167@example.com,3,16.0,48.0,US,USD,15550104167
,2026-09-13 10:00:00,customer_4168@example.com,4,15.0,60.0,US,USD,15550104168
,2026-09-13 10:15:00,customer_4169@example.com,4,14.0,56.0,US,USD,15550104169
,2026-09-13 10:30:00,customer_4170@example.com,1,19.0,19.0,US,USD,15550104170
,2026-09-13 10:45:00,customer_4171@example.com,3,17.0,51.0,US,USD,15550104171
,2026-09-13 11:00:00,customer_4172@example.com,5,24.0,120.0,US,USD,15550104172
,2026-09-13 11:15:00,customer_4173@example.com,2,21.0,42.0,US,USD,15550104173
,2026-09-13 11:30:00,customer_4174@example.com,5,30.0,150.0,US,USD,15550104174
,2026-09-13 11:45:00,customer_4175@example.com,4,12.0,48.0,US,USD,15550104175
,2026-09-13 12:00:00,customer_4176@example.com,1,25.0,25.0,US,USD,15550104176
,2026-09-13 12:15:00,customer_4177@example.com,2,20.0,40.0,US,USD,15550104177
,2026-09-13 12:30:00,customer_4178@example.com,4,16.0,64.0,US,USD,15550104178
,2026-09-13 12:45:00,customer_4179@example.com,4,23.0,92.0,US,USD,15550104179
,2026-09-13 13:00:00,customer_4180@example.com,5,18.0,90.0,US,USD,15550104180
,2026-09-13 13:15:00,customer_4181@example.com,1,13.0,13.0,US,USD,15550104181
,2026-09-13 13:30:00,customer_4182@example.com,5,11.0,55.0,US,USD,15550104182
,2026-09-13 13:45:00,customer_4183@example.com,1,20.0,20.0,US,USD,15550104183
,2026-09-13 14:00:00,customer_4184@example.com,2,25.0,50.0,US,USD,15550104184
,2026-09-13 14:15:00,customer_4185@example.com,3,29.0,87.0,US,USD,15550104185
,2026-09-13 14:30:00,customer_4186@example.com,5,11.0,55.0,US,USD,15550104186
,2026-09-13 14:45:00,customer_4187@example.com,1,18.0,18.0,US,USD,15550104187
,2026-09-13 15:00:00,customer_4188@example.com,5,29.0,145.0,US,USD,15550104188
,2026-09-13 15:15:00,customer_4189@example.com,4,19.0,76.0,US,USD,15550104189
,2026-09-13 15:30:00,customer_4190@example.com,4,21.0,84.0,US,USD,15550104190
,2026-09-13 15:45:00,customer_4191@example.com,2,27.0,54.0,US,USD,15550104191
,2026-09-13 16:00:00,customer_4192@example.com,1,28.0,28.0,US,USD,15550104192
,2026-09-13 16:15:00,customer_4193@example.com,2,18.0,36.0,US,USD,15550104193
,2026-09-13 16:30:00,customer_4194@example.com,2,26.0,52.0,US,USD,15550104194
,2026-09-13 16:45:00,customer_4195@example.com,4,20.0,80.0,US,USD,15550104195
,2026-09-13 17:00:00,customer_4196@example.com,4,14.0,56.0,US,USD,15550104196
,2026-09-13 17:15:00,customer_4197@example.com,1,20.0,20.0,US,USD,15550104197
,2026-09-13 17:30:00,customer_4198@example.com,5,23.0,115.0,US,USD,15550104198
,2026-09-13 17:45:00,customer_4199@example.com,2,18.0,36.0,US,USD,15550104199
,2026-09-13 18:00:00,customer_4200@example.com,1,20.0,20.0,US,USD,15550104200
,2026-09-13 18:15:00,customer_4201@example.com,1,14.0,14.0,US,USD,15550104201
,2026-09-13 18:30:00,customer_4202@example.com,4,18.0,72.0,US,USD,15550104202
,2026-09-13 18:45:00,customer_4203@example.com,3,23.0,69.0,US,USD,15550104203
,2026-09-13 19:00:00,customer_4204@example.com,3,18.0,54.0,US,USD,15550104204
,2026-09-13 19:15:00,customer_4205@example.com,5,18.0,90.0,US,USD,15550104205
,2026-09-13 19:30:00,customer_4206@example.com,5,20.0,100.0,US,USD,15550104206
,2026-09-13 19:45:00,customer_4207@example.com,4,15.0,60.0,US,USD,15550104207
,2026-09-13 20:00:00,customer_4208@example.com,3,25.0,75.0,US,USD,15550104208
,2026-09-13 20:15:00,customer_4209@example.com,2,27.0,54.0,US,USD,15550104209
,2026-09-13 20:30:00,customer_4210@example.com,4,11.0,44.0,US,USD,15550104210
,2026-09-13 20:45:00,customer_4211@example.com,2,14.0,28.0,US,USD,15550104211
,2026-09-13 21:00:00,customer_4212@example.com,1,17.0,17.0,US,USD,15550104212
,2026-09-13 21:15:00,customer_4213@example.com,2,11.0,22.0,US,USD,15550104213
,2026-09-13 21:30:00,customer_4214@example.com,4,18.0,72.0,US,USD,15550104214
,2026-09-13 21:45:00,customer_4215@example.com,2,24.0,48.0,US,USD,15550104215
,2026-09-13 22:00:00,customer_4216@example.com,4,13.0,52.0,US,USD,15550104216
,2026-09-13 22:15:00,customer_4217@example.com,4,11.0,44.0,US,USD,15550104217
,2026-09-13 22:30:00,customer_4218@example.com,4,21.0,84.0,US,USD,15550104218
,2026-09-13 22:45:00,customer_4219@example.com,5,25.0,125.0,US,USD,15550104219
,2026-09-13 23:00:00,customer_4220@example.com,4,25.0,100.0,US,USD,15550104220
,2026-09-13 23:15:00,customer_4221@example.com,1,14.0,14.0,US,USD,15550104221
,2026-09-13 23:30:00,customer_4222@example.com,1,21.0,21.0,US,USD,15550104222
,2026-09-13 23:45:00,customer_4223@example.com,1,16.0,16.0,US,USD,15550104223
,2026-09-14 00:00:00,customer_4224@example.com,3,15.0,45.0,US,USD,15550104224
,2026-09-14 00:15:00,customer_4225@example.com,2,26.0,52.0,US,USD,15550104225
,2026-09-14 00:30:00,customer_4226@example.com,3,28.0,84.0,US,USD,15550104226
,2026-09-14 00:45:00,customer_4227@example.com,5,16.0,80.0,US,USD,15550104227
,2026-09-14 01:00:00,customer_4228@example.com,5,10.0,50.0,US,USD,15550104228
,2026-09-14 01:15:00,customer_4229@example.com,5,28.0,140.0,US,USD,15550104229
,2026-09-14 01:30:00,customer_4230@example.com,2,23.0,46.0,US,USD,15550104230
,2026-09-14 01:45:00,customer_4231@example.com,1,17.0,17.0,US,USD,15550104231
,2026-09-14 02:00:00,customer_4232@example.com,4,13.0,52.0,US,USD,15550104232
,2026-09-14 02:15:00,customer_4233@example.com,3,10.0,30.0,US,USD,15550104233
,2026-09-14 02:30:00,customer_4234@example.com,3,13.0,39.0,US,USD,15550104234
,2026-09-14 02:45:00,customer_4235@example.com,4,21.0,84.0,US,USD,15550104235
,2026-09-14 03:00:00,customer_4236@example.com,5,13.0,65.0,US,USD,15550104236
,2026-09-14 03:15:00,customer_4237@example.com,3,14.0,42.0,US,USD,15550104237
,2026-09-14 03:30:00,customer_4238@example.com,1,12.0,12.0,US,USD,15550104238
,2026-09-14 03:45:00,customer_4239@example.com,4,25.0,100.0,US,USD,15550104239
,2026-09-14 04:00:00,customer_4240@example.com,4,30.0,120.0,US,USD,15550104240
,2026-09-14 04:15:00,customer_4241@example.com,3,29.0,87.0,US,USD,15550104241
,2026-09-14 04:30:00,customer_4242@example.com,1,20.0,20.0,US,USD,15550104242
,2026-09-14 04:45:00,customer_4243@example.com,1,30.0,30.0,US,USD,15550104243
,2026-09-14 05:00:00,customer_4244@example.com,5,24.0,120.0,US,USD,15550104244
,2026-09-14 05:15:00,customer_4245@example.com,3,28.0,84.0,US,USD,15550104245
,2026-09-14 05:30:00,customer_4246@example.com,2,16.0,32.0,US,USD,15550104246
,2026-09-14 05:45:00,customer_4247@example.com,1,30.0,30.0,US,USD,15550104247
,2026-09-14 06:00:00,customer_4248@example.com,3,20.0,60.0,US,USD,15550104248
,2026-09-14 06:15:00,customer_4249@example.com,1,12.0,12.0,US,USD,15550104249
,2026-09-14 06:30:00,customer_4250@example.com,5,29.0,145.0,US,USD,15550104250
,2026-09-14 06:45:00,customer_4251@example.com,4,12.0,48.0,US,USD,15550104251
,2026-09-14 07:00:00,customer_4252@example.com,4,18.0,72.0,US,USD,15550104252
,2026-09-14 07:15:00,customer_4253@example.com,2,17.0,34.0,US,USD,15550104253
,2026-09-14 07:30:00,customer_4254@example.com,4,12.0,48.0,US,USD,15550104254
,2026-09-14 07:45:00,customer_4255@example.com,1,16.0,16.0,US,USD,15550104255
,2026-09-14 08:00:00,customer_4256@example.com,2,22.0,44.0,US,USD,15550104256
,2026-09-14 08:15:00,customer_4257@example.com,4,19.0,76.0,US,USD,15550104257
,2026-09-14 08:30:00,customer_4258@example.com,2,13.0,26.0,US,USD,15550104258
,2026-09-14 08:45:00,customer_4259@example.com,3,25.0,75.0,US,USD,15550104259
,2026-09-14 09:00:00,customer_4260@example.com,4,19.0,76.0,US,USD,15550104260
,2026-09-14 09:15:00,customer_4261@example.com,5,14.0,70.0,US,USD,15550104261
,2026-09-14 09:30:00,customer_4262@example.com,3,13.0,39.0,US,USD,15550104262
,2026-09-14 09:45:00,customer_4263@example.com,3,26.0,78.0,US,USD,15550104263
,2026-09-14 10:00:00,customer_4264@example.com,2,25.0,50.0,US,USD,15550104264
,2026-09-14 10:15:00,customer_4265@example.com,4,22.0,88.0,US,USD,15550104265
,2026-09-14 10:30:00,customer_4266@example.com,4,18.0,72.0,US,USD,15550104266
,2026-09-14 10:45:00,customer_4267@example.com,5,29.0,145.0,US,USD,15550104267
,2026-09-14 11:00:00,customer_4268@example.com,4,12.0,48.0,US,USD,15550104268
,2026-09-14 11:15:00,customer_4269@example.com,4,21.0,84.0,US,USD,15550104269
,2026-09-14 11:30:00,customer_4270@example.com,5,15.0,75.0,US,USD,15550104270
,2026-09-14 11:45:00,customer_4271@example.com,4,30.0,120.0,US,USD,15550104271
,2026-09-14 12:00:00,customer_4272@example.com,4,12.0,48.0,US,USD,15550104272
,2026-09-14 12:15:00,customer_4273@example.com,1,26.0,26.0,US,USD,15550104273
,2026-09-14 12:30:00,customer_4274@example.com,3,24.0,72.0,US,USD,15550104274
,2026-09-14 12:45:00,customer_4275@example.com,2,30.0,60.0,US,USD,15550104275
,2026-09-14 13:00:00,customer_4276@example.com,2,25.0,50.0,US,USD,15550104276
,2026-09-14 13:15:00,customer_4277@example.com,5,30.0,150.0,US,USD,15550104277
,2026-09-14 13:30:00,customer_4278@example.com,5,12.0,60.0,US,USD,15550104278
,2026-09-14 13:45:00,customer_4279@example.com,3,24.0,72.0,US,USD,15550104279
,2026-09-14 14:00:00,customer_4280@example.com,4,12.0,48.0,US,USD,15550104280
,2026-09-14 14:15:00,customer_4281@example.com,4,19.0,76.0,US,USD,15550104281
,2026-09-14 14:30:00,customer_4282@example.com,2,14.0,28.0,US,USD,15550104282
,2026-09-14 14:45:00,customer_4283@example.com,3,17.0,51.0,US,USD,15550104283
,2026-09-14 15:00:00,customer_4284@example.com,5,23.0,115.0,US,USD,15550104284
,2026-09-14 15:15:00,customer_4285@example.com,3,28.0,84.0,US,USD,15550104285
,2026-09-14 15:30:00,customer_4286@example.com,1,27.0,27.0,US,USD,15550104286
,2026-09-14 15:45:00,customer_4287@example.com,1,11.0,11.0,US,USD,15550104287
,2026-09-14 16:00:00,customer_4288@example.com,5,13.0,65.0,US,USD,15550104288
,2026-09-14 16:15:00,customer_4289@example.com,5,23.0,115.0,US,USD,15550104289
,2026-09-14 16:30:00,customer_4290@example.com,4,13.0,52.0,US,USD,15550104290
,2026-09-14 16:45:00,customer_4291@example.com,4,28.0,112.0,US,USD,15550104291
,2026-09-14 17:00:00,customer_4292@example.com,3,21.0,63.0,US,USD,15550104292
,2026-09-14 17:15:00,customer_4293@example.com,3,28.0,84.0,US,USD,15550104293
,2026-09-14 17:30:00,customer_4294@example.com,1,26.0,26.0,US,USD,15550104294
,2026-09-14 17:45:00,customer_4295@example.com,1,13.0,13.0,US,USD,15550104295
,2026-09-14 18:00:00,customer_4296@example.com,4,15.0,60.0,US,USD,15550104296
,2026-09-14 18:15:00,customer_4297@example.com,2,22.0,44.0,US,USD,15550104297
,2026-09-14 18:30:00,customer_4298@example.com,1,12.0,12.0,US,USD,15550104298
,2026-09-14 18:45:00,customer_4299@example.com,4,19.0,76.0,US,USD,15550104299
,2026-09-14 19:00:00,customer_4300@example.com,3,28.0,84.0,US,USD,15550104300
,2026-09-14 19:15:00,customer_4301@example.com,4,24.0,96.0,US,USD,15550104301
,2026-09-14 19:30:00,customer_4302@example.com,5,18.0,90.0,US,USD,15550104302
,2026-09-14 19:45:00,customer_4303@example.com,3,15.0,45.0,US,USD,15550104303
,2026-09-14 20:00:00,customer_4304@example.com,2,15.0,30.0,US,USD,15550104304
,2026-09-14 20:15:00,customer_4305@example.com,1,29.0,29.0,US,USD,15550104305
,2026-09-14 20:30:00,customer_4306@example.com,3,13.0,39.0,US,USD,15550104306
,2026-09-14 20:45:00,customer_4307@example.com,4,27.0,108.0,US,USD,15550104307
,2026-09-14 21:00:00,customer_4308@example.com,1,10.0,10.0,US,USD,15550104308
,2026-09-14 21:15:00,customer_4309@example.com,4,13.0,52.0,US,USD,15550104309
,2026-09-14 21:30:00,customer_4310@example.com,1,15.0,15.0,US,USD,15550104310
,2026-09-14 21:45:00,customer_4311@example.com,4,24.0,96.0,US,USD,15550104311
,2026-09-14 22:00:00,customer_4312@example.com,4,29.0,116.0,US,USD,15550104312
,2026-09-14 22:15:00,customer_4313@example.com,4,19.0,76.0,US,USD,15550104313
,2026-09-14 22:30:00,customer_4314@example.com,5,29.0,145.0,US,USD,15550104314
,2026-09-14 22:45:00,customer_4315@example.com,3,22.0,66.0,US,USD,15550104315
,2026-09-14 23:00:00,customer_4316@example.com,3,12.0,36.0,US,USD,15550104316
,2026-09-14 23:15:00,customer_4317@example.com,2,14.0,28.0,US,USD,15550104317
,2026-09-14 23:30:00,customer_4318@example.com,1,16.0,16.0,US,USD,15550104318
,2026-09-14 23:45:00,customer_4319@example.com,1,10.0,10.0,US,USD,15550104319
,2026-09-15 00:00:00,customer_4320@example.com,2,10.0,20.0,US,USD,15550104320
,2026-09-15 00:15:00,customer_4321@example.com,2,25.0,50.0,US,USD,15550104321
,2026-09-15 00:30:00,customer_4322@example.com,2,30.0,60.0,US,USD,15550104322
,2026-09-15 00:45:00,customer_4323@example.com,2,23.0,46.0,US,USD,15550104323
,2026-09-15 01:00:00,customer_4324@example.com,5,16.0,80.0,US,USD,15550104324
,2026-09-15 01:15:00,customer_4325@example.com,1,19.0,19.0,US,USD,15550104325
,2026-09-15 01:30:00,customer_4326@example.com,4,14.0,56.0,US,USD,15550104326
,2026-09-15 01:45:00,customer_4327@example.com,4,23.0,92.0,US,USD,15550104327
,2026-09-15 02:00:00,customer_4328@example.com,1,13.0,13.0,US,USD,15550104328
,2026-09-15 02:15:00,customer_4329@example.com,2,14.0,28.0,US,USD,15550104329
,2026-09-15 02:30:00,customer_4330@example.com,4,25.0,100.0,US,USD,15550104330
,2026-09-15 02:45:00,customer_4331@example.com,4,10.0,40.0,US,USD,15550104331
,2026-09-15 03:00:00,customer_4332@example.com,4,28.0,112.0,US,USD,15550104332
,2026-09-15 03:15:00,customer_4333@example.com,2,16.0,32.0,US,USD,15550104333
,2026-09-15 03:30:00,customer_4334@example.com,3,28.0,84.0,US,USD,15550104334
,2026-09-15 03:45:00,customer_4335@example.com,4,11.0,44.0,US,USD,15550104335
,2026-09-15 04:00:00,customer_4336@example.com,3,10.0,30.0,US,USD,15550104336
,2026-09-15 04:15:00,customer_4337@example.com,1,30.0,30.0,US,USD,15550104337
,2026-09-15 04:30:00,customer_4338@example.com,4,23.0,92.0,US,USD,15550104338
,2026-09-15 04:45:00,customer_4339@example.com,4,28.0,112.0,US,USD,15550104339
,2026-09-15 05:00:00,customer_4340@example.com,5,27.0,135.0,US,USD,15550104340
,2026-09-15 05:15:00,customer_4341@example.com,3,11.0,33.0,US,USD,15550104341
,2026-09-15 05:30:00,customer_4342@example.com,4,22.0,88.0,US,USD,15550104342
,2026-09-15 05:45:00,customer_4343@example.com,4,26.0,104.0,US,USD,15550104343
,2026-09-15 06:00:00,customer_4344@example.com,5,29.0,145.0,US,USD,15550104344
,2026-09-15 06:15:00,customer_4345@example.com,4,17.0,68.0,US,USD,15550104345
,2026-09-15 06:30:00,customer_4346@example.com,1,26.0,26.0,US,USD,15550104346
,2026-09-15 06:45:00,customer_4347@example.com,1,23.0,23.0,US,USD,15550104347
,2026-09-15 07:00:00,customer_4348@example.com,5,20.0,100.0,US,USD,15550104348
,2026-09-15 07:15:00,customer_4349@example.com,5,12.0,60.0,US,USD,15550104349
,2026-09-15 07:30:00,customer_4350@example.com,3,30.0,90.0,US,USD,15550104350
,2026-09-15 07:45:00,customer_4351@example.com,4,25.0,100.0,US,USD,15550104351
,2026-09-15 08:00:00,customer_4352@example.com,1,25.0,25.0,US,USD,15550104352
,2026-09-15 08:15:00,customer_4353@example.com,5,30.0,150.0,US,USD,15550104353
,2026-09-15 08:30:00,customer_4354@example.com,3,24.0,72.0,US,USD,15550104354
,2026-09-15 08:45:00,customer_4355@example.com,4,10.0,40.0,US,USD,15550104355
,2026-09-15 09:00:00,customer_4356@example.com,2,19.0,38.0,US,USD,15550104356
,2026-09-15 09:15:00,customer_4357@example.com,2,25.0,50.0,US,USD,15550104357
,2026-09-15 09:30:00,customer_4358@example.com,3,24.0,72.0,US,USD,15550104358
,2026-09-15 09:45:00,customer_4359@example.com,2,26.0,52.0,US,USD,15550104359
,2026-09-15 10:00:00,customer_4360@example.com,2,28.0,56.0,US,USD,15550104360
,2026-09-15 10:15:00,customer_4361@example.com,3,29.0,87.0,US,USD,15550104361
,2026-09-15 10:30:00,customer_4362@example.com,4,14.0,56.0,US,USD,15550104362
,2026-09-15 10:45:00,customer_4363@example.com,3,22.0,66.0,US,USD,15550104363
,2026-09-15 11:00:00,customer_4364@example.com,4,30.0,120.0,US,USD,15550104364
,2026-09-15 11:15:00,customer_4365@example.com,3,25.0,75.0,US,USD,15550104365
,2026-09-15 11:30:00,customer_4366@example.com,2,29.0,58.0,US,USD,15550104366
,2026-09-15 11:45:00,customer_4367@example.com,2,19.0,38.0,US,USD,15550104367
,2026-09-15 12:00:00,customer_4368@example.com,1,25.0,25.0,US,USD,15550104368
,2026-09-15 12:15:00,customer_4369@example.com,2,15.0,30.0,US,USD,15550104369
,2026-09-15 12:30:00,customer_4370@example.com,2,15.0,30.0,US,USD,15550104370
,2026-09-15 12:45:00,customer_4371@example.com,5,25.0,125.0,US,USD,15550104371
,2026-09-15 13:00:00,customer_4372@example.com,1,23.0,23.0,US,USD,15550104372
,2026-09-15 13:15:00,customer_4373@example.com,4,19.0,76.0,US,USD,15550104373
,2026-09-15 13:30:00,customer_4374@example.com,2,16.0,32.0,US,USD,15550104374
,2026-09-15 13:45:00,customer_4375@example.com,5,11.0,55.0,US,USD,15550104375
,2026-09-15 14:00:00,customer_4376@example.com,1,21.0,21.0,US,USD,15550104376
,2026-09-15 14:15:00,customer_4377@example.com,3,21.0,63.0,US,USD,15550104377
,2026-09-15 14:30:00,customer_4378@example.com,2,15.0,30.0,US,USD,15550104378
,2026-09-15 14:45:00,customer_4379@example.com,5,11.0,55.0,US,USD,15550104379
,2026-09-15 15:00:00,customer_4380@example.com,1,20.0,20.0,US,USD,15550104380
,2026-09-15 15:15:00,customer_4381@example.com,4,13.0,52.0,US,USD,15550104381
,2026-09-15 15:30:00,customer_4382@example.com,5,17.0,85.0,US,USD,15550104382
,2026-09-15 15:45:00,customer_4383@example.com,1,27.0,27.0,US,USD,15550104383
,2026-09-15 16:00:00,customer_4384@example.com,2,25.0,50.0,US,USD,15550104384
,2026-09-15 16:15:00,customer_4385@example.com,3,20.0,60.0,US,USD,15550104385
,2026-09-15 16:30:00,customer_4386@example.com,3,11.0,33.0,US,USD,15550104386
,2026-09-15 16:45:00,customer_4387@example.com,5,18.0,90.0,US,USD,15550104387
,2026-09-15 17:00:00,customer_4388@example.com,2,26.0,52.0,US,USD,15550104388
,2026-09-15 17:15:00,customer_4389@example.com,5,13.0,65.0,US,USD,15550104389
,2026-09-15 17:30:00,customer_4390@example.com,1,24.0,24.0,US,USD,15550104390
,2026-09-15 17:45:00,customer_4391@example.com,4,13.0,52.0,US,USD,15550104391
,2026-09-15 18:00:00,customer_4392@example.com,1,29.0,29.0,US,USD,15550104392
,2026-09-15 18:15:00,customer_4393@example.com,5,13.0,65.0,US,USD,15550104393
,2026-09-15 18:30:00,customer_4394@example.com,5,11.0,55.0,US,USD,15550104394
,2026-09-15 18:45:00,customer_4395@example.com,5,13.0,65.0,US,USD,15550104395
,2026-09-15 19:00:00,customer_4396@example.com,2,30.0,60.0,US,USD,15550104396
,2026-09-15 19:15:00,customer_4397@example.com,1,16.0,16.0,US,USD,15550104397
,2026-09-15 19:30:00,customer_4398@example.com,3,15.0,45.0,US,USD,15550104398
,2026-09-15 19:45:00,customer_4399@example.com,3,24.0,72.0,US,USD,15550104399
,2026-09-15 20:00:00,customer_4400@example.com,5,25.0,125.0,US,USD,15550104400
,2026-09-15 20:15:00,customer_4401@example.com,1,14.0,14.0,US,USD,15550104401
,2026-09-15 20:30:00,customer_4402@example.com,3,20.0,60.0,US,USD,15550104402
,2026-09-15 20:45:00,customer_4403@example.com,2,13.0,26.0,US,USD,15550104403
,2026-09-15 21:00:00,customer_4404@example.com,2,24.0,48.0,US,USD,15550104404
,2026-09-15 21:15:00,customer_4405@example.com,4,10.0,40.0,US,USD,15550104405
,2026-09-15 21:30:00,customer_4406@example.com,2,25.0,50.0,US,USD,15550104406
,2026-09-15 21:45:00,customer_4407@example.com,3,19.0,57.0,US,USD,15550104407
,2026-09-15 22:00:00,customer_4408@example.com,5,15.0,75.0,US,USD,15550104408
,2026-09-15 22:15:00,customer_4409@example.com,1,18.0,18.0,US,USD,15550104409
,2026-09-15 22:30:00,customer_4410@example.com,3,23.0,69.0,US,USD,15550104410
,2026-09-15 22:45:00,customer_4411@example.com,3,30.0,90.0,US,USD,15550104411
,2026-09-15 23:00:00,customer_4412@example.com,2,14.0,28.0,US,USD,15550104412
,2026-09-15 23:15:00,customer_4413@example.com,5,23.0,115.0,US,USD,15550104413
,2026-09-15 23:30:00,customer_4414@example.com,2,14.0,28.0,US,USD,15550104414
,2026-09-15 23:45:00,customer_4415@example.com,4,23.0,92.0,US,USD,15550104415
,2026-09-16 00:00:00,customer_4416@example.com,4,24.0,96.0,US,USD,15550104416
,2026-09-16 00:15:00,customer_4417@example.com,5,21.0,105.0,US,USD,15550104417
,2026-09-16 00:30:00,customer_4418@example.com,1,24.0,24.0,US,USD,15550104418
,2026-09-16 00:45:00,customer_4419@example.com,2,10.0,20.0,US,USD,15550104419
,2026-09-16 01:00:00,customer_4420@example.com,5,12.0,60.0,US,USD,15550104420
,2026-09-16 01:15:00,customer_4421@example.com,1,20.0,20.0,US,USD,15550104421
,2026-09-16 01:30:00,customer_4422@example.com,3,22.0,66.0,US,USD,15550104422
,2026-09-16 01:45:00,customer_4423@example.com,2,23.0,46.0,US,USD,15550104423
,2026-09-16 02:00:00,customer_4424@example.com,1,22.0,22.0,US,USD,15550104424
,2026-09-16 02:15:00,customer_4425@example.com,1,30.0,30.0,US,USD,15550104425
,2026-09-16 02:30:00,customer_4426@example.com,2,28.0,56.0,US,USD,15550104426
,2026-09-16 02:45:00,customer_4427@example.com,1,30.0,30.0,US,USD,15550104427
,2026-09-16 03:00:00,customer_4428@example.com,5,19.0,95.0,US,USD,15550104428
,2026-09-16 03:15:00,customer_4429@example.com,4,22.0,88.0,US,USD,15550104429
,2026-09-16 03:30:00,customer_4430@example.com,5,19.0,95.0,US,USD,15550104430
,2026-09-16 03:45:00,customer_4431@example.com,3,21.0,63.0,US,USD,15550104431
,2026-09-16 04:00:00,customer_4432@example.com,1,18.0,18.0,US,USD,15550104432
,2026-09-16 04:15:00,customer_4433@example.com,5,29.0,145.0,US,USD,15550104433
,2026-09-16 04:30:00,customer_4434@example.com,2,22.0,44.0,US,USD,15550104434
,2026-09-16 04:45:00,customer_4435@example.com,4,30.0,120.0,US,USD,15550104435
,2026-09-16 05:00:00,customer_4436@example.com,2,27.0,54.0,US,USD,15550104436
,2026-09-16 05:15:00,customer_4437@example.com,5,29.0,145.0,US,USD,15550104437
,2026-09-16 05:30:00,customer_4438@example.com,4,21.0,84.0,US,USD,15550104438
,2026-09-16 05:45:00,customer_4439@example.com,4,16.0,64.0,US,USD,15550104439
,2026-09-16 06:00:00,customer_4440@example.com,3,12.0,36.0,US,USD,15550104440
,2026-09-16 06:15:00,customer_4441@example.com,1,27.0,27.0,US,USD,15550104441
,2026-09-16 06:30:00,customer_4442@example.com,3,22.0,66.0,US,USD,15550104442
,2026-09-16 06:45:00,customer_4443@example.com,2,26.0,52.0,US,USD,15550104443
,2026-09-16 07:00:00,customer_4444@example.com,5,19.0,95.0,US,USD,15550104444
,2026-09-16 07:15:00,customer_4445@example.com,2,12.0,24.0,US,USD,15550104445
,2026-09-16 07:30:00,customer_4446@example.com,5,27.0,135.0,US,USD,15550104446
,2026-09-16 07:45:00,customer_4447@example.com,3,26.0,78.0,US,USD,15550104447
,2026-09-16 08:00:00,customer_4448@example.com,3,30.0,90.0,US,USD,15550104448
,2026-09-16 08:15:00,customer_4449@example.com,2,10.0,20.0,US,USD,15550104449
,2026-09-16 08:30:00,customer_4450@example.com,1,27.0,27.0,US,USD,15550104450
,2026-09-16 08:45:00,customer_4451@example.com,5,18.0,90.0,US,USD,15550104451
,2026-09-16 09:00:00,customer_4452@example.com,2,19.0,38.0,US,USD,15550104452
,2026-09-16 09:15:00,customer_4453@example.com,4,26.0,104.0,US,USD,15550104453
,2026-09-16 09:30:00,customer_4454@example.com,1,11.0,11.0,US,USD,15550104454
,2026-09-16 09:45:00,customer_4455@example.com,3,18.0,54.0,US,USD,15550104455
,2026-09-16 10:00:00,customer_4456@example.com,5,21.0,105.0,US,USD,15550104456
,2026-09-16 10:15:00,customer_4457@example.com,1,11.0,11.0,US,USD,15550104457
,2026-09-16 10:30:00,customer_4458@example.com,1,24.0,24.0,US,USD,15550104458
,2026-09-16 10:45:00,customer_4459@example.com,3,28.0,84.0,US,USD,15550104459
,2026-09-16 11:00:00,customer_4460@example.com,1,24.0,24.0,US,USD,15550104460
,2026-09-16 11:15:00,customer_4461@example.com,3,17.0,51.0,US,USD,15550104461
,2026-09-16 11:30:00,customer_4462@example.com,5,28.0,140.0,US,USD,15550104462
,2026-09-16 11:45:00,customer_4463@example.com,5,29.0,145.0,US,USD,15550104463
,2026-09-16 12:00:00,customer_4464@example.com,2,21.0,42.0,US,USD,15550104464
,2026-09-16 12:15:00,customer_4465@example.com,3,19.0,57.0,US,USD,15550104465
,2026-09-16 12:30:00,customer_4466@example.com,5,14.0,70.0,US,USD,15550104466
,2026-09-16 12:45:00,customer_4467@example.com,4,26.0,104.0,US,USD,15550104467
,2026-09-16 13:00:00,customer_4468@example.com,2,13.0,26.0,US,USD,15550104468
,2026-09-16 13:15:00,customer_4469@example.com,3,26.0,78.0,US,USD,15550104469
,2026-09-16 13:30:00,customer_4470@example.com,5,16.0,80.0,US,USD,15550104470
,2026-09-16 13:45:00,customer_4471@example.com,3,24.0,72.0,US,USD,15550104471
,2026-09-16 14:00:00,customer_4472@example.com,1,14.0,14.0,US,USD,15550104472
,2026-09-16 14:15:00,customer_4473@example.com,4,23.0,92.0,US,USD,15550104473
,2026-09-16 14:30:00,customer_4474@example.com,1,12.0,12.0,US,USD,15550104474
,2026-09-16 14:45:00,customer_4475@example.com,1,23.0,23.0,US,USD,15550104475
,2026-09-16 15:00:00,customer_4476@example.com,2,25.0,50.0,US,USD,15550104476
,2026-09-16 15:15:00,customer_4477@example.com,2,24.0,48.0,US,USD,15550104477
,2026-09-16 15:30:00,customer_4478@example.com,1,21.0,21.0,US,USD,15550104478
,2026-09-16 15:45:00,customer_4479@example.com,5,22.0,110.0,US,USD,15550104479
,2026-09-16 16:00:00,customer_4480@example.com,5,27.0,135.0,US,USD,15550104480
,2026-09-16 16:15:00,customer_4481@example.com,5,22.0,110.0,US,USD,15550104481
,2026-09-16 16:30:00,customer_4482@example.com,3,28.0,84.0,US,USD,15550104482
,2026-09-16 16:45:00,customer_4483@example.com,4,30.0,120.0,US,USD,15550104483
,2026-09-16 17:00:00,customer_4484@example.com,4,24.0,96.0,US,USD,15550104484
,2026-09-16 17:15:00,customer_4485@example.com,4,23.0,92.0,US,USD,15550104485
,2026-09-16 17:30:00,customer_4486@example.com,2,14.0,28.0,US,USD,15550104486
,2026-09-16 17:45:00,customer_4487@example.com,5,14.0,70.0,US,USD,15550104487
,2026-09-16 18:00:00,customer_4488@example.com,4,24.0,96.0,US,USD,15550104488
,2026-09-16 18:15:00,customer_4489@example.com,2,26.0,52.0,US,USD,15550104489
,2026-09-16 18:30:00,customer_4490@example.com,5,13.0,65.0,US,USD,15550104490
,2026-09-16 18:45:00,customer_4491@example.com,2,24.0,48.0,US,USD,15550104491
,2026-09-16 19:00:00,customer_4492@example.com,4,11.0,44.0,US,USD,15550104492
,2026-09-16 19:15:00,customer_4493@example.com,2,27.0,54.0,US,USD,15550104493
,2026-09-16 19:30:00,customer_4494@example.com,3,13.0,39.0,US,USD,15550104494
,2026-09-16 19:45:00,customer_4495@example.com,5,23.0,115.0,US,USD,15550104495
,2026-09-16 20:00:00,customer_4496@example.com,1,13.0,13.0,US,USD,15550104496
,2026-09-16 20:15:00,customer_4497@example.com,3,28.0,84.0,US,USD,15550104497
,2026-09-16 20:30:00,customer_4498@example.com,3,11.0,33.0,US,USD,15550104498
,2026-09-16 20:45:00,customer_4499@example.com,5,14.0,70.0,US,USD,15550104499
,2026-09-16 21:00:00,customer_4500@example.com,1,21.0,21.0,US,USD,15550104500
,2026-09-16 21:15:00,customer_4501@example.com,3,21.0,63.0,US,USD,15550104501
,2026-09-16 21:30:00,customer_4502@example.com,3,19.0,57.0,US,USD,15550104502
,2026-09-16 21:45:00,customer_4503@example.com,4,10.0,40.0,US,USD,15550104503
,2026-09-16 22:00:00,customer_4504@example.com,2,14.0,28.0,US,USD,15550104504
,2026-09-16 22:15:00,customer_4505@example.com,5,23.0,115.0,US,USD,15550104505
,2026-09-16 22:30:00,customer_4506@example.com,1,19.0,19.0,US,USD,15550104506
,2026-09-16 22:45:00,customer_4507@example.com,3,16.0,48.0,US,USD,15550104507
,2026-09-16 23:00:00,customer_4508@example.com,2,25.0,50.0,US,USD,15550104508
,2026-09-16 23:15:00,customer_4509@example.com,1,13.0,13.0,US,USD,15550104509
,2026-09-16 23:30:00,customer_4510@example.com,5,21.0,105.0,US,USD,15550104510
,2026-09-16 23:45:00,customer_4511@example.com,1,11.0,11.0,US,USD,15550104511
,2026-09-17 00:00:00,customer_4512@example.com,4,25.0,100.0,US,USD,15550104512
,2026-09-17 00:15:00,customer_4513@example.com,5,19.0,95.0,US,USD,15550104513
,2026-09-17 00:30:00,customer_4514@example.com,5,24.0,120.0,US,USD,15550104514
,2026-09-17 00:45:00,customer_4515@example.com,3,22.0,66.0,US,USD,15550104515
,2026-09-17 01:00:00,customer_4516@example.com,4,29.0,116.0,US,USD,15550104516
,2026-09-17 01:15:00,customer_4517@example.com,2,14.0,28.0,US,USD,15550104517
,2026-09-17 01:30:00,customer_4518@example.com,5,30.0,150.0,US,USD,15550104518
,2026-09-17 01:45:00,customer_4519@example.com,4,24.0,96.0,US,USD,15550104519
,2026-09-17 02:00:00,customer_4520@example.com,4,14.0,56.0,US,USD,15550104520
,2026-09-17 02:15:00,customer_4521@example.com,3,12.0,36.0,US,USD,15550104521
,2026-09-17 02:30:00,customer_4522@example.com,5,29.0,145.0,US,USD,15550104522
,2026-09-17 02:45:00,customer_4523@example.com,4,22.0,88.0,US,USD,15550104523
,2026-09-17 03:00:00,customer_4524@example.com,2,22.0,44.0,US,USD,15550104524
,2026-09-17 03:15:00,customer_4525@example.com,3,27.0,81.0,US,USD,15550104525
,2026-09-17 03:30:00,customer_4526@example.com,1,24.0,24.0,US,USD,15550104526
,2026-09-17 03:45:00,customer_4527@example.com,3,30.0,90.0,US,USD,15550104527
,2026-09-17 04:00:00,customer_4528@example.com,1,15.0,15.0,US,USD,15550104528
,2026-09-17 04:15:00,customer_4529@example.com,1,28.0,28.0,US,USD,15550104529
,2026-09-17 04:30:00,customer_4530@example.com,3,27.0,81.0,US,USD,15550104530
,2026-09-17 04:45:00,customer_4531@example.com,1,30.0,30.0,US,USD,15550104531
,2026-09-17 05:00:00,customer_4532@example.com,5,12.0,60.0,US,USD,15550104532
,2026-09-17 05:15:00,customer_4533@example.com,2,29.0,58.0,US,USD,15550104533
,2026-09-17 05:30:00,customer_4534@example.com,5,28.0,140.0,US,USD,15550104534
,2026-09-17 05:45:00,customer_4535@example.com,1,28.0,28.0,US,USD,15550104535
,2026-09-17 06:00:00,customer_4536@example.com,5,16.0,80.0,US,USD,15550104536
,2026-09-17 06:15:00,customer_4537@example.com,4,26.0,104.0,US,USD,15550104537
,2026-09-17 06:30:00,customer_4538@example.com,1,13.0,13.0,US,USD,15550104538
,2026-09-17 06:45:00,customer_4539@example.com,5,15.0,75.0,US,USD,15550104539
,2026-09-17 07:00:00,customer_4540@example.com,1,18.0,18.0,US,USD,15550104540
,2026-09-17 07:15:00,customer_4541@example.com,2,17.0,34.0,US,USD,15550104541
,2026-09-17 07:30:00,customer_4542@example.com,5,24.0,120.0,US,USD,15550104542
,2026-09-17 07:45:00,customer_4543@example.com,1,27.0,27.0,US,USD,15550104543
,2026-09-17 08:00:00,customer_4544@example.com,5,20.0,100.0,US,USD,15550104544
,2026-09-17 08:15:00,customer_4545@example.com,4,28.0,112.0,US,USD,15550104545
,2026-09-17 08:30:00,customer_4546@example.com,1,25.0,25.0,US,USD,15550104546
,2026-09-17 08:45:00,customer_4547@example.com,1,20.0,20.0,US,USD,15550104547
,2026-09-17 09:00:00,customer_4548@example.com,4,15.0,60.0,US,USD,15550104548
,2026-09-17 09:15:00,customer_4549@example.com,4,10.0,40.0,US,USD,15550104549
,2026-09-17 09:30:00,customer_4550@example.com,5,20.0,100.0,US,USD,15550104550
,2026-09-17 09:45:00,customer_4551@example.com,4,18.0,72.0,US,USD,15550104551
,2026-09-17 10:00:00,customer_4552@example.com,1,13.0,13.0,US,USD,15550104552
,2026-09-17 10:15:00,customer_4553@example.com,1,27.0,27.0,US,USD,15550104553
,2026-09-17 10:30:00,customer_4554@example.com,2,19.0,38.0,US,USD,15550104554
,2026-09-17 10:45:00,customer_4555@example.com,2,15.0,30.0,US,USD,15550104555
,2026-09-17 11:00:00,customer_4556@example.com,3,12.0,36.0,US,USD,15550104556
,2026-09-17 11:15:00,customer_4557@example.com,2,19.0,38.0,US,USD,15550104557
,2026-09-17 11:30:00,customer_4558@example.com,4,15.0,60.0,US,USD,15550104558
,2026-09-17 11:45:00,customer_4559@example.com,1,29.0,29.0,US,USD,15550104559
,2026-09-17 12:00:00,customer_4560@example.com,3,15.0,45.0,US,USD,15550104560
,2026-09-17 12:15:00,customer_4561@example.com,1,11.0,11.0,US,USD,15550104561
,2026-09-17 12:30:00,customer_4562@example.com,3,22.0,66.0,US,USD,15550104562
,2026-09-17 12:45:00,customer_4563@example.com,1,20.0,20.0,US,USD,15550104563
,2026-09-17 13:00:00,customer_4564@example.com,2,23.0,46.0,US,USD,15550104564
,2026-09-17 13:15:00,customer_4565@example.com,3,18.0,54.0,US,USD,15550104565
,2026-09-17 13:30:00,customer_4566@example.com,4,13.0,52.0,US,USD,15550104566
,2026-09-17 13:45:00,customer_4567@example.com,1,16.0,16.0,US,USD,15550104567
,2026-09-17 14:00:00,customer_4568@example.com,2,29.0,58.0,US,USD,15550104568
,2026-09-17 14:15:00,customer_4569@example.com,5,17.0,85.0,US,USD,15550104569
,2026-09-17 14:30:00,customer_4570@example.com,4,26.0,104.0,US,USD,15550104570
,2026-09-17 14:45:00,customer_4571@example.com,5,22.0,110.0,US,USD,15550104571
,2026-09-17 15:00:00,customer_4572@example.com,1,18.0,18.0,US,USD,15550104572
,2026-09-17 15:15:00,customer_4573@example.com,1,20.0,20.0,US,USD,15550104573
,2026-09-17 15:30:00,customer_4574@example.com,4,27.0,108.0,US,USD,15550104574
,2026-09-17 15:45:00,customer_4575@example.com,4,12.0,48.0,US,USD,15550104575
,2026-09-17 16:00:00,customer_4576@example.com,4,10.0,40.0,US,USD,15550104576
,2026-09-17 16:15:00,customer_4577@example.com,4,30.0,120.0,US,USD,15550104577
,2026-09-17 16:30:00,customer_4578@example.com,2,10.0,20.0,US,USD,15550104578
,2026-09-17 16:45:00,customer_4579@example.com,3,27.0,81.0,US,USD,15550104579
,2026-09-17 17:00:00,customer_4580@example.com,5,13.0,65.0,US,USD,15550104580
,2026-09-17 17:15:00,customer_4581@example.com,2,27.0,54.0,US,USD,15550104581
,2026-09-17 17:30:00,customer_4582@example.com,2,19.0,38.0,US,USD,15550104582
,2026-09-17 17:45:00,customer_4583@example.com,5,23.0,115.0,US,USD,15550104583
,2026-09-17 18:00:00,customer_4584@example.com,4,12.0,48.0,US,USD,15550104584
,2026-09-17 18:15:00,customer_4585@example.com,5,16.0,80.0,US,USD,15550104585
,2026-09-17 18:30:00,customer_4586@example.com,2,21.0,42.0,US,USD,15550104586
,2026-09-17 18:45:00,customer_4587@example.com,5,15.0,75.0,US,USD,15550104587
,2026-09-17 19:00:00,customer_4588@example.com,2,27.0,54.0,US,USD,15550104588
,2026-09-17 19:15:00,customer_4589@example.com,4,27.0,108.0,US,USD,15550104589
,2026-09-17 19:30:00,customer_4590@example.com,4,11.0,44.0,US,USD,15550104590
,2026-09-17 19:45:00,customer_4591@example.com,1,24.0,24.0,US,USD,15550104591
,2026-09-17 20:00:00,customer_4592@example.com,5,19.0,95.0,US,USD,15550104592
,2026-09-17 20:15:00,customer_4593@example.com,2,10.0,20.0,US,USD,15550104593
,2026-09-17 20:30:00,customer_4594@example.com,1,25.0,25.0,US,USD,15550104594
,2026-09-17 20:45:00,customer_4595@example.com,3,29.0,87.0,US,USD,15550104595
,2026-09-17 21:00:00,customer_4596@example.com,3,22.0,66.0,US,USD,15550104596
,2026-09-17 21:15:00,customer_4597@example.com,3,30.0,90.0,US,USD,15550104597
,2026-09-17 21:30:00,customer_4598@example.com,2,28.0,56.0,US,USD,15550104598
,2026-09-17 21:45:00,customer_4599@example.com,5,19.0,95.0,US,USD,15550104599
,2026-09-17 22:00:00,customer_4600@example.com,1,15.0,15.0,US,USD,15550104600
,2026-09-17 22:15:00,customer_4601@example.com,5,28.0,140.0,US,USD,15550104601
,2026-09-17 22:30:00,customer_4602@example.com,1,19.0,19.0,US,USD,15550104602
,2026-09-17 22:45:00,customer_4603@example.com,1,22.0,22.0,US,USD,15550104603
,2026-09-17 23:00:00,customer_4604@example.com,1,14.0,14.0,US,USD,15550104604
,2026-09-17 23:15:00,customer_4605@example.com,5,18.0,90.0,US,USD,15550104605
,2026-09-17 23:30:00,customer_4606@example.com,4,16.0,64.0,US,USD,15550104606
,2026-09-17 23:45:00,customer_4607@example.com,5,26.0,130.0,US,USD,15550104607
,2026-09-18 00:00:00,customer_4608@example.com,3,20.0,60.0,US,USD,15550104608
,2026-09-18 00:15:00,customer_4609@example.com,3,24.0,72.0,US,USD,15550104609
,2026-09-18 00:30:00,customer_4610@example.com,3,17.0,51.0,US,USD,15550104610
,2026-09-18 00:45:00,customer_4611@example.com,3,20.0,60.0,US,USD,15550104611
,2026-09-18 01:00:00,customer_4612@example.com,2,24.0,48.0,US,USD,15550104612
,2026-09-18 01:15:00,customer_4613@example.com,5,20.0,100.0,US,USD,15550104613
,2026-09-18 01:30:00,customer_4614@example.com,1,14.0,14.0,US,USD,15550104614
,2026-09-18 01:45:00,customer_4615@example.com,1,29.0,29.0,US,USD,15550104615
,2026-09-18 02:00:00,customer_4616@example.com,4,10.0,40.0,US,USD,15550104616
,2026-09-18 02:15:00,customer_4617@example.com,1,15.0,15.0,US,USD,15550104617
,2026-09-18 02:30:00,customer_4618@example.com,4,27.0,108.0,US,USD,15550104618
,2026-09-18 02:45:00,customer_4619@example.com,4,22.0,88.0,US,USD,15550104619
,2026-09-18 03:00:00,customer_4620@example.com,5,12.0,60.0,US,USD,15550104620
,2026-09-18 03:15:00,customer_4621@example.com,1,27.0,27.0,US,USD,15550104621
,2026-09-18 03:30:00,customer_4622@example.com,1,24.0,24.0,US,USD,15550104622
,2026-09-18 03:45:00,customer_4623@example.com,1,21.0,21.0,US,USD,15550104623
,2026-09-18 04:00:00,customer_4624@example.com,4,29.0,116.0,US,USD,15550104624
,2026-09-18 04:15:00,customer_4625@example.com,3,22.0,66.0,US,USD,15550104625
,2026-09-18 04:30:00,customer_4626@example.com,2,10.0,20.0,US,USD,15550104626
,2026-09-18 04:45:00,customer_4627@example.com,1,24.0,24.0,US,USD,15550104627
,2026-09-18 05:00:00,customer_4628@example.com,3,16.0,48.0,US,USD,15550104628
,2026-09-18 05:15:00,customer_4629@example.com,4,10.0,40.0,US,USD,15550104629
,2026-09-18 05:30:00,customer_4630@example.com,2,10.0,20.0,US,USD,15550104630
,2026-09-18 05:45:00,customer_4631@example.com,3,21.0,63.0,US,USD,15550104631
,2026-09-18 06:00:00,customer_4632@example.com,2,12.0,24.0,US,USD,15550104632
,2026-09-18 06:15:00,customer_4633@example.com,5,30.0,150.0,US,USD,15550104633
,2026-09-18 06:30:00,customer_4634@example.com,3,17.0,51.0,US,USD,15550104634
,2026-09-18 06:45:00,customer_4635@example.com,2,25.0,50.0,US,USD,15550104635
,2026-09-18 07:00:00,customer_4636@example.com,3,11.0,33.0,US,USD,15550104636
,2026-09-18 07:15:00,customer_4637@example.com,3,25.0,75.0,US,USD,15550104637
,2026-09-18 07:30:00,customer_4638@example.com,5,16.0,80.0,US,USD,15550104638
,2026-09-18 07:45:00,customer_4639@example.com,1,16.0,16.0,US,USD,15550104639
,2026-09-18 08:00:00,customer_4640@example.com,4,13.0,52.0,US,USD,15550104640
,2026-09-18 08:15:00,customer_4641@example.com,3,28.0,84.0,US,USD,15550104641
,2026-09-18 08:30:00,customer_4642@example.com,5,25.0,125.0,US,USD,15550104642
,2026-09-18 08:45:00,customer_4643@example.com,2,27.0,54.0,US,USD,15550104643
,2026-09-18 09:00:00,customer_4644@example.com,2,28.0,56.0,US,USD,15550104644
,2026-09-18 09:15:00,customer_4645@example.com,5,28.0,140.0,US,USD,15550104645
,2026-09-18 09:30:00,customer_4646@example.com,2,12.0,24.0,US,USD,15550104646
,2026-09-18 09:45:00,customer_4647@example.com,5,14.0,70.0,US,USD,15550104647
,2026-09-18 10:00:00,customer_4648@example.com,1,14.0,14.0,US,USD,15550104648
,2026-09-18 10:15:00,customer_4649@example.com,3,28.0,84.0,US,USD,15550104649
,2026-09-18 10:30:00,customer_4650@example.com,2,26.0,52.0,US,USD,15550104650
,2026-09-18 10:45:00,customer_4651@example.com,3,16.0,48.0,US,USD,15550104651
,2026-09-18 11:00:00,customer_4652@example.com,1,27.0,27.0,US,USD,15550104652
,2026-09-18 11:15:00,customer_4653@example.com,5,18.0,90.0,US,USD,15550104653
,2026-09-18 11:30:00,customer_4654@example.com,5,24.0,120.0,US,USD,15550104654
,2026-09-18 11:45:00,customer_4655@example.com,1,23.0,23.0,US,USD,15550104655
,2026-09-18 12:00:00,customer_4656@example.com,1,20.0,20.0,US,USD,15550104656
,2026-09-18 12:15:00,customer_4657@example.com,4,23.0,92.0,US,USD,15550104657
,2026-09-18 12:30:00,customer_4658@example.com,3,13.0,39.0,US,USD,15550104658
,2026-09-18 12:45:00,customer_4659@example.com,5,24.0,120.0,US,USD,15550104659
,2026-09-18 13:00:00,customer_4660@example.com,4,21.0,84.0,US,USD,15550104660
,2026-09-18 13:15:00,customer_4661@example.com,5,11.0,55.0,US,USD,15550104661
,2026-09-18 13:30:00,customer_4662@example.com,2,11.0,22.0,US,USD,15550104662
,2026-09-18 13:45:00,customer_4663@example.com,3,23.0,69.0,US,USD,15550104663
,2026-09-18 14:00:00,customer_4664@example.com,5,24.0,120.0,US,USD,15550104664
,2026-09-18 14:15:00,customer_4665@example.com,3,10.0,30.0,US,USD,15550104665
,2026-09-18 14:30:00,customer_4666@example.com,4,16.0,64.0,US,USD,15550104666
,2026-09-18 14:45:00,customer_4667@example.com,3,12.0,36.0,US,USD,15550104667
,2026-09-18 15:00:00,customer_4668@example.com,5,10.0,50.0,US,USD,15550104668
,2026-09-18 15:15:00,customer_4669@example.com,2,23.0,46.0,US,USD,15550104669
,2026-09-18 15:30:00,customer_4670@example.com,1,17.0,17.0,US,USD,15550104670
,2026-09-18 15:45:00,customer_4671@example.com,2,15.0,30.0,US,USD,15550104671
,2026-09-18 16:00:00,customer_4672@example.com,3,19.0,57.0,US,USD,15550104672
,2026-09-18 16:15:00,customer_4673@example.com,1,30.0,30.0,US,USD,15550104673
,2026-09-18 16:30:00,customer_4674@example.com,1,10.0,10.0,US,USD,15550104674
,2026-09-18 16:45:00,customer_4675@example.com,4,23.0,92.0,US,USD,15550104675
,2026-09-18 17:00:00,customer_4676@example.com,1,28.0,28.0,US,USD,15550104676
,2026-09-18 17:15:00,customer_4677@example.com,3,18.0,54.0,US,USD,15550104677
,2026-09-18 17:30:00,customer_4678@example.com,2,13.0,26.0,US,USD,15550104678
,2026-09-18 17:45:00,customer_4679@example.com,4,17.0,68.0,US,USD,15550104679
,2026-09-18 18:00:00,customer_4680@example.com,3,11.0,33.0,US,USD,15550104680
,2026-09-18 18:15:00,customer_4681@example.com,3,26.0,78.0,US,USD,15550104681
,2026-09-18 18:30:00,customer_4682@example.com,2,12.0,24.0,US,USD,15550104682
,2026-09-18 18:45:00,customer_4683@example.com,5,29.0,145.0,US,USD,15550104683
,2026-09-18 19:00:00,customer_4684@example.com,4,13.0,52.0,US,USD,15550104684
,2026-09-18 19:15:00,customer_4685@example.com,4,28.0,112.0,US,USD,15550104685
,2026-09-18 19:30:00,customer_4686@example.com,1,12.0,12.0,US,USD,15550104686
,2026-09-18 19:45:00,customer_4687@example.com,1,11.0,11.0,US,USD,15550104687
,2026-09-18 20:00:00,customer_4688@example.com,4,20.0,80.0,US,USD,15550104688
,2026-09-18 20:15:00,customer_4689@example.com,1,14.0,14.0,US,USD,15550104689
,2026-09-18 20:30:00,customer_4690@example.com,1,24.0,24.0,US,USD,15550104690
,2026-09-18 20:45:00,customer_4691@example.com,1,19.0,19.0,US,USD,15550104691
,2026-09-18 21:00:00,customer_4692@example.com,5,30.0,150.0,US,USD,15550104692
,2026-09-18 21:15:00,customer_4693@example.com,4,12.0,48.0,US,USD,15550104693
,2026-09-18 21:30:00,customer_4694@example.com,1,11.0,11.0,US,USD,15550104694
,2026-09-18 21:45:00,customer_4695@example.com,5,11.0,55.0,US,USD,15550104695
,2026-09-18 22:00:00,customer_4696@example.com,3,22.0,66.0,US,USD,15550104696
,2026-09-18 22:15:00,customer_4697@example.com,4,13.0,52.0,US,USD,15550104697
,2026-09-18 22:30:00,customer_4698@example.com,5,23.0,115.0,US,USD,15550104698
,2026-09-18 22:45:00,customer_4699@example.com,2,29.0,58.0,US,USD,15550104699
,2026-09-18 23:00:00,customer_4700@example.com,5,10.0,50.0,US,USD,15550104700
,2026-09-18 23:15:00,customer_4701@example.com,4,22.0,88.0,US,USD,15550104701
,2026-09-18 23:30:00,customer_4702@example.com,4,23.0,92.0,US,USD,15550104702
,2026-09-18 23:45:00,customer_4703@example.com,5,29.0,145.0,US,USD,15550104703
,2026-09-19 00:00:00,customer_4704@example.com,1,20.0,20.0,US,USD,15550104704
,2026-09-19 00:15:00,customer_4705@example.com,1,24.0,24.0,US,USD,15550104705
,2026-09-19 00:30:00,customer_4706@example.com,5,20.0,100.0,US,USD,15550104706
,2026-09-19 00:45:00,customer_4707@example.com,5,16.0,80.0,US,USD,15550104707
,2026-09-19 01:00:00,customer_4708@example.com,1,13.0,13.0,US,USD,15550104708
,2026-09-19 01:15:00,customer_4709@example.com,1,29.0,29.0,US,USD,15550104709
,2026-09-19 01:30:00,customer_4710@example.com,1,28.0,28.0,US,USD,15550104710
,2026-09-19 01:45:00,customer_4711@example.com,2,28.0,56.0,US,USD,15550104711
,2026-09-19 02:00:00,customer_4712@example.com,2,30.0,60.0,US,USD,15550104712
,2026-09-19 02:15:00,customer_4713@example.com,5,18.0,90.0,US,USD,15550104713
,2026-09-19 02:30:00,customer_4714@example.com,3,23.0,69.0,US,USD,15550104714
,2026-09-19 02:45:00,customer_4715@example.com,4,29.0,116.0,US,USD,15550104715
,2026-09-19 03:00:00,customer_4716@example.com,4,15.0,60.0,US,USD,15550104716
,2026-09-19 03:15:00,customer_4717@example.com,2,14.0,28.0,US,USD,15550104717
,2026-09-19 03:30:00,customer_4718@example.com,1,11.0,11.0,US,USD,15550104718
,2026-09-19 03:45:00,customer_4719@example.com,2,19.0,38.0,US,USD,15550104719
,2026-09-19 04:00:00,customer_4720@example.com,5,23.0,115.0,US,USD,15550104720
,2026-09-19 04:15:00,customer_4721@example.com,5,30.0,150.0,US,USD,15550104721
,2026-09-19 04:30:00,customer_4722@example.com,3,19.0,57.0,US,USD,15550104722
,2026-09-19 04:45:00,customer_4723@example.com,5,27.0,135.0,US,USD,15550104723
,2026-09-19 05:00:00,customer_4724@example.com,2,14.0,28.0,US,USD,15550104724
,2026-09-19 05:15:00,customer_4725@example.com,4,19.0,76.0,US,USD,15550104725
,2026-09-19 05:30:00,customer_4726@example.com,5,20.0,100.0,US,USD,15550104726
,2026-09-19 05:45:00,customer_4727@example.com,3,21.0,63.0,US,USD,15550104727
,2026-09-19 06:00:00,customer_4728@example.com,1,26.0,26.0,US,USD,15550104728
,2026-09-19 06:15:00,customer_4729@example.com,5,14.0,70.0,US,USD,15550104729
,2026-09-19 06:30:00,customer_4730@example.com,1,17.0,17.0,US,USD,15550104730
,2026-09-19 06:45:00,customer_4731@example.com,5,27.0,135.0,US,USD,15550104731
,2026-09-19 07:00:00,customer_4732@example.com,1,23.0,23.0,US,USD,15550104732
,2026-09-19 07:15:00,customer_4733@example.com,3,16.0,48.0,US,USD,15550104733
,2026-09-19 07:30:00,customer_4734@example.com,2,30.0,60.0,US,USD,15550104734
,2026-09-19 07:45:00,customer_4735@example.com,2,12.0,24.0,US,USD,15550104735
,2026-09-19 08:00:00,customer_4736@example.com,3,16.0,48.0,US,USD,15550104736
,2026-09-19 08:15:00,customer_4737@example.com,4,24.0,96.0,US,USD,15550104737
,2026-09-19 08:30:00,customer_4738@example.com,5,20.0,100.0,US,USD,15550104738
,2026-09-19 08:45:00,customer_4739@example.com,5,28.0,140.0,US,USD,15550104739
,2026-09-19 09:00:00,customer_4740@example.com,3,29.0,87.0,US,USD,15550104740
,2026-09-19 09:15:00,customer_4741@example.com,3,23.0,69.0,US,USD,15550104741
,2026-09-19 09:30:00,customer_4742@example.com,3,15.0,45.0,US,USD,15550104742
,2026-09-19 09:45:00,customer_4743@example.com,1,24.0,24.0,US,USD,15550104743
,2026-09-19 10:00:00,customer_4744@example.com,1,25.0,25.0,US,USD,15550104744
,2026-09-19 10:15:00,customer_4745@example.com,2,10.0,20.0,US,USD,15550104745
,2026-09-19 10:30:00,customer_4746@example.com,2,17.0,34.0,US,USD,15550104746
,2026-09-19 10:45:00,customer_4747@example.com,4,29.0,116.0,US,USD,15550104747
,2026-09-19 11:00:00,customer_4748@example.com,2,17.0,34.0,US,USD,15550104748
,2026-09-19 11:15:00,customer_4749@example.com,4,20.0,80.0,US,USD,15550104749
,2026-09-19 11:30:00,customer_4750@example.com,4,16.0,64.0,US,USD,15550104750
,2026-09-19 11:45:00,customer_4751@example.com,4,15.0,60.0,US,USD,15550104751
,2026-09-19 12:00:00,customer_4752@example.com,1,21.0,21.0,US,USD,15550104752
,2026-09-19 12:15:00,customer_4753@example.com,1,12.0,12.0,US,USD,15550104753
,2026-09-19 12:30:00,customer_4754@example.com,3,10.0,30.0,US,USD,15550104754
,2026-09-19 12:45:00,customer_4755@example.com,5,13.0,65.0,US,USD,15550104755
,2026-09-19 13:00:00,customer_4756@example.com,2,19.0,38.0,US,USD,15550104756
,2026-09-19 13:15:00,customer_4757@example.com,4,16.0,64.0,US,USD,15550104757
,2026-09-19 13:30:00,customer_4758@example.com,5,21.0,105.0,US,USD,15550104758
,2026-09-19 13:45:00,customer_4759@example.com,1,10.0,10.0,US,USD,15550104759
,2026-09-19 14:00:00,customer_4760@example.com,2,16.0,32.0,US,USD,15550104760
,2026-09-19 14:15:00,customer_4761@example.com,3,15.0,45.0,US,USD,15550104761
,2026-09-19 14:30:00,customer_4762@example.com,2,18.0,36.0,US,USD,15550104762
,2026-09-19 14:45:00,customer_4763@example.com,2,20.0,40.0,US,USD,15550104763
,2026-09-19 15:00:00,customer_4764@example.com,5,17.0,85.0,US,USD,15550104764
,2026-09-19 15:15:00,customer_4765@example.com,2,16.0,32.0,US,USD,15550104765
,2026-09-19 15:30:00,customer_4766@example.com,1,15.0,15.0,US,USD,15550104766
,2026-09-19 15:45:00,customer_4767@example.com,3,13.0,39.0,US,USD,15550104767
,2026-09-19 16:00:00,customer_4768@example.com,1,14.0,14.0,US,USD,15550104768
,2026-09-19 16:15:00,customer_4769@example.com,4,30.0,120.0,US,USD,15550104769
,2026-09-19 16:30:00,customer_4770@example.com,1,20.0,20.0,US,USD,15550104770
,2026-09-19 16:45:00,customer_4771@example.com,2,19.0,38.0,US,USD,15550104771
,2026-09-19 17:00:00,customer_4772@example.com,4,17.0,68.0,US,USD,15550104772
,2026-09-19 17:15:00,customer_4773@example.com,3,21.0,63.0,US,USD,15550104773
,2026-09-19 17:30:00,customer_4774@example.com,2,26.0,52.0,US,USD,15550104774
,2026-09-19 17:45:00,customer_4775@example.com,5,23.0,115.0,US,USD,15550104775
,2026-09-19 18:00:00,customer_4776@example.com,1,13.0,13.0,US,USD,15550104776
,2026-09-19 18:15:00,customer_4777@example.com,2,14.0,28.0,US,USD,15550104777
,2026-09-19 18:30:00,customer_4778@example.com,2,16.0,32.0,US,USD,15550104778
,2026-09-19 18:45:00,customer_4779@example.com,5,22.0,110.0,US,USD,15550104779
,2026-09-19 19:00:00,customer_4780@example.com,3,20.0,60.0,US,USD,15550104780
,2026-09-19 19:15:00,customer_4781@example.com,5,23.0,115.0,US,USD,15550104781
,2026-09-19 19:30:00,customer_4782@example.com,2,11.0,22.0,US,USD,15550104782
,2026-09-19 19:45:00,customer_4783@example.com,5,28.0,140.0,US,USD,15550104783
,2026-09-19 20:00:00,customer_4784@example.com,2,27.0,54.0,US,USD,15550104784
,2026-09-19 20:15:00,customer_4785@example.com,3,14.0,42.0,US,USD,15550104785
,2026-09-19 20:30:00,customer_4786@example.com,3,17.0,51.0,US,USD,15550104786
,2026-09-19 20:45:00,customer_4787@example.com,1,30.0,30.0,US,USD,15550104787
,2026-09-19 21:00:00,customer_4788@example.com,3,14.0,42.0,US,USD,15550104788
,2026-09-19 21:15:00,customer_4789@example.com,5,28.0,140.0,US,USD,15550104789
,2026-09-19 21:30:00,customer_4790@example.com,4,16.0,64.0,US,USD,15550104790
,2026-09-19 21:45:00,customer_4791@example.com,1,25.0,25.0,US,USD,15550104791
,2026-09-19 22:00:00,customer_4792@example.com,5,12.0,60.0,US,USD,15550104792
,2026-09-19 22:15:00,customer_4793@example.com,2,26.0,52.0,US,USD,15550104793
,2026-09-19 22:30:00,customer_4794@example.com,4,30.0,120.0,US,USD,15550104794
,2026-09-19 22:45:00,customer_4795@example.com,5,21.0,105.0,US,USD,15550104795
,2026-09-19 23:00:00,customer_4796@example.com,4,26.0,104.0,US,USD,15550104796
,2026-09-19 23:15:00,customer_4797@example.com,4,15.0,60.0,US,USD,15550104797
,2026-09-19 23:30:00,customer_4798@example.com,3,21.0,63.0,US,USD,15550104798
,2026-09-19 23:45:00,customer_4799@example.com,5,25.0,125.0,US,USD,15550104799
,2026-09-20 00:00:00,customer_4800@example.com,4,25.0,100.0,US,USD,15550104800
,2026-09-20 00:15:00,customer_4801@example.com,3,28.0,84.0,US,USD,15550104801
,2026-09-20 00:30:00,customer_4802@example.com,4,30.0,120.0,US,USD,15550104802
,2026-09-20 00:45:00,customer_4803@example.com,5,30.0,150.0,US,USD,15550104803
,2026-09-20 01:00:00,customer_4804@example.com,1,16.0,16.0,US,USD,15550104804
,2026-09-20 01:15:00,customer_4805@example.com,2,16.0,32.0,US,USD,15550104805
,2026-09-20 01:30:00,customer_4806@example.com,4,17.0,68.0,US,USD,15550104806
,2026-09-20 01:45:00,customer_4807@example.com,4,16.0,64.0,US,USD,15550104807
,2026-09-20 02:00:00,customer_4808@example.com,3,23.0,69.0,US,USD,15550104808
,2026-09-20 02:15:00,customer_4809@example.com,4,28.0,112.0,US,USD,15550104809
,2026-09-20 02:30:00,customer_4810@example.com,2,21.0,42.0,US,USD,15550104810
,2026-09-20 02:45:00,customer_4811@example.com,3,27.0,81.0,US,USD,15550104811
,2026-09-20 03:00:00,customer_4812@example.com,1,14.0,14.0,US,USD,15550104812
,2026-09-20 03:15:00,customer_4813@example.com,1,19.0,19.0,US,USD,15550104813
,2026-09-20 03:30:00,customer_4814@example.com,4,26.0,104.0,US,USD,15550104814
,2026-09-20 03:45:00,customer_4815@example.com,3,17.0,51.0,US,USD,15550104815
,2026-09-20 04:00:00,customer_4816@example.com,5,11.0,55.0,US,USD,15550104816
,2026-09-20 04:15:00,customer_4817@example.com,4,26.0,104.0,US,USD,15550104817
,2026-09-20 04:30:00,customer_4818@example.com,5,20.0,100.0,US,USD,15550104818
,2026-09-20 04:45:00,customer_4819@example.com,4,24.0,96.0,US,USD,15550104819
,2026-09-20 05:00:00,customer_4820@example.com,4,23.0,92.0,US,USD,15550104820
,2026-09-20 05:15:00,customer_4821@example.com,4,21.0,84.0,US,USD,15550104821
,2026-09-20 05:30:00,customer_4822@example.com,4,20.0,80.0,US,USD,15550104822
,2026-09-20 05:45:00,customer_4823@example.com,3,22.0,66.0,US,USD,15550104823
,2026-09-20 06:00:00,customer_4824@example.com,1,15.0,15.0,US,USD,15550104824
,2026-09-20 06:15:00,customer_4825@example.com,4,17.0,68.0,US,USD,15550104825
,2026-09-20 06:30:00,customer_4826@example.com,3,30.0,90.0,US,USD,15550104826
,2026-09-20 06:45:00,customer_4827@example.com,1,21.0,21.0,US,USD,15550104827
,2026-09-20 07:00:00,customer_4828@example.com,1,19.0,19.0,US,USD,15550104828
,2026-09-20 07:15:00,customer_4829@example.com,5,26.0,130.0,US,USD,15550104829
,2026-09-20 07:30:00,customer_4830@example.com,5,30.0,150.0,US,USD,15550104830
,2026-09-20 07:45:00,customer_4831@example.com,1,18.0,18.0,US,USD,15550104831
,2026-09-20 08:00:00,customer_4832@example.com,2,13.0,26.0,US,USD,15550104832
,2026-09-20 08:15:00,customer_4833@example.com,1,12.0,12.0,US,USD,15550104833
,2026-09-20 08:30:00,customer_4834@example.com,3,11.0,33.0,US,USD,15550104834
,2026-09-20 08:45:00,customer_4835@example.com,5,16.0,80.0,US,USD,15550104835
,2026-09-20 09:00:00,customer_4836@example.com,3,16.0,48.0,US,USD,15550104836
,2026-09-20 09:15:00,customer_4837@example.com,3,18.0,54.0,US,USD,15550104837
,2026-09-20 09:30:00,customer_4838@example.com,3,18.0,54.0,US,USD,15550104838
,2026-09-20 09:45:00,customer_4839@example.com,2,29.0,58.0,US,USD,15550104839
,2026-09-20 10:00:00,customer_4840@example.com,2,27.0,54.0,US,USD,15550104840
,2026-09-20 10:15:00,customer_4841@example.com,3,10.0,30.0,US,USD,15550104841
,2026-09-20 10:30:00,customer_4842@example.com,3,19.0,57.0,US,USD,15550104842
,2026-09-20 10:45:00,customer_4843@example.com,3,22.0,66.0,US,USD,15550104843
,2026-09-20 11:00:00,customer_4844@example.com,4,28.0,112.0,US,USD,15550104844
,2026-09-20 11:15:00,customer_4845@example.com,1,25.0,25.0,US,USD,15550104845
,2026-09-20 11:30:00,customer_4846@example.com,5,14.0,70.0,US,USD,15550104846
,2026-09-20 11:45:00,customer_4847@example.com,4,17.0,68.0,US,USD,15550104847
,2026-09-20 12:00:00,customer_4848@example.com,2,16.0,32.0,US,USD,15550104848
,2026-09-20 12:15:00,customer_4849@example.com,4,17.0,68.0,US,USD,15550104849
,2026-09-20 12:30:00,customer_4850@example.com,5,28.0,140.0,US,USD,15550104850
,2026-09-20 12:45:00,customer_4851@example.com,5,24.0,120.0,US,USD,15550104851
,2026-09-20 13:00:00,customer_4852@example.com,4,20.0,80.0,US,USD,15550104852
,2026-09-20 13:15:00,customer_4853@example.com,1,20.0,20.0,US,USD,15550104853
,2026-09-20 13:30:00,customer_4854@example.com,2,23.0,46.0,US,USD,15550104854
,2026-09-20 13:45:00,customer_4855@example.com,4,16.0,64.0,US,USD,15550104855
,2026-09-20 14:00:00,customer_4856@example.com,4,24.0,96.0,US,USD,15550104856
,2026-09-20 14:15:00,customer_4857@example.com,5,10.0,50.0,US,USD,15550104857
,2026-09-20 14:30:00,customer_4858@example.com,3,14.0,42.0,US,USD,15550104858
,2026-09-20 14:45:00,customer_4859@example.com,5,14.0,70.0,US,USD,15550104859
,2026-09-20 15:00:00,customer_4860@example.com,3,10.0,30.0,US,USD,15550104860
,2026-09-20 15:15:00,customer_4861@example.com,4,21.0,84.0,US,USD,15550104861
,2026-09-20 15:30:00,customer_4862@example.com,3,17.0,51.0,US,USD,15550104862
,2026-09-20 15:45:00,customer_4863@example.com,4,23.0,92.0,US,USD,15550104863
,2026-09-20 16:00:00,customer_4864@example.com,4,27.0,108.0,US,USD,15550104864
,2026-09-20 16:15:00,customer_4865@example.com,3,20.0,60.0,US,USD,15550104865
,2026-09-20 16:30:00,customer_4866@example.com,5,10.0,50.0,US,USD,15550104866
,2026-09-20 16:45:00,customer_4867@example.com,5,11.0,55.0,US,USD,15550104867
,2026-09-20 17:00:00,customer_4868@example.com,2,14.0,28.0,US,USD,15550104868
,2026-09-20 17:15:00,customer_4869@example.com,3,28.0,84.0,US,USD,15550104869
,2026-09-20 17:30:00,customer_4870@example.com,5,29.0,145.0,US,USD,15550104870
,2026-09-20 17:45:00,customer_4871@example.com,5,22.0,110.0,US,USD,15550104871
,2026-09-20 18:00:00,customer_4872@example.com,4,16.0,64.0,US,USD,15550104872
,2026-09-20 18:15:00,customer_4873@example.com,4,12.0,48.0,US,USD,15550104873
,2026-09-20 18:30:00,customer_4874@example.com,5,22.0,110.0,US,USD,15550104874
,2026-09-20 18:45:00,customer_4875@example.com,2,25.0,50.0,US,USD,15550104875
,2026-09-20 19:00:00,customer_4876@example.com,1,20.0,20.0,US,USD,15550104876
,2026-09-20 19:15:00,customer_4877@example.com,5,24.0,120.0,US,USD,15550104877
,2026-09-20 19:30:00,customer_4878@example.com,3,12.0,36.0,US,USD,15550104878
,2026-09-20 19:45:00,customer_4879@example.com,2,13.0,26.0,US,USD,15550104879
,2026-09-20 20:00:00,customer_4880@example.com,5,15.0,75.0,US,USD,15550104880
,2026-09-20 20:15:00,customer_4881@example.com,1,29.0,29.0,US,USD,15550104881
,2026-09-20 20:30:00,customer_4882@example.com,4,10.0,40.0,US,USD,15550104882
,2026-09-20 20:45:00,customer_4883@example.com,2,16.0,32.0,US,USD,15550104883
,2026-09-20 21:00:00,customer_4884@example.com,1,22.0,22.0,US,USD,15550104884
,2026-09-20 21:15:00,customer_4885@example.com,3,16.0,48.0,US,USD,15550104885
,2026-09-20 21:30:00,customer_4886@example.com,2,19.0,38.0,US,USD,15550104886
,2026-09-20 21:45:00,customer_4887@example.com,5,12.0,60.0,US,USD,15550104887
,2026-09-20 22:00:00,customer_4888@example.com,4,11.0,44.0,US,USD,15550104888
,2026-09-20 22:15:00,customer_4889@example.com,3,26.0,78.0,US,USD,15550104889
,2026-09-20 22:30:00,customer_4890@example.com,1,15.0,15.0,US,USD,15550104890
,2026-09-20 22:45:00,customer_4891@example.com,3,23.0,69.0,US,USD,15550104891
,2026-09-20 23:00:00,customer_4892@example.com,4,15.0,60.0,US,USD,15550104892
,2026-09-20 23:15:00,customer_4893@example.com,1,14.0,14.0,US,USD,15550104893
,2026-09-20 23:30:00,customer_4894@example.com,5,23.0,115.0,US,USD,15550104894
,2026-09-20 23:45:00,customer_4895@example.com,4,12.0,48.0,US,USD,15550104895
,2026-09-21 00:00:00,customer_4896@example.com,4,16.0,64.0,US,USD,15550104896
,2026-09-21 00:15:00,customer_4897@example.com,2,16.0,32.0,US,USD,15550104897
,2026-09-21 00:30:00,customer_4898@example.com,3,23.0,69.0,US,USD,15550104898
,2026-09-21 00:45:00,customer_4899@example.com,4,15.0,60.0,US,USD,15550104899
,2026-09-21 01:00:00,customer_4900@example.com,5,28.0,140.0,US,USD,15550104900
,2026-09-21 01:15:00,customer_4901@example.com,3,28.0,84.0,US,USD,15550104901
,2026-09-21 01:30:00,customer_4902@example.com,2,26.0,52.0,US,USD,15550104902
,2026-09-21 01:45:00,customer_4903@example.com,4,18.0,72.0,US,USD,15550104903
,2026-09-21 02:00:00,customer_4904@example.com,2,10.0,20.0,US,USD,15550104904
,2026-09-21 02:15:00,customer_4905@example.com,2,24.0,48.0,US,USD,15550104905
,2026-09-21 02:30:00,customer_4906@example.com,1,22.0,22.0,US,USD,15550104906
,2026-09-21 02:45:00,customer_4907@example.com,5,17.0,85.0,US,USD,15550104907
,2026-09-21 03:00:00,customer_4908@example.com,5,20.0,100.0,US,USD,15550104908
,2026-09-21 03:15:00,customer_4909@example.com,5,25.0,125.0,US,USD,15550104909
,2026-09-21 03:30:00,customer_4910@example.com,4,24.0,96.0,US,USD,15550104910
,2026-09-21 03:45:00,customer_4911@example.com,5,11.0,55.0,US,USD,15550104911
,2026-09-21 04:00:00,customer_4912@example.com,1,19.0,19.0,US,USD,15550104912
,2026-09-21 04:15:00,customer_4913@example.com,4,21.0,84.0,US,USD,15550104913
,2026-09-21 04:30:00,customer_4914@example.com,3,22.0,66.0,US,USD,15550104914
,2026-09-21 04:45:00,customer_4915@example.com,5,15.0,75.0,US,USD,15550104915
,2026-09-21 05:00:00,customer_4916@example.com,4,17.0,68.0,US,USD,15550104916
,2026-09-21 05:15:00,customer_4917@example.com,2,29.0,58.0,US,USD,15550104917
,2026-09-21 05:30:00,customer_4918@example.com,4,24.0,96.0,US,USD,15550104918
,2026-09-21 05:45:00,customer_4919@example.com,4,15.0,60.0,US,USD,15550104919
,2026-09-21 06:00:00,customer_4920@example.com,5,13.0,65.0,US,USD,15550104920
,2026-09-21 06:15:00,customer_4921@example.com,4,11.0,44.0,US,USD,15550104921
,2026-09-21 06:30:00,customer_4922@example.com,2,15.0,30.0,US,USD,15550104922
,2026-09-21 06:45:00,customer_4923@example.com,3,30.0,90.0,US,USD,15550104923
,2026-09-21 07:00:00,customer_4924@example.com,5,19.0,95.0,US,USD,15550104924
,2026-09-21 07:15:00,customer_4925@example.com,1,16.0,16.0,US,USD,15550104925
,2026-09-21 07:30:00,customer_4926@example.com,4,23.0,92.0,US,USD,15550104926
,2026-09-21 07:45:00,customer_4927@example.com,5,13.0,65.0,US,USD,15550104927
,2026-09-21 08:00:00,customer_4928@example.com,3,12.0,36.0,US,USD,15550104928
,2026-09-21 08:15:00,customer_4929@example.com,1,26.0,26.0,US,USD,15550104929
,2026-09-21 08:30:00,customer_4930@example.com,3,23.0,69.0,US,USD,15550104930
,2026-09-21 08:45:00,customer_4931@example.com,4,15.0,60.0,US,USD,15550104931
,2026-09-21 09:00:00,customer_4932@example.com,3,16.0,48.0,US,USD,15550104932
,2026-09-21 09:15:00,customer_4933@example.com,5,11.0,55.0,US,USD,15550104933
,2026-09-21 09:30:00,customer_4934@example.com,4,10.0,40.0,US,USD,15550104934
,2026-09-21 09:45:00,customer_4935@example.com,1,30.0,30.0,US,USD,15550104935
,2026-09-21 10:00:00,customer_4936@example.com,4,22.0,88.0,US,USD,15550104936
,2026-09-21 10:15:00,customer_4937@example.com,3,22.0,66.0,US,USD,15550104937
,2026-09-21 10:30:00,customer_4938@example.com,2,22.0,44.0,US,USD,15550104938
,2026-09-21 10:45:00,customer_4939@example.com,1,10.0,10.0,US,USD,15550104939
,2026-09-21 11:00:00,customer_4940@example.com,3,13.0,39.0,US,USD,15550104940
,2026-09-21 11:15:00,customer_4941@example.com,2,20.0,40.0,US,USD,15550104941
,2026-09-21 11:30:00,customer_4942@example.com,4,25.0,100.0,US,USD,15550104942
,2026-09-21 11:45:00,customer_4943@example.com,4,12.0,48.0,US,USD,15550104943
,2026-09-21 12:00:00,customer_4944@example.com,1,27.0,27.0,US,USD,15550104944
,2026-09-21 12:15:00,customer_4945@example.com,2,24.0,48.0,US,USD,15550104945
,2026-09-21 12:30:00,customer_4946@example.com,2,25.0,50.0,US,USD,15550104946
,2026-09-21 12:45:00,customer_4947@example.com,3,15.0,45.0,US,USD,15550104947
,2026-09-21 13:00:00,customer_4948@example.com,2,10.0,20.0,US,USD,15550104948
,2026-09-21 13:15:00,customer_4949@example.com,5,13.0,65.0,US,USD,15550104949
,2026-09-21 13:30:00,customer_4950@example.com,2,19.0,38.0,US,USD,15550104950
,2026-09-21 13:45:00,customer_4951@example.com,1,27.0,27.0,US,USD,15550104951
,2026-09-21 14:00:00,customer_4952@example.com,4,15.0,60.0,US,USD,15550104952
,2026-09-21 14:15:00,customer_4953@example.com,1,10.0,10.0,US,USD,15550104953
,2026-09-21 14:30:00,customer_4954@example.com,3,14.0,42.0,US,USD,15550104954
,2026-09-21 14:45:00,customer_4955@example.com,4,21.0,84.0,US,USD,15550104955
,2026-09-21 15:00:00,customer_4956@example.com,2,16.0,32.0,US,USD,15550104956
,2026-09-21 15:15:00,customer_4957@example.com,1,27.0,27.0,US,USD,15550104957
,2026-09-21 15:30:00,customer_4958@example.com,2,24.0,48.0,US,USD,15550104958
,2026-09-21 15:45:00,customer_4959@example.com,1,30.0,30.0,US,USD,15550104959
,2026-09-21 16:00:00,customer_4960@example.com,5,30.0,150.0,US,USD,15550104960
,2026-09-21 16:15:00,customer_4961@example.com,1,22.0,22.0,US,USD,15550104961
,2026-09-21 16:30:00,customer_4962@example.com,3,24.0,72.0,US,USD,15550104962
,2026-09-21 16:45:00,customer_4963@example.com,1,29.0,29.0,US,USD,15550104963
,2026-09-21 17:00:00,customer_4964@example.com,1,11.0,11.0,US,USD,15550104964
,2026-09-21 17:15:00,customer_4965@example.com,4,16.0,64.0,US,USD,15550104965
,2026-09-21 17:30:00,customer_4966@example.com,2,21.0,42.0,US,USD,15550104966
,2026-09-21 17:45:00,customer_4967@example.com,2,16.0,32.0,US,USD,15550104967
,2026-09-21 18:00:00,customer_4968@example.com,1,10.0,10.0,US,USD,15550104968
,2026-09-21 18:15:00,customer_4969@example.com,4,10.0,40.0,US,USD,15550104969
,2026-09-21 18:30:00,customer_4970@example.com,1,20.0,20.0,US,USD,15550104970
,2026-09-21 18:45:00,customer_4971@example.com,2,12.0,24.0,US,USD,15550104971
,2026-09-21 19:00:00,customer_4972@example.com,2,13.0,26.0,US,USD,15550104972
,2026-09-21 19:15:00,customer_4973@example.com,2,15.0,30.0,US,USD,15550104973
,2026-09-21 19:30:00,customer_4974@example.com,1,23.0,23.0,US,USD,15550104974
,2026-09-21 19:45:00,customer_4975@example.com,5,13.0,65.0,US,USD,15550104975
,2026-09-21 20:00:00,customer_4976@example.com,3,20.0,60.0,US,USD,15550104976
,2026-09-21 20:15:00,customer_4977@example.com,5,30.0,150.0,US,USD,15550104977
,2026-09-21 20:30:00,customer_4978@example.com,2,29.0,58.0,US,USD,15550104978
,2026-09-21 20:45:00,customer_4979@example.com,2,27.0,54.0,US,USD,15550104979
,2026-09-21 21:00:00,customer_4980@example.com,4,23.0,92.0,US,USD,15550104980
,2026-09-21 21:15:00,customer_4981@example.com,1,17.0,17.0,US,USD,15550104981
,2026-09-21 21:30:00,customer_4982@example.com,2,13.0,26.0,US,USD,15550104982
,2026-09-21 21:45:00,customer_4983@example.com,3,20.0,60.0,US,USD,15550104983
,2026-09-21 22:00:00,customer_4984@example.com,2,10.0,20.0,US,USD,15550104984
,2026-09-21 22:15:00,customer_4985@example.com,4,30.0,120.0,US,USD,15550104985
,2026-09-21 22:30:00,customer_4986@example.com,3,10.0,30.0,US,USD,15550104986
,2026-09-21 22:45:00,customer_4987@example.com,4,16.0,64.0,US,USD,15550104987
,2026-09-21 23:00:00,customer_4988@example.com,4,17.0,68.0,US,USD,15550104988
,2026-09-21 23:15:00,customer_4989@example.com,1,18.0,18.0,US,USD,15550104989
,2026-09-21 23:30:00,customer_4990@example.com,5,21.0,105.0,US,USD,15550104990
,2026-09-21 23:45:00,customer_4991@example.com,1,12.0,12.0,US,USD,15550104991
,2026-09-22 00:00:00,customer_4992@example.com,2,23.0,46.0,US,USD,15550104992
,2026-09-22 00:15:00,customer_4993@example.com,3,29.0,87.0,US,USD,15550104993
,2026-09-22 00:30:00,customer_4994@example.com,4,13.0,52.0,US,USD,15550104994
,2026-09-22 00:45:00,customer_4995@example.com,5,28.0,140.0,US,USD,15550104995
,2026-09-22 01:00:00,customer_4996@example.com,2,18.0,36.0,US,USD,15550104996
,2026-09-22 01:15:00,customer_4997@example.com,1,29.0,29.0,US,USD,15550104997
,2026-09-22 01:30:00,customer_4998@example.com,3,30.0,90.0,US,USD,15550104998
