order_id,created_at,customer_email,quantity,unit_price,total,country,currency,phone
ORD1000,2026-08-01 00:00:00,customer_0@example.com,1,10.0,10.0,US,USD,15550100000
ORD1001,2026-08-01 00:15:00,customer_1@example.com,3,17.0,51.0,US,USD,15550100001
ORD1002,2026-08-01 00:30:00,customer_2@example.com,2,14.0,28.0,US,USD,15550100002
ORD1003,2026-08-01 00:45:00,customer_3@example.com,1,27.0,27.0,US,USD,15550100003
ORD1004,2026-08-01 01:00:00,customer_4@example.com,1,28.0,28.0,US,USD,15550100004
ORD1005,2026-08-01 01:15:00,customer_5@example.com,4,11.0,44.0,US,USD,15550100005
ORD1006,2026-08-01 01:30:00,customer_6@example.com,1,12.0,12.0,US,USD,15550100006
ORD1007,2026-08-01 01:45:00,customer_7@example.com,2,17.0,34.0,US,USD,15550100007
ORD1008,2026-08-01 02:00:00,customer_8@example.com,5,29.0,145.0,US,USD,15550100008
ORD1009,2026-08-01 02:15:00,customer_9@example.com,1,27.0,27.0,US,USD,15550100009
ORD1010,2026-08-01 02:30:00,customer_10@example.com,2,30.0,60.0,US,USD,15550100010
ORD1011,2026-08-01 02:45:00,customer_11@example.com,5,23.0,115.0,US,USD,15550100011
ORD1012,2026-08-01 03:00:00,customer_12@example.com,2,24.0,48.0,US,USD,15550100012
ORD1013,2026-08-01 03:15:00,customer_13@example.com,5,18.0,90.0,US,USD,15550100013
ORD1014,2026-08-01 03:30:00,customer_14@example.com,1,15.0,15.0,US,USD,15550100014
ORD1015,2026-08-01 03:45:00,customer_15@example.com,4,20.0,80.0,US,USD,15550100015
ORD1016,2026-08-01 04:00:00,customer_16@example.com,3,14.0,42.0,US,USD,15550100016
ORD1017,2026-08-01 04:15:00,customer_17@example.com,2,20.0,40.0,US,USD,15550100017
ORD1018,2026-08-01 04:30:00,customer_18@example.com,1,12.0,12.0,US,USD,15550100018
ORD1019,2026-08-01 04:45:00,customer_19@example.com,4,13.0,52.0,US,USD,15550100019
ORD1020,2026-08-01 05:00:00,customer_20@example.com,3,21.0,63.0,US,USD,15550100020
ORD1021,2026-08-01 05:15:00,customer_21@example.com,5,18.0,90.0,US,USD,15550100021
ORD1022,2026-08-01 05:30:00,customer_22@example.com,1,24.0,24.0,US,USD,15550100022
ORD1023,2026-08-01 05:45:00,customer_23@example.com,5,13.0,65.0,US,USD,15550100023
ORD1024,2026-08-01 06:00:00,customer_24@example.com,4,12.0,48.0,US,USD,15550100024
ORD1025,2026-08-01 06:15:00,customer_25@example.com,5,19.0,95.0,US,USD,15550100025
ORD1026,2026-08-01 06:30:00,customer_26@example.com,5,21.0,105.0,US,USD,15550100026
ORD1027,2026-08-01 06:45:00,customer_27@example.com,5,16.0,80.0,US,USD,15550100027
ORD1028,2026-08-01 07:00:00,customer_28@example.com,1,11.0,11.0,US,USD,15550100028
ORD1029,2026-08-01 07:15:00,customer_29@example.com,2,19.0,38.0,US,USD,15550100029
ORD1030,2026-08-01 07:30:00,customer_30@example.com,1,17.0,17.0,US,USD,15550100030
ORD1031,2026-08-01 07:45:00,customer_31@example.com,1,22.0,22.0,US,USD,15550100031
ORD1032,2026-08-01 08:00:00,customer_32@example.com,3,24.0,72.0,US,USD,15550100032
ORD1033,2026-08-01 08:15:00,customer_33@example.com,3,15.0,45.0,US,USD,15550100033
ORD1034,2026-08-01 08:30:00,customer_34@example.com,3,21.0,63.0,US,USD,15550100034
ORD1035,2026-08-01 08:45:00,customer_35@example.com,2,18.0,36.0,US,USD,15550100035
ORD1036,2026-08-01 09:00:00,customer_36@example.com,1,29.0,29.0,US,USD,15550100036
ORD1037,2026-08-01 09:15:00,customer_37@example.com,2,27.0,54.0,US,USD,15550100037
ORD1038,2026-08-01 09:30:00,customer_38@example.com,2,15.0,30.0,US,USD,15550100038
ORD1039,2026-08-01 09:45:00,customer_39@example.com,4,22.0,88.0,US,USD,15550100039
ORD1040,2026-08-01 10:00:00,customer_40@example.com,3,30.0,90.0,US,USD,15550100040
ORD1041,2026-08-01 10:15:00,customer_41@example.com,5,17.0,85.0,US,USD,15550100041
ORD1042,2026-08-01 10:30:00,customer_42@example.com,3,11.0,33.0,US,USD,15550100042
ORD1043,2026-08-01 10:45:00,customer_43@example.com,2,11.0,22.0,US,USD,15550100043
ORD1044,2026-08-01 11:00:00,customer_44@example.com,3,22.0,66.0,US,USD,15550100044
ORD1045,2026-08-01 11:15:00,customer_45@example.com,3,12.0,36.0,US,USD,15550100045
ORD1046,2026-08-01 11:30:00,customer_46@example.com,2,28.0,56.0,US,USD,15550100046
ORD1047,2026-08-01 11:45:00,customer_47@example.com,3,16.0,48.0,US,USD,15550100047
ORD1048,2026-08-01 12:00:00,customer_48@example.com,4,22.0,88.0,US,USD,15550100048
ORD1049,2026-08-01 12:15:00,customer_49@example.com,4,14.0,56.0,US,USD,15550100049
ORD1050,2026-08-01 12:30:00,customer_50@example.com,3,14.0,42.0,US,USD,15550100050
ORD1051,2026-08-01 12:45:00,customer_51@example.com,2,27.0,54.0,US,USD,15550100051
ORD1052,2026-08-01 13:00:00,customer_52@example.com,5,18.0,90.0,US,USD,15550100052
ORD1053,2026-08-01 13:15:00,customer_53@example.com,5,23.0,115.0,US,USD,15550100053
ORD1054,2026-08-01 13:30:00,customer_54@example.com,5,22.0,110.0,US,USD,15550100054
ORD1055,2026-08-01 13:45:00,customer_55@example.com,3,17.0,51.0,US,USD,15550100055
ORD1056,2026-08-01 14:00:00,customer_56@example.com,2,26.0,52.0,US,USD,15550100056
ORD1057,2026-08-01 14:15:00,customer_57@example.com,4,12.0,48.0,US,USD,15550100057
ORD1058,2026-08-01 14:30:00,customer_58@example.com,1,13.0,13.0,US,USD,15550100058
ORD1059,2026-08-01 14:45:00,customer_59@example.com,2,30.0,60.0,US,USD,15550100059
ORD1060,2026-08-01 15:00:00,customer_60@example.com,2,23.0,46.0,US,USD,15550100060
ORD1061,2026-08-01 15:15:00,customer_61@example.com,5,12.0,60.0,US,USD,15550100061
ORD1062,2026-08-01 15:30:00,customer_62@example.com,4,22.0,88.0,US,USD,15550100062
ORD1063,2026-08-01 15:45:00,customer_63@example.com,5,24.0,120.0,US,USD,15550100063
ORD1064,2026-08-01 16:00:00,customer_64@example.com,5,18.0,90.0,US,USD,15550100064
ORD1065,2026-08-01 16:15:00,customer_65@example.com,5,10.0,50.0,US,USD,15550100065
ORD1066,2026-08-01 16:30:00,customer_66@example.com,1,27.0,27.0,US,USD,15550100066
ORD1067,2026-08-01 16:45:00,customer_67@example.com,3,30.0,90.0,US,USD,15550100067
ORD1068,2026-08-01 17:00:00,customer_68@example.com,3,13.0,39.0,US,USD,15550100068
ORD1069,2026-08-01 17:15:00,customer_69@example.com,3,23.0,69.0,US,USD,15550100069
ORD1070,2026-08-01 17:30:00,customer_70@example.com,2,24.0,48.0,US,USD,15550100070
ORD1071,2026-08-01 17:45:00,customer_71@example.com,1,18.0,18.0,US,USD,15550100071
ORD1072,2026-08-01 18:00:00,customer_72@example.com,5,15.0,75.0,US,USD,15550100072
ORD1073,2026-08-01 18:15:00,customer_73@example.com,5,13.0,65.0,US,USD,15550100073
ORD1074,2026-08-01 18:30:00,customer_74@example.com,3,30.0,90.0,US,USD,15550100074
ORD1075,2026-08-01 18:45:00,customer_75@example.com,5,29.0,145.0,US,USD,15550100075
ORD1076,2026-08-01 19:00:00,customer_76@example.com,2,14.0,28.0,US,USD,15550100076
ORD1077,2026-08-01 19:15:00,customer_77@example.com,3,15.0,45.0,US,USD,15550100077
ORD1078,2026-08-01 19:30:00,customer_78@example.com,5,26.0,130.0,US,USD,15550100078
ORD1079,2026-08-01 19:45:00,customer_79@example.com,1,29.0,29.0,US,USD,15550100079
ORD1080,2026-08-01 20:00:00,customer_80@example.com,3,25.0,75.0,US,USD,15550100080
ORD1081,2026-08-01 20:15:00,customer_81@example.com,1,13.0,13.0,US,USD,15550100081
ORD1082,2026-08-01 20:30:00,customer_82@example.com,3,19.0,57.0,US,USD,15550100082
ORD1083,2026-08-01 20:45:00,customer_83@example.com,2,11.0,22.0,US,USD,15550100083
ORD1084,2026-08-01 21:00:00,customer_84@example.com,2,28.0,56.0,US,USD,15550100084
ORD1085,2026-08-01 21:15:00,customer_85@example.com,1,12.0,12.0,US,USD,15550100085
ORD1086,2026-08-01 21:30:00,customer_86@example.com,4,12.0,48.0,US,USD,15550100086
ORD1087,2026-08-01 21:45:00,customer_87@example.com,5,14.0,70.0,US,USD,15550100087
ORD1088,2026-08-01 22:00:00,customer_88@example.com,2,25.0,50.0,US,USD,15550100088
ORD1089,2026-08-01 22:15:00,customer_89@example.com,5,15.0,75.0,US,USD,15550100089
ORD1090,2026-08-01 22:30:00,customer_90@example.com,3,26.0,78.0,US,USD,15550100090
ORD1091,2026-08-01 22:45:00,customer_91@example.com,5,23.0,115.0,US,USD,15550100091
ORD1092,2026-08-01 23:00:00,customer_92@example.com,2,27.0,54.0,US,USD,15550100092
ORD1093,2026-08-01 23:15:00,customer_93@example.com,2,19.0,38.0,US,USD,15550100093
ORD1094,2026-08-01 23:30:00,customer_94@example.com,4,30.0,120.0,US,USD,15550100094
ORD1095,2026-08-01 23:45:00,customer_95@example.com,3,24.0,72.0,US,USD,15550100095
ORD1096,2026-08-02 00:00:00,customer_96@example.com,5,24.0,120.0,US,USD,15550100096
ORD1097,2026-08-02 00:15:00,customer_97@example.com,1,17.0,17.0,US,USD,15550100097
ORD1098,2026-08-02 00:30:00,customer_98@example.com,2,12.0,24.0,US,USD,15550100098
ORD1099,2026-08-02 00:45:00,customer_99@example.com,3,10.0,30.0,US,USD,15550100099
ORD1100,2026-08-02 01:00:00,customer_100@example.com,5,27.0,135.0,US,USD,15550100100
ORD1101,2026-08-02 01:15:00,customer_101@example.com,2,28.0,56.0,US,USD,15550100101
ORD1102,2026-08-02 01:30:00,customer_102@example.com,2,10.0,20.0,US,USD,15550100102
ORD1103,2026-08-02 01:45:00,customer_103@example.com,1,30.0,30.0,US,USD,15550100103
ORD1104,2026-08-02 02:00:00,customer_104@example.com,1,17.0,17.0,US,USD,15550100104
ORD1105,2026-08-02 02:15:00,customer_105@example.com,1,11.0,11.0,US,USD,15550100105
ORD1106,2026-08-02 02:30:00,customer_106@example.com,3,12.0,36.0,US,USD,15550100106
ORD1107,2026-08-02 02:45:00,customer_107@example.com,5,17.0,85.0,US,USD,15550100107
ORD1108,2026-08-02 03:00:00,customer_108@example.com,3,25.0,75.0,US,USD,15550100108
ORD1109,2026-08-02 03:15:00,customer_109@example.com,2,27.0,54.0,US,USD,15550100109
ORD1110,2026-08-02 03:30:00,customer_110@example.com,2,28.0,56.0,US,USD,15550100110
ORD1111,2026-08-02 03:45:00,customer_111@example.com,5,25.0,125.0,US,USD,15550100111
ORD1112,2026-08-02 04:00:00,customer_112@example.com,2,25.0,50.0,US,USD,15550100112
ORD1113,2026-08-02 04:15:00,customer_113@example.com,4,16.0,64.0,US,USD,15550100113
ORD1114,2026-08-02 04:30:00,customer_114@example.com,1,13.0,13.0,US,USD,15550100114
ORD1115,2026-08-02 04:45:00,customer_115@example.com,4,21.0,84.0,US,USD,15550100115
ORD1116,2026-08-02 05:00:00,customer_116@example.com,4,23.0,92.0,US,USD,15550100116
ORD1117,2026-08-02 05:15:00,customer_117@example.com,4,11.0,44.0,US,USD,15550100117
ORD1118,2026-08-02 05:30:00,customer_118@example.com,1,11.0,11.0,US,USD,15550100118
ORD1119,2026-08-02 05:45:00,customer_119@example.com,4,20.0,80.0,US,USD,15550100119
ORD1120,2026-08-02 06:00:00,customer_120@example.com,1,17.0,17.0,US,USD,15550100120
ORD1121,2026-08-02 06:15:00,customer_121@example.com,2,16.0,32.0,US,USD,15550100121
ORD1122,2026-08-02 06:30:00,customer_122@example.com,5,24.0,120.0,US,USD,15550100122
ORD1123,2026-08-02 06:45:00,customer_123@example.com,2,23.0,46.0,US,USD,15550100123
ORD1124,2026-08-02 07:00:00,customer_124@example.com,2,18.0,36.0,US,USD,15550100124
ORD1125,2026-08-02 07:15:00,customer_125@example.com,4,17.0,68.0,US,USD,15550100125
ORD1126,2026-08-02 07:30:00,customer_126@example.com,1,24.0,24.0,US,USD,15550100126
ORD1127,2026-08-02 07:45:00,customer_127@example.com,5,13.0,65.0,US,USD,15550100127
ORD1128,2026-08-02 08:00:00,customer_128@example.com,1,30.0,30.0,US,USD,15550100128
ORD1129,2026-08-02 08:15:00,customer_129@example.com,5,10.0,50.0,US,USD,15550100129
ORD1130,2026-08-02 08:30:00,customer_130@example.com,1,17.0,17.0,US,USD,15550100130
ORD1131,2026-08-02 08:45:00,customer_131@example.com,2,23.0,46.0,US,USD,15550100131
ORD1132,2026-08-02 09:00:00,customer_132@example.com,4,25.0,100.0,US,USD,15550100132
ORD1133,2026-08-02 09:15:00,customer_133@example.com,2,22.0,44.0,US,USD,15550100133
ORD1134,2026-08-02 09:30:00,customer_134@example.com,1,15.0,15.0,US,USD,15550100134
ORD1135,2026-08-02 09:45:00,customer_135@example.com,4,10.0,40.0,US,USD,15550100135
ORD1136,2026-08-02 10:00:00,customer_136@example.com,4,18.0,72.0,US,USD,15550100136
ORD1137,2026-08-02 10:15:00,customer_137@example.com,4,19.0,76.0,US,USD,15550100137
ORD1138,2026-08-02 10:30:00,customer_138@example.com,4,27.0,108.0,US,USD,15550100138
ORD1139,2026-08-02 10:45:00,customer_139@example.com,4,14.0,56.0,US,USD,15550100139
ORD1140,2026-08-02 11:00:00,customer_140@example.com,2,19.0,38.0,US,USD,15550100140
ORD1141,2026-08-02 11:15:00,customer_141@example.com,2,11.0,22.0,US,USD,15550100141
ORD1142,2026-08-02 11:30:00,customer_142@example.com,5,27.0,135.0,US,USD,15550100142
ORD1143,2026-08-02 11:45:00,customer_143@example.com,1,20.0,20.0,US,USD,15550100143
ORD1144,2026-08-02 12:00:00,customer_144@example.com,1,11.0,11.0,US,USD,15550100144
ORD1145,2026-08-02 12:15:00,customer_145@example.com,5,25.0,125.0,US,USD,15550100145
ORD1146,2026-08-02 12:30:00,customer_146@example.com,5,26.0,130.0,US,USD,15550100146
ORD1147,2026-08-02 12:45:00,customer_147@example.com,2,11.0,22.0,US,USD,15550100147
ORD1148,2026-08-02 13:00:00,customer_148@example.com,5,12.0,60.0,US,USD,15550100148
ORD1149,2026-08-02 13:15:00,customer_149@example.com,2,12.0,24.0,US,USD,15550100149
ORD1150,2026-08-02 13:30:00,customer_150@example.com,5,12.0,60.0,US,USD,15550100150
ORD1151,2026-08-02 13:45:00,customer_151@example.com,2,22.0,44.0,US,USD,15550100151
ORD1152,2026-08-02 14:00:00,customer_152@example.com,1,28.0,28.0,US,USD,15550100152
ORD1153,2026-08-02 14:15:00,customer_153@example.com,2,28.0,56.0,US,USD,15550100153
ORD1154,2026-08-02 14:30:00,customer_154@example.com,5,11.0,55.0,US,USD,15550100154
ORD1155,2026-08-02 14:45:00,customer_155@example.com,5,12.0,60.0,US,USD,15550100155
ORD1156,2026-08-02 15:00:00,customer_156@example.com,4,28.0,112.0,US,USD,15550100156
ORD1157,2026-08-02 15:15:00,customer_157@example.com,5,26.0,130.0,US,USD,15550100157
ORD1158,2026-08-02 15:30:00,customer_158@example.com,3,18.0,54.0,US,USD,15550100158
ORD1159,2026-08-02 15:45:00,customer_159@example.com,2,20.0,40.0,US,USD,15550100159
ORD1160,2026-08-02 16:00:00,customer_160@example.com,2,18.0,36.0,US,USD,15550100160
ORD1161,2026-08-02 16:15:00,customer_161@example.com,4,14.0,56.0,US,USD,15550100161
ORD1162,2026-08-02 16:30:00,customer_162@example.com,3,24.0,72.0,US,USD,15550100162
ORD1163,2026-08-02 16:45:00,customer_163@example.com,3,12.0,36.0,US,USD,15550100163
ORD1164,2026-08-02 17:00:00,customer_164@example.com,1,24.0,24.0,US,USD,15550100164
ORD1165,2026-08-02 17:15:00,customer_165@example.com,5,28.0,140.0,US,USD,15550100165
ORD1166,2026-08-02 17:30:00,customer_166@example.com,1,12.0,12.0,US,USD,15550100166
ORD1167,2026-08-02 17:45:00,customer_167@example.com,5,16.0,80.0,US,USD,15550100167
ORD1168,2026-08-02 18:00:00,customer_168@example.com,5,18.0,90.0,US,USD,15550100168
ORD1169,2026-08-02 18:15:00,customer_169@example.com,2,21.0,42.0,US,USD,15550100169
ORD1170,2026-08-02 18:30:00,customer_170@example.com,1,17.0,17.0,US,USD,15550100170
ORD1171,2026-08-02 18:45:00,customer_171@example.com,3,19.0,57.0,US,USD,15550100171
ORD1172,2026-08-02 19:00:00,customer_172@example.com,2,24.0,48.0,US,USD,15550100172
ORD1173,2026-08-02 19:15:00,customer_173@example.com,5,19.0,95.0,US,USD,15550100173
ORD1174,2026-08-02 19:30:00,customer_174@example.com,5,30.0,150.0,US,USD,15550100174
ORD1175,2026-08-02 19:45:00,customer_175@example.com,5,10.0,50.0,US,USD,15550100175
ORD1176,2026-08-02 20:00:00,customer_176@example.com,5,19.0,95.0,US,USD,15550100176
ORD1177,2026-08-02 20:15:00,customer_177@example.com,1,14.0,14.0,US,USD,15550100177
ORD1178,2026-08-02 20:30:00,customer_178@example.com,3,13.0,39.0,US,USD,15550100178
ORD1179,2026-08-02 20:45:00,customer_179@example.com,1,27.0,27.0,US,USD,15550100179
ORD1180,2026-08-02 21:00:00,customer_180@example.com,2,18.0,36.0,US,USD,15550100180
ORD1181,2026-08-02 21:15:00,customer_181@example.com,3,29.0,87.0,US,USD,15550100181
ORD1182,2026-08-02 21:30:00,customer_182@example.com,2,20.0,40.0,US,USD,15550100182
ORD1183,2026-08-02 21:45:00,customer_183@example.com,2,30.0,60.0,US,USD,15550100183
ORD1184,2026-08-02 22:00:00,customer_184@example.com,3,26.0,78.0,US,USD,15550100184
ORD1185,2026-08-02 22:15:00,customer_185@example.com,4,18.0,72.0,US,USD,15550100185
ORD1186,2026-08-02 22:30:00,customer_186@example.com,1,12.0,12.0,US,USD,15550100186
ORD1187,2026-08-02 22:45:00,customer_187@example.com,4,18.0,72.0,US,USD,15550100187
ORD1188,2026-08-02 23:00:00,customer_188@example.com,1,10.0,10.0,US,USD,15550100188
ORD1189,2026-08-02 23:15:00,customer_189@example.com,3,14.0,42.0,US,USD,15550100189
ORD1190,2026-08-02 23:30:00,customer_190@example.com,3,15.0,45.0,US,USD,15550100190
ORD1191,2026-08-02 23:45:00,customer_191@example.com,4,27.0,108.0,US,USD,15550100191
ORD1192,2026-08-03 00:00:00,customer_192@example.com,4,27.0,108.0,US,USD,15550100192
ORD1193,2026-08-03 00:15:00,customer_193@example.com,1,13.0,13.0,US,USD,15550100193
ORD1194,2026-08-03 00:30:00,customer_194@example.com,1,14.0,14.0,US,USD,15550100194
ORD1195,2026-08-03 00:45:00,customer_195@example.com,5,11.0,55.0,US,USD,15550100195
ORD1196,2026-08-03 01:00:00,customer_196@example.com,3,28.0,84.0,US,USD,15550100196
ORD1197,2026-08-03 01:15:00,customer_197@example.com,5,14.0,70.0,US,USD,15550100197
ORD1198,2026-08-03 01:30:00,customer_198@example.com,4,14.0,56.0,US,USD,15550100198
ORD1199,2026-08-03 01:45:00,customer_199@example.com,1,19.0,19.0,US,USD,15550100199
ORD1200,2026-08-03 02:00:00,customer_200@example.com,3,11.0,33.0,US,USD,15550100200
ORD1201,2026-08-03 02:15:00,customer_201@example.com,3,16.0,48.0,US,USD,15550100201
ORD1202,2026-08-03 02:30:00,customer_202@example.com,2,13.0,26.0,US,USD,15550100202
ORD1203,2026-08-03 02:45:00,customer_203@example.com,3,27.0,81.0,US,USD,15550100203
ORD1204,2026-08-03 03:00:00,customer_204@example.com,4,29.0,116.0,US,USD,15550100204
ORD1205,2026-08-03 03:15:00,customer_205@example.com,2,17.0,34.0,US,USD,15550100205
ORD1206,2026-08-03 03:30:00,customer_206@example.com,2,15.0,30.0,US,USD,15550100206
ORD1207,2026-08-03 03:45:00,customer_207@example.com,4,10.0,40.0,US,USD,15550100207
ORD1208,2026-08-03 04:00:00,customer_208@example.com,2,20.0,40.0,US,USD,15550100208
ORD1209,2026-08-03 04:15:00,customer_209@example.com,4,17.0,68.0,US,USD,15550100209
ORD1210,2026-08-03 04:30:00,customer_210@example.com,3,15.0,45.0,US,USD,15550100210
ORD1211,2026-08-03 04:45:00,customer_211@example.com,1,22.0,22.0,US,USD,15550100211
ORD1212,2026-08-03 05:00:00,customer_212@example.com,1,25.0,25.0,US,USD,15550100212
ORD1213,2026-08-03 05:15:00,customer_213@example.com,2,16.0,32.0,US,USD,15550100213
ORD1214,2026-08-03 05:30:00,customer_214@example.com,4,21.0,84.0,US,USD,15550100214
ORD1215,2026-08-03 05:45:00,customer_215@example.com,3,17.0,51.0,US,USD,15550100215
ORD1216,2026-08-03 06:00:00,customer_216@example.com,2,10.0,20.0,US,USD,15550100216
ORD1217,2026-08-03 06:15:00,customer_217@example.com,2,22.0,44.0,US,USD,15550100217
ORD1218,2026-08-03 06:30:00,customer_218@example.com,3,18.0,54.0,US,USD,15550100218
ORD1219,2026-08-03 06:45:00,customer_219@example.com,1,18.0,18.0,US,USD,15550100219
ORD1220,2026-08-03 07:00:00,customer_220@example.com,3,30.0,90.0,US,USD,15550100220
ORD1221,2026-08-03 07:15:00,customer_221@example.com,5,22.0,110.0,US,USD,15550100221
ORD1222,2026-08-03 07:30:00,customer_222@example.com,5,20.0,100.0,US,USD,15550100222
ORD1223,2026-08-03 07:45:00,customer_223@example.com,1,13.0,13.0,US,USD,15550100223
ORD1224,2026-08-03 08:00:00,customer_224@example.com,3,15.0,45.0,US,USD,15550100224
ORD1225,2026-08-03 08:15:00,customer_225@example.com,5,18.0,90.0,US,USD,15550100225
ORD1226,2026-08-03 08:30:00,customer_226@example.com,1,13.0,13.0,US,USD,15550100226
ORD1227,2026-08-03 08:45:00,customer_227@example.com,5,23.0,115.0,US,USD,15550100227
ORD1228,2026-08-03 09:00:00,customer_228@example.com,3,20.0,60.0,US,USD,15550100228
ORD1229,2026-08-03 09:15:00,customer_229@example.com,4,29.0,116.0,US,USD,15550100229
ORD1230,2026-08-03 09:30:00,customer_230@example.com,5,13.0,65.0,US,USD,15550100230
ORD1231,2026-08-03 09:45:00,customer_231@example.com,4,28.0,112.0,US,USD,15550100231
ORD1232,2026-08-03 10:00:00,customer_232@example.com,2,18.0,36.0,US,USD,15550100232
ORD1233,2026-08-03 10:15:00,customer_233@example.com,1,23.0,23.0,US,USD,15550100233
ORD1234,2026-08-03 10:30:00,customer_234@example.com,1,26.0,26.0,US,USD,15550100234
ORD1235,2026-08-03 10:45:00,customer_235@example.com,5,16.0,80.0,US,USD,15550100235
ORD1236,2026-08-03 11:00:00,customer_236@example.com,3,23.0,69.0,US,USD,15550100236
ORD1237,2026-08-03 11:15:00,customer_237@example.com,1,20.0,20.0,US,USD,15550100237
ORD1238,2026-08-03 11:30:00,customer_238@example.com,5,20.0,100.0,US,USD,15550100238
ORD1239,2026-08-03 11:45:00,customer_239@example.com,1,19.0,19.0,US,USD,15550100239
ORD1240,2026-08-03 12:00:00,customer_240@example.com,5,19.0,95.0,US,USD,15550100240
ORD1241,2026-08-03 12:15:00,customer_241@example.com,4,20.0,80.0,US,USD,15550100241
ORD1242,2026-08-03 12:30:00,customer_242@example.com,4,19.0,76.0,US,USD,15550100242
ORD1243,2026-08-03 12:45:00,customer_243@example.com,5,14.0,70.0,US,USD,15550100243
ORD1244,2026-08-03 13:00:00,customer_244@example.com,2,23.0,46.0,US,USD,15550100244
ORD1245,2026-08-03 13:15:00,customer_245@example.com,4,15.0,60.0,US,USD,15550100245
ORD1246,2026-08-03 13:30:00,customer_246@example.com,5,28.0,140.0,US,USD,15550100246
ORD1247,2026-08-03 13:45:00,customer_247@example.com,3,22.0,66.0,US,USD,15550100247
ORD1248,2026-08-03 14:00:00,customer_248@example.com,5,10.0,50.0,US,USD,15550100248
ORD1249,2026-08-03 14:15:00,customer_249@example.com,3,19.0,57.0,US,USD,15550100249
ORD1250,2026-08-03 14:30:00,customer_250@example.com,2,23.0,46.0,US,USD,15550100250
ORD1251,2026-08-03 14:45:00,customer_251@example.com,5,29.0,145.0,US,USD,15550100251
ORD1252,2026-08-03 15:00:00,customer_252@example.com,3,24.0,72.0,US,USD,15550100252
ORD1253,2026-08-03 15:15:00,customer_253@example.com,4,24.0,96.0,US,USD,15550100253
ORD1254,2026-08-03 15:30:00,customer_254@example.com,2,26.0,52.0,US,USD,15550100254
ORD1255,2026-08-03 15:45:00,customer_255@example.com,4,15.0,60.0,US,USD,15550100255
ORD1256,2026-08-03 16:00:00,customer_256@example.com,1,19.0,19.0,US,USD,15550100256
ORD1257,2026-08-03 16:15:00,customer_257@example.com,5,30.0,150.0,US,USD,15550100257
ORD1258,2026-08-03 16:30:00,customer_258@example.com,5,20.0,100.0,US,USD,15550100258
ORD1259,2026-08-03 16:45:00,customer_259@example.com,1,17.0,17.0,US,USD,15550100259
ORD1260,2026-08-03 17:00:00,customer_260@example.com,3,17.0,51.0,US,USD,15550100260
ORD1261,2026-08-03 17:15:00,customer_261@example.com,2,14.0,28.0,US,USD,15550100261
ORD1262,2026-08-03 17:30:00,customer_262@example.com,1,11.0,11.0,US,USD,15550100262
ORD1263,2026-08-03 17:45:00,customer_263@example.com,2,25.0,50.0,US,USD,15550100263
ORD1264,2026-08-03 18:00:00,customer_264@example.com,5,12.0,60.0,US,USD,15550100264
ORD1265,2026-08-03 18:15:00,customer_265@example.com,4,23.0,92.0,US,USD,15550100265
ORD1266,2026-08-03 18:30:00,customer_266@example.com,5,16.0,80.0,US,USD,15550100266
ORD1267,2026-08-03 18:45:00,customer_267@example.com,4,25.0,100.0,US,USD,15550100267
ORD1268,2026-08-03 19:00:00,customer_268@example.com,4,17.0,68.0,US,USD,15550100268
ORD1269,2026-08-03 19:15:00,customer_269@example.com,2,30.0,60.0,US,USD,15550100269
ORD1270,2026-08-03 19:30:00,customer_270@example.com,1,13.0,13.0,US,USD,15550100270
ORD1271,2026-08-03 19:45:00,customer_271@example.com,4,17.0,68.0,US,USD,15550100271
ORD1272,2026-08-03 20:00:00,customer_272@example.com,2,26.0,52.0,US,USD,15550100272
ORD1273,2026-08-03 20:15:00,customer_273@example.com,4,11.0,44.0,US,USD,15550100273
ORD1274,2026-08-03 20:30:00,customer_274@example.com,5,17.0,85.0,US,USD,15550100274
ORD1275,2026-08-03 20:45:00,customer_275@example.com,1,24.0,24.0,US,USD,15550100275
ORD1276,2026-08-03 21:00:00,customer_276@example.com,2,24.0,48.0,US,USD,15550100276
ORD1277,2026-08-03 21:15:00,customer_277@example.com,5,27.0,135.0,US,USD,15550100277
ORD1278,2026-08-03 21:30:00,customer_278@example.com,5,20.0,100.0,US,USD,15550100278
ORD1279,2026-08-03 21:45:00,customer_279@example.com,4,29.0,116.0,US,USD,15550100279
ORD1280,2026-08-03 22:00:00,customer_280@example.com,5,23.0,115.0,US,USD,15550100280
ORD1281,2026-08-03 22:15:00,customer_281@example.com,5,24.0,120.0,US,USD,15550100281
ORD1282,2026-08-03 22:30:00,customer_282@example.com,2,25.0,50.0,US,USD,15550100282
ORD1283,2026-08-03 22:45:00,customer_283@example.com,4,18.0,72.0,US,USD,15550100283
ORD1284,2026-08-03 23:00:00,customer_284@example.com,2,30.0,60.0,US,USD,15550100284
ORD1285,2026-08-03 23:15:00,customer_285@example.com,3,26.0,78.0,US,USD,15550100285
ORD1286,2026-08-03 23:30:00,customer_286@example.com,4,30.0,120.0,US,USD,15550100286
ORD1287,2026-08-03 23:45:00,customer_287@example.com,2,18.0,36.0,US,USD,15550100287
ORD1288,2026-08-04 00:00:00,customer_288@example.com,4,12.0,48.0,US,USD,15550100288
ORD1289,2026-08-04 00:15:00,customer_289@example.com,3,17.0,51.0,US,USD,15550100289
ORD1290,2026-08-04 00:30:00,customer_290@example.com,3,20.0,60.0,US,USD,15550100290
ORD1291,2026-08-04 00:45:00,customer_291@example.com,3,27.0,81.0,US,USD,15550100291
ORD1292,2026-08-04 01:00:00,customer_292@example.com,1,14.0,14.0,US,USD,15550100292
ORD1293,2026-08-04 01:15:00,customer_293@example.com,2,17.0,34.0,US,USD,15550100293
ORD1294,2026-08-04 01:30:00,customer_294@example.com,4,14.0,56.0,US,USD,15550100294
ORD1295,2026-08-04 01:45:00,customer_295@example.com,2,12.0,24.0,US,USD,15550100295
ORD1296,2026-08-04 02:00:00,customer_296@example.com,4,23.0,92.0,US,USD,15550100296
ORD1297,2026-08-04 02:15:00,customer_297@example.com,3,27.0,81.0,US,USD,15550100297
ORD1298,2026-08-04 02:30:00,customer_298@example.com,4,23.0,92.0,US,USD,15550100298
ORD1299,2026-08-04 02:45:00,customer_299@example.com,1,16.0,16.0,US,USD,15550100299
ORD1300,2026-08-04 03:00:00,customer_300@example.com,4,22.0,88.0,US,USD,15550100300
ORD1301,2026-08-04 03:15:00,customer_301@example.com,5,10.0,50.0,US,USD,15550100301
ORD1302,2026-08-04 03:30:00,customer_302@example.com,5,22.0,110.0,US,USD,15550100302
ORD1303,2026-08-04 03:45:00,customer_303@example.com,4,10.0,40.0,US,USD,15550100303
ORD1304,2026-08-04 04:00:00,customer_304@example.com,3,19.0,57.0,US,USD,15550100304
ORD1305,2026-08-04 04:15:00,customer_305@example.com,4,23.0,92.0,US,USD,15550100305
ORD1306,2026-08-04 04:30:00,customer_306@example.com,5,27.0,135.0,US,USD,15550100306
ORD1307,2026-08-04 04:45:00,customer_307@example.com,5,17.0,85.0,US,USD,15550100307
ORD1308,2026-08-04 05:00:00,customer_308@example.com,4,17.0,68.0,US,USD,15550100308
ORD1309,2026-08-04 05:15:00,customer_309@example.com,3,23.0,69.0,US,USD,15550100309
ORD1310,2026-08-04 05:30:00,customer_310@example.com,4,10.0,40.0,US,USD,15550100310
ORD1311,2026-08-04 05:45:00,customer_311@example.com,4,20.0,80.0,US,USD,15550100311
ORD1312,2026-08-04 06:00:00,customer_312@example.com,4,15.0,60.0,US,USD,15550100312
ORD1313,2026-08-04 06:15:00,customer_313@example.com,4,14.0,56.0,US,USD,15550100313
ORD1314,2026-08-04 06:30:00,customer_314@example.com,5,27.0,135.0,US,USD,15550100314
ORD1315,2026-08-04 06:45:00,customer_315@example.com,1,22.0,22.0,US,USD,15550100315
ORD1316,2026-08-04 07:00:00,customer_316@example.com,5,28.0,140.0,US,USD,15550100316
ORD1317,2026-08-04 07:15:00,customer_317@example.com,1,12.0,12.0,US,USD,15550100317
ORD1318,2026-08-04 07:30:00,customer_318@example.com,4,14.0,56.0,US,USD,15550100318
ORD1319,2026-08-04 07:45:00,customer_319@example.com,4,15.0,60.0,US,USD,15550100319
ORD1320,2026-08-04 08:00:00,customer_320@example.com,1,18.0,18.0,US,USD,15550100320
ORD1321,2026-08-04 08:15:00,customer_321@example.com,4,20.0,80.0,US,USD,15550100321
ORD1322,2026-08-04 08:30:00,customer_322@example.com,2,24.0,48.0,US,USD,15550100322
ORD1323,2026-08-04 08:45:00,customer_323@example.com,3,20.0,60.0,US,USD,15550100323
ORD1324,2026-08-04 09:00:00,customer_324@example.com,4,18.0,72.0,US,USD,15550100324
ORD1325,2026-08-04 09:15:00,customer_325@example.com,4,18.0,72.0,US,USD,15550100325
ORD1326,2026-08-04 09:30:00,customer_326@example.com,1,25.0,25.0,US,USD,15550100326
ORD1327,2026-08-04 09:45:00,customer_327@example.com,1,27.0,27.0,US,USD,15550100327
ORD1328,2026-08-04 10:00:00,customer_328@example.com,1,21.0,21.0,US,USD,15550100328
ORD1329,2026-08-04 10:15:00,customer_329@example.com,2,30.0,60.0,US,USD,15550100329
ORD1330,2026-08-04 10:30:00,customer_330@example.com,1,30.0,30.0,US,USD,15550100330
ORD1331,2026-08-04 10:45:00,customer_331@example.com,1,10.0,10.0,US,USD,15550100331
ORD1332,2026-08-04 11:00:00,customer_332@example.com,2,16.0,32.0,US,USD,15550100332
ORD1333,2026-08-04 11:15:00,customer_333@example.com,1,29.0,29.0,US,USD,15550100333
ORD1334,2026-08-04 11:30:00,customer_334@example.com,2,17.0,34.0,US,USD,15550100334
ORD1335,2026-08-04 11:45:00,customer_335@example.com,2,25.0,50.0,US,USD,15550100335
ORD1336,2026-08-04 12:00:00,customer_336@example.com,1,28.0,28.0,US,USD,15550100336
ORD1337,2026-08-04 12:15:00,customer_337@example.com,2,24.0,48.0,US,USD,15550100337
ORD1338,2026-08-04 12:30:00,customer_338@example.com,3,21.0,63.0,US,USD,15550100338
ORD1339,2026-08-04 12:45:00,customer_339@example.com,2,29.0,58.0,US,USD,15550100339
ORD1340,2026-08-04 13:00:00,customer_340@example.com,5,13.0,65.0,US,USD,15550100340
ORD1341,2026-08-04 13:15:00,customer_341@example.com,2,19.0,38.0,US,USD,15550100341
ORD1342,2026-08-04 13:30:00,customer_342@example.com,1,28.0,28.0,US,USD,15550100342
ORD1343,2026-08-04 13:45:00,customer_343@example.com,1,19.0,19.0,US,USD,15550100343
ORD1344,2026-08-04 14:00:00,customer_344@example.com,5,22.0,110.0,US,USD,15550100344
ORD1345,2026-08-04 14:15:00,customer_345@example.com,4,16.0,64.0,US,USD,15550100345
ORD1346,2026-08-04 14:30:00,customer_346@example.com,1,28.0,28.0,US,USD,15550100346
ORD1347,2026-08-04 14:45:00,customer_347@example.com,2,13.0,26.0,US,USD,15550100347
ORD1348,2026-08-04 15:00:00,customer_348@example.com,3,29.0,87.0,US,USD,15550100348
ORD1349,2026-08-04 15:15:00,customer_349@example.com,1,28.0,28.0,US,USD,15550100349
ORD1350,2026-08-04 15:30:00,customer_350@example.com,1,21.0,21.0,US,USD,15550100350
ORD1351,2026-08-04 15:45:00,customer_351@example.com,5,23.0,115.0,US,USD,15550100351
ORD1352,2026-08-04 16:00:00,customer_352@example.com,3,12.0,36.0,US,USD,15550100352
ORD1353,2026-08-04 16:15:00,customer_353@example.com,5,30.0,150.0,US,USD,15550100353
ORD1354,2026-08-04 16:30:00,customer_354@example.com,3,10.0,30.0,US,USD,15550100354
ORD1355,2026-08-04 16:45:00,customer_355@example.com,4,25.0,100.0,US,USD,15550100355
ORD1356,2026-08-04 17:00:00,customer_356@example.com,1,23.0,23.0,US,USD,15550100356
ORD1357,2026-08-04 17:15:00,customer_357@example.com,3,30.0,90.0,US,USD,15550100357
ORD1358,2026-08-04 17:30:00,customer_358@example.com,4,14.0,56.0,US,USD,15550100358
ORD1359,2026-08-04 17:45:00,customer_359@example.com,4,15.0,60.0,US,USD,15550100359
ORD1360,2026-08-04 18:00:00,customer_360@example.com,5,30.0,150.0,US,USD,15550100360
ORD1361,2026-08-04 18:15:00,customer_361@example.com,3,29.0,87.0,US,USD,15550100361
ORD1362,2026-08-04 18:30:00,customer_362@example.com,5,25.0,125.0,US,USD,15550100362
ORD1363,2026-08-04 18:45:00,customer_363@example.com,4,23.0,92.0,US,USD,15550100363
ORD1364,2026-08-04 19:00:00,customer_364@example.com,5,18.0,90.0,US,USD,15550100364
ORD1365,2026-08-04 19:15:00,customer_365@example.com,3,17.0,51.0,US,USD,15550100365
ORD1366,2026-08-04 19:30:00,customer_366@example.com,1,18.0,18.0,US,USD,15550100366
ORD1367,2026-08-04 19:45:00,customer_367@example.com,4,17.0,68.0,US,USD,15550100367
ORD1368,2026-08-04 20:00:00,customer_368@example.com,4,28.0,112.0,US,USD,15550100368
ORD1369,2026-08-04 20:15:00,customer_369@example.com,5,22.0,110.0,US,USD,15550100369
ORD1370,2026-08-04 20:30:00,customer_370@example.com,3,10.0,30.0,US,USD,15550100370
ORD1371,2026-08-04 20:45:00,customer_371@example.com,4,20.0,80.0,US,USD,15550100371
ORD1372,2026-08-04 21:00:00,customer_372@example.com,2,25.0,50.0,US,USD,15550100372
ORD1373,2026-08-04 21:15:00,customer_373@example.com,2,21.0,42.0,US,USD,15550100373
ORD1374,2026-08-04 21:30:00,customer_374@example.com,3,20.0,60.0,US,USD,15550100374
ORD1375,2026-08-04 21:45:00,customer_375@example.com,3,29.0,87.0,US,USD,15550100375
ORD1376,2026-08-04 22:00:00,customer_376@example.com,3,27.0,81.0,US,USD,15550100376
ORD1377,2026-08-04 22:15:00,customer_377@example.com,1,26.0,26.0,US,USD,15550100377
ORD1378,2026-08-04 22:30:00,customer_378@example.com,2,12.0,24.0,US,USD,15550100378
ORD1379,2026-08-04 22:45:00,customer_379@example.com,2,23.0,46.0,US,USD,15550100379
ORD1380,2026-08-04 23:00:00,customer_380@example.com,4,27.0,108.0,US,USD,15550100380
ORD1381,2026-08-04 23:15:00,customer_381@example.com,2,25.0,50.0,US,USD,15550100381
ORD1382,2026-08-04 23:30:00,customer_382@example.com,4,24.0,96.0,US,USD,15550100382
ORD1383,2026-08-04 23:45:00,customer_383@example.com,1,12.0,12.0,US,USD,15550100383
ORD1384,2026-08-05 00:00:00,customer_384@example.com,3,17.0,51.0,US,USD,15550100384
ORD1385,2026-08-05 00:15:00,customer_385@example.com,4,17.0,68.0,US,USD,15550100385
ORD1386,2026-08-05 00:30:00,customer_386@example.com,3,28.0,84.0,US,USD,15550100386
ORD1387,2026-08-05 00:45:00,customer_387@example.com,3,25.0,75.0,US,USD,15550100387
ORD1388,2026-08-05 01:00:00,customer_388@example.com,5,26.0,130.0,US,USD,15550100388
ORD1389,2026-08-05 01:15:00,customer_389@example.com,3,23.0,69.0,US,USD,15550100389
ORD1390,2026-08-05 01:30:00,customer_390@example.com,5,20.0,100.0,US,USD,15550100390
ORD1391,2026-08-05 01:45:00,customer_391@example.com,3,24.0,72.0,US,USD,15550100391
ORD1392,2026-08-05 02:00:00,customer_392@example.com,3,19.0,57.0,US,USD,15550100392
ORD1393,2026-08-05 02:15:00,customer_393@example.com,3,17.0,51.0,US,USD,15550100393
ORD1394,2026-08-05 02:30:00,customer_394@example.com,1,16.0,16.0,US,USD,15550100394
ORD1395,2026-08-05 02:45:00,customer_395@example.com,3,13.0,39.0,US,USD,15550100395
ORD1396,2026-08-05 03:00:00,customer_396@example.com,5,15.0,75.0,US,USD,15550100396
ORD1397,2026-08-05 03:15:00,customer_397@example.com,2,16.0,32.0,US,USD,15550100397
ORD1398,2026-08-05 03:30:00,customer_398@example.com,4,18.0,72.0,US,USD,15550100398
ORD1399,2026-08-05 03:45:00,customer_399@example.com,5,26.0,130.0,US,USD,15550100399
ORD1400,2026-08-05 04:00:00,customer_400@example.com,5,19.0,95.0,US,USD,15550100400
ORD1401,2026-08-05 04:15:00,customer_401@example.com,1,16.0,16.0,US,USD,15550100401
ORD1402,2026-08-05 04:30:00,customer_402@example.com,3,17.0,51.0,US,USD,15550100402
ORD1403,2026-08-05 04:45:00,customer_403@example.com,3,15.0,45.0,US,USD,15550100403
ORD1404,2026-08-05 05:00:00,customer_404@example.com,3,10.0,30.0,US,USD,15550100404
ORD1405,2026-08-05 05:15:00,customer_405@example.com,5,14.0,70.0,US,USD,15550100405
ORD1406,2026-08-05 05:30:00,customer_406@example.com,3,11.0,33.0,US,USD,15550100406
ORD1407,2026-08-05 05:45:00,customer_407@example.com,1,27.0,27.0,US,USD,15550100407
ORD1408,2026-08-05 06:00:00,customer_408@example.com,3,14.0,42.0,US,USD,15550100408
ORD1409,2026-08-05 06:15:00,customer_409@example.com,4,13.0,52.0,US,USD,15550100409
ORD1410,2026-08-05 06:30:00,customer_410@example.com,1,28.0,28.0,US,USD,15550100410
ORD1411,2026-08-05 06:45:00,customer_411@example.com,3,25.0,75.0,US,USD,15550100411
ORD1412,2026-08-05 07:00:00,customer_412@example.com,4,24.0,96.0,US,USD,15550100412
ORD1413,2026-08-05 07:15:00,customer_413@example.com,3,15.0,45.0,US,USD,15550100413
ORD1414,2026-08-05 07:30:00,customer_414@example.com,1,18.0,18.0,US,USD,15550100414
ORD1415,2026-08-05 07:45:00,customer_415@example.com,4,13.0,52.0,US,USD,15550100415
ORD1416,2026-08-05 08:00:00,customer_416@example.com,1,22.0,22.0,US,USD,15550100416
ORD1417,2026-08-05 08:15:00,customer_417@example.com,4,12.0,48.0,US,USD,15550100417
ORD1418,2026-08-05 08:30:00,customer_418@example.com,5,30.0,150.0,US,USD,15550100418
ORD1419,2026-08-05 08:45:00,customer_419@example.com,1,14.0,14.0,US,USD,15550100419
ORD1420,2026-08-05 09:00:00,customer_420@example.com,2,28.0,56.0,US,USD,15550100420
ORD1421,2026-08-05 09:15:00,customer_421@example.com,3,12.0,36.0,US,USD,15550100421
ORD1422,2026-08-05 09:30:00,customer_422@example.com,2,13.0,26.0,US,USD,15550100422
ORD1423,2026-08-05 09:45:00,customer_423@example.com,5,23.0,115.0,US,USD,15550100423
ORD1424,2026-08-05 10:00:00,customer_424@example.com,5,29.0,145.0,US,USD,15550100424
ORD1425,2026-08-05 10:15:00,customer_425@example.com,5,17.0,85.0,US,USD,15550100425
ORD1426,2026-08-05 10:30:00,customer_426@example.com,5,22.0,110.0,US,USD,15550100426
ORD1427,2026-08-05 10:45:00,customer_427@example.com,4,24.0,96.0,US,USD,15550100427
ORD1428,2026-08-05 11:00:00,customer_428@example.com,3,28.0,84.0,US,USD,15550100428
ORD1429,2026-08-05 11:15:00,customer_429@example.com,4,19.0,76.0,US,USD,15550100429
ORD1430,2026-08-05 11:30:00,customer_430@example.com,5,29.0,145.0,US,USD,15550100430
ORD1431,2026-08-05 11:45:00,customer_431@example.com,1,29.0,29.0,US,USD,15550100431
ORD1432,2026-08-05 12:00:00,customer_432@example.com,1,16.0,16.0,US,USD,15550100432
ORD1433,2026-08-05 12:15:00,customer_433@example.com,2,18.0,36.0,US,USD,15550100433
ORD1434,2026-08-05 12:30:00,customer_434@example.com,1,15.0,15.0,US,USD,15550100434
ORD1435,2026-08-05 12:45:00,customer_435@example.com,2,15.0,30.0,US,USD,15550100435
ORD1436,2026-08-05 13:00:00,customer_436@example.com,5,12.0,60.0,US,USD,15550100436
ORD1437,2026-08-05 13:15:00,customer_437@example.com,2,10.0,20.0,US,USD,15550100437
ORD1438,2026-08-05 13:30:00,customer_438@example.com,4,24.0,96.0,US,USD,15550100438
ORD1439,2026-08-05 13:45:00,customer_439@example.com,5,25.0,125.0,US,USD,15550100439
ORD1440,2026-08-05 14:00:00,customer_440@example.com,3,11.0,33.0,US,USD,15550100440
ORD1441,2026-08-05 14:15:00,customer_441@example.com,2,19.0,38.0,US,USD,15550100441
ORD1442,2026-08-05 14:30:00,customer_442@example.com,3,24.0,72.0,US,USD,15550100442
ORD1443,2026-08-05 14:45:00,customer_443@example.com,1,17.0,17.0,US,USD,15550100443
ORD1444,2026-08-05 15:00:00,customer_444@example.com,3,30.0,90.0,US,USD,15550100444
ORD1445,2026-08-05 15:15:00,customer_445@example.com,5,16.0,80.0,US,USD,15550100445
ORD1446,2026-08-05 15:30:00,customer_446@example.com,4,13.0,52.0,US,USD,15550100446
ORD1447,2026-08-05 15:45:00,customer_447@example.com,5,17.0,85.0,US,USD,15550100447
ORD1448,2026-08-05 16:00:00,customer_448@example.com,2,18.0,36.0,US,USD,15550100448
ORD1449,2026-08-05 16:15:00,customer_449@example.com,2,12.0,24.0,US,USD,15550100449
ORD1450,2026-08-05 16:30:00,customer_450@example.com,1,15.0,15.0,US,USD,15550100450
ORD1451,2026-08-05 16:45:00,customer_451@example.com,3,29.0,87.0,US,USD,15550100451
ORD1452,2026-08-05 17:00:00,customer_452@example.com,5,19.0,95.0,US,USD,15550100452
ORD1453,2026-08-05 17:15:00,customer_453@example.com,4,13.0,52.0,US,USD,15550100453
ORD1454,2026-08-05 17:30:00,customer_454@example.com,4,19.0,76.0,US,USD,15550100454
ORD1455,2026-08-05 17:45:00,customer_455@example.com,4,18.0,72.0,US,USD,15550100455
ORD1456,2026-08-05 18:00:00,customer_456@example.com,5,27.0,135.0,US,USD,15550100456
ORD1457,2026-08-05 18:15:00,customer_457@example.com,4,24.0,96.0,US,USD,15550100457
ORD1458,2026-08-05 18:30:00,customer_458@example.com,1,29.0,29.0,US,USD,15550100458
ORD1459,2026-08-05 18:45:00,customer_459@example.com,1,23.0,23.0,US,USD,15550100459
ORD1460,2026-08-05 19:00:00,customer_460@example.com,3,29.0,87.0,US,USD,15550100460
ORD1461,2026-08-05 19:15:00,customer_461@example.com,3,10.0,30.0,US,USD,15550100461
ORD1462,2026-08-05 19:30:00,customer_462@example.com,1,17.0,17.0,US,USD,15550100462
ORD1463,2026-08-05 19:45:00,customer_463@example.com,5,28.0,140.0,US,USD,15550100463
ORD1464,2026-08-05 20:00:00,customer_464@example.com,1,18.0,18.0,US,USD,15550100464
ORD1465,2026-08-05 20:15:00,customer_465@example.com,5,11.0,55.0,US,USD,15550100465
ORD1466,2026-08-05 20:30:00,customer_466@example.com,2,25.0,50.0,US,USD,15550100466
ORD1467,2026-08-05 20:45:00,customer_467@example.com,5,30.0,150.0,US,USD,15550100467
ORD1468,2026-08-05 21:00:00,customer_468@example.com,4,18.0,72.0,US,USD,15550100468
ORD1469,2026-08-05 21:15:00,customer_469@example.com,2,28.0,56.0,US,USD,15550100469
ORD1470,2026-08-05 21:30:00,customer_470@example.com,4,30.0,120.0,US,USD,15550100470
ORD1471,2026-08-05 21:45:00,customer_471@example.com,4,12.0,48.0,US,USD,15550100471
ORD1472,2026-08-05 22:00:00,customer_472@example.com,4,21.0,84.0,US,USD,15550100472
ORD1473,2026-08-05 22:15:00,customer_473@example.com,4,20.0,80.0,US,USD,15550100473
ORD1474,2026-08-05 22:30:00,customer_474@example.com,3,13.0,39.0,US,USD,15550100474
ORD1475,2026-08-05 22:45:00,customer_475@example.com,2,20.0,40.0,US,USD,15550100475
ORD1476,2026-08-05 23:00:00,customer_476@example.com,4,25.0,100.0,US,USD,15550100476
ORD1477,2026-08-05 23:15:00,customer_477@example.com,3,22.0,66.0,US,USD,15550100477
ORD1478,2026-08-05 23:30:00,customer_478@example.com,5,11.0,55.0,US,USD,15550100478
ORD1479,2026-08-05 23:45:00,customer_479@example.com,4,12.0,48.0,US,USD,15550100479
ORD1480,2026-08-06 00:00:00,customer_480@example.com,3,18.0,54.0,US,USD,15550100480
ORD1481,2026-08-06 00:15:00,customer_481@example.com,3,13.0,39.0,US,USD,15550100481
ORD1482,2026-08-06 00:30:00,customer_482@example.com,4,26.0,104.0,US,USD,15550100482
ORD1483,2026-08-06 00:45:00,customer_483@example.com,1,27.0,27.0,US,USD,15550100483
ORD1484,2026-08-06 01:00:00,customer_484@example.com,4,23.0,92.0,US,USD,15550100484
ORD1485,2026-08-06 01:15:00,customer_485@example.com,1,16.0,16.0,US,USD,15550100485
ORD1486,2026-08-06 01:30:00,customer_486@example.com,5,21.0,105.0,US,USD,15550100486
ORD1487,2026-08-06 01:45:00,customer_487@example.com,5,25.0,125.0,US,USD,15550100487
ORD1488,2026-08-06 02:00:00,customer_488@example.com,4,11.0,44.0,US,USD,15550100488
ORD1489,2026-08-06 02:15:00,customer_489@example.com,2,18.0,36.0,US,USD,15550100489
ORD1490,2026-08-06 02:30:00,customer_490@example.com,5,14.0,70.0,US,USD,15550100490
ORD1491,2026-08-06 02:45:00,customer_491@example.com,3,24.0,72.0,US,USD,15550100491
ORD1492,2026-08-06 03:00:00,customer_492@example.com,4,13.0,52.0,US,USD,15550100492
ORD1493,2026-08-06 03:15:00,customer_493@example.com,1,30.0,30.0,US,USD,15550100493
ORD1494,2026-08-06 03:30:00,customer_494@example.com,5,17.0,85.0,US,USD,15550100494
ORD1495,2026-08-06 03:45:00,customer_495@example.com,2,19.0,38.0,US,USD,15550100495
ORD1496,2026-08-06 04:00:00,customer_496@example.com,5,10.0,50.0,US,USD,15550100496
ORD1497,2026-08-06 04:15:00,customer_497@example.com,5,23.0,115.0,US,USD,15550100497
ORD1498,2026-08-06 04:30:00,customer_498@example.com,1,17.0,17.0,US,USD,15550100498
ORD1499,2026-08-06 04:45:00,customer_499@example.com,1,24.0,24.0,US,USD,15550100499
ORD1500,2026-08-06 05:00:00,customer_500@example.com,1,30.0,30.0,US,USD,15550100500
ORD1501,2026-08-06 05:15:00,customer_501@example.com,2,25.0,50.0,US,USD,15550100501
ORD1502,2026-08-06 05:30:00,customer_502@example.com,3,26.0,78.0,US,USD,15550100502
ORD1503,2026-08-06 05:45:00,customer_503@example.com,3,23.0,69.0,US,USD,15550100503
ORD1504,2026-08-06 06:00:00,customer_504@example.com,4,25.0,100.0,US,USD,15550100504
ORD1505,2026-08-06 06:15:00,customer_505@example.com,2,24.0,48.0,US,USD,15550100505
ORD1506,2026-08-06 06:30:00,customer_506@example.com,5,14.0,70.0,US,USD,15550100506
ORD1507,2026-08-06 06:45:00,customer_507@example.com,4,16.0,64.0,US,USD,15550100507
ORD1508,2026-08-06 07:00:00,customer_508@example.com,5,26.0,130.0,US,USD,15550100508
ORD1509,2026-08-06 07:15:00,customer_509@example.com,2,12.0,24.0,US,USD,15550100509
ORD1510,2026-08-06 07:30:00,customer_510@example.com,3,23.0,69.0,US,USD,15550100510
ORD1511,2026-08-06 07:45:00,customer_511@example.com,3,26.0,78.0,US,USD,15550100511
ORD1512,2026-08-06 08:00:00,customer_512@example.com,3,10.0,30.0,US,USD,15550100512
ORD1513,2026-08-06 08:15:00,customer_513@example.com,3,19.0,57.0,US,USD,15550100513
ORD1514,2026-08-06 08:30:00,customer_514@example.com,5,28.0,140.0,US,USD,15550100514
ORD1515,2026-08-06 08:45:00,customer_515@example.com,4,14.0,56.0,US,USD,15550100515
ORD1516,2026-08-06 09:00:00,customer_516@example.com,4,27.0,108.0,US,USD,15550100516
ORD1517,2026-08-06 09:15:00,customer_517@example.com,4,21.0,84.0,US,USD,15550100517
ORD1518,2026-08-06 09:30:00,customer_518@example.com,3,27.0,81.0,US,USD,15550100518
ORD1519,2026-08-06 09:45:00,customer_519@example.com,5,22.0,110.0,US,USD,15550100519
ORD1520,2026-08-06 10:00:00,customer_520@example.com,4,20.0,80.0,US,USD,15550100520
ORD1521,2026-08-06 10:15:00,customer_521@example.com,2,17.0,34.0,US,USD,15550100521
ORD1522,2026-08-06 10:30:00,customer_522@example.com,5,22.0,110.0,US,USD,15550100522
ORD1523,2026-08-06 10:45:00,customer_523@example.com,2,23.0,46.0,US,USD,15550100523
ORD1524,2026-08-06 11:00:00,customer_524@example.com,1,20.0,20.0,US,USD,15550100524
ORD1525,2026-08-06 11:15:00,customer_525@example.com,4,22.0,88.0,US,USD,15550100525
ORD1526,2026-08-06 11:30:00,customer_526@example.com,4,30.0,120.0,US,USD,15550100526
ORD1527,2026-08-06 11:45:00,customer_527@example.com,2,25.0,50.0,US,USD,15550100527
ORD1528,2026-08-06 12:00:00,customer_528@example.com,1,14.0,14.0,US,USD,15550100528
ORD1529,2026-08-06 12:15:00,customer_529@example.com,5,28.0,140.0,US,USD,15550100529
ORD1530,2026-08-06 12:30:00,customer_530@example.com,3,13.0,39.0,US,USD,15550100530
ORD1531,2026-08-06 12:45:00,customer_531@example.com,4,13.0,52.0,US,USD,15550100531
ORD1532,2026-08-06 13:00:00,customer_532@example.com,5,24.0,120.0,US,USD,15550100532
ORD1533,2026-08-06 13:15:00,customer_533@example.com,1,14.0,14.0,US,USD,15550100533
ORD1534,2026-08-06 13:30:00,customer_534@example.com,4,30.0,120.0,US,USD,15550100534
ORD1535,2026-08-06 13:45:00,customer_535@example.com,2,12.0,24.0,US,USD,15550100535
ORD1536,2026-08-06 14:00:00,customer_536@example.com,4,18.0,72.0,US,USD,15550100536
ORD1537,2026-08-06 14:15:00,customer_537@example.com,3,29.0,87.0,US,USD,15550100537
ORD1538,2026-08-06 14:30:00,customer_538@example.com,4,30.0,120.0,US,USD,15550100538
ORD1539,2026-08-06 14:45:00,customer_539@example.com,1,20.0,20.0,US,USD,15550100539
ORD1540,2026-08-06 15:00:00,customer_540@example.com,5,22.0,110.0,US,USD,15550100540
ORD1541,2026-08-06 15:15:00,customer_541@example.com,3,30.0,90.0,US,USD,15550100541
ORD1542,2026-08-06 15:30:00,customer_542@example.com,4,27.0,108.0,US,USD,15550100542
ORD1543,2026-08-06 15:45:00,customer_543@example.com,1,29.0,29.0,US,USD,15550100543
ORD1544,2026-08-06 16:00:00,customer_544@example.com,1,17.0,17.0,US,USD,15550100544
ORD1545,2026-08-06 16:15:00,customer_545@example.com,3,17.0,51.0,US,USD,15550100545
ORD1546,2026-08-06 16:30:00,customer_546@example.com,1,23.0,23.0,US,USD,15550100546
ORD1547,2026-08-06 16:45:00,customer_547@example.com,1,30.0,30.0,US,USD,15550100547
ORD1548,2026-08-06 17:00:00,customer_548@example.com,1,24.0,24.0,US,USD,15550100548
ORD1549,2026-08-06 17:15:00,customer_549@example.com,2,19.0,38.0,US,USD,15550100549
ORD1550,2026-08-06 17:30:00,customer_550@example.com,1,11.0,11.0,US,USD,15550100550
ORD1551,2026-08-06 17:45:00,customer_551@example.com,3,11.0,33.0,US,USD,15550100551
ORD1552,2026-08-06 18:00:00,customer_552@example.com,3,21.0,63.0,US,USD,15550100552
ORD1553,2026-08-06 18:15:00,customer_553@example.com,3,23.0,69.0,US,USD,15550100553
ORD1554,2026-08-06 18:30:00,customer_554@example.com,2,17.0,34.0,US,USD,15550100554
ORD1555,2026-08-06 18:45:00,customer_555@example.com,5,23.0,115.0,US,USD,15550100555
ORD1556,2026-08-06 19:00:00,customer_556@example.com,5,15.0,75.0,US,USD,15550100556
ORD1557,2026-08-06 19:15:00,customer_557@example.com,2,15.0,30.0,US,USD,15550100557
ORD1558,2026-08-06 19:30:00,customer_558@example.com,1,29.0,29.0,US,USD,15550100558
ORD1559,2026-08-06 19:45:00,customer_559@example.com,4,29.0,116.0,US,USD,15550100559
ORD1560,2026-08-06 20:00:00,customer_560@example.com,2,25.0,50.0,US,USD,15550100560
ORD1561,2026-08-06 20:15:00,customer_561@example.com,5,14.0,70.0,US,USD,15550100561
ORD1562,2026-08-06 20:30:00,customer_562@example.com,2,24.0,48.0,US,USD,15550100562
ORD1563,2026-08-06 20:45:00,customer_563@example.com,3,24.0,72.0,US,USD,15550100563
ORD1564,2026-08-06 21:00:00,customer_564@example.com,3,10.0,30.0,US,USD,15550100564
ORD1565,2026-08-06 21:15:00,customer_565@example.com,4,19.0,76.0,US,USD,15550100565
ORD1566,2026-08-06 21:30:00,customer_566@example.com,5,15.0,75.0,US,USD,15550100566
ORD1567,2026-08-06 21:45:00,customer_567@example.com,1,24.0,24.0,US,USD,15550100567
ORD1568,2026-08-06 22:00:00,customer_568@example.com,3,28.0,84.0,US,USD,15550100568
ORD1569,2026-08-06 22:15:00,customer_569@example.com,3,30.0,90.0,US,USD,15550100569
ORD1570,2026-08-06 22:30:00,customer_570@example.com,4,18.0,72.0,US,USD,15550100570
ORD1571,2026-08-06 22:45:00,customer_571@example.com,4,19.0,76.0,US,USD,15550100571
ORD1572,2026-08-06 23:00:00,customer_572@example.com,2,22.0,44.0,US,USD,15550100572
ORD1573,2026-08-06 23:15:00,customer_573@example.com,4,13.0,52.0,US,USD,15550100573
ORD1574,2026-08-06 23:30:00,customer_574@example.com,2,22.0,44.0,US,USD,15550100574
ORD1575,2026-08-06 23:45:00,customer_575@example.com,5,21.0,105.0,US,USD,15550100575
ORD1576,2026-08-07 00:00:00,customer_576@example.com,5,19.0,95.0,US,USD,15550100576
ORD1577,2026-08-07 00:15:00,customer_577@example.com,3,10.0,30.0,US,USD,15550100577
ORD1578,2026-08-07 00:30:00,customer_578@example.com,4,18.0,72.0,US,USD,15550100578
ORD1579,2026-08-07 00:45:00,customer_579@example.com,1,28.0,28.0,US,USD,15550100579
ORD1580,2026-08-07 01:00:00,customer_580@example.com,1,29.0,29.0,US,USD,15550100580
ORD1581,2026-08-07 01:15:00,customer_581@example.com,4,19.0,76.0,US,USD,15550100581
ORD1582,2026-08-07 01:30:00,customer_582@example.com,2,29.0,58.0,US,USD,15550100582
ORD1583,2026-08-07 01:45:00,customer_583@example.com,3,17.0,51.0,US,USD,15550100583
ORD1584,2026-08-07 02:00:00,customer_584@example.com,2,29.0,58.0,US,USD,15550100584
ORD1585,2026-08-07 02:15:00,customer_585@example.com,3,14.0,42.0,US,USD,15550100585
ORD1586,2026-08-07 02:30:00,customer_586@example.com,1,30.0,30.0,US,USD,15550100586
ORD1587,2026-08-07 02:45:00,customer_587@example.com,1,19.0,19.0,US,USD,15550100587
ORD1588,2026-08-07 03:00:00,customer_588@example.com,4,11.0,44.0,US,USD,15550100588
ORD1589,2026-08-07 03:15:00,customer_589@example.com,5,21.0,105.0,US,USD,15550100589
ORD1590,2026-08-07 03:30:00,customer_590@example.com,2,12.0,24.0,US,USD,15550100590
ORD1591,2026-08-07 03:45:00,customer_591@example.com,3,20.0,60.0,US,USD,15550100591
ORD1592,2026-08-07 04:00:00,customer_592@example.com,4,15.0,60.0,US,USD,15550100592
ORD1593,2026-08-07 04:15:00,customer_593@example.com,2,14.0,28.0,US,USD,15550100593
ORD1594,2026-08-07 04:30:00,customer_594@example.com,5,21.0,105.0,US,USD,15550100594
ORD1595,2026-08-07 04:45:00,customer_595@example.com,5,26.0,130.0,US,USD,15550100595
ORD1596,2026-08-07 05:00:00,customer_596@example.com,3,15.0,45.0,US,USD,15550100596
ORD1597,2026-08-07 05:15:00,customer_597@example.com,3,25.0,75.0,US,USD,15550100597
ORD1598,2026-08-07 05:30:00,customer_598@example.com,3,20.0,60.0,US,USD,15550100598
ORD1599,2026-08-07 05:45:00,customer_599@example.com,1,24.0,24.0,US,USD,15550100599
ORD1600,2026-08-07 06:00:00,customer_600@example.com,1,14.0,14.0,US,USD,15550100600
ORD1601,2026-08-07 06:15:00,customer_601@example.com,2,22.0,44.0,US,USD,15550100601
ORD1602,2026-08-07 06:30:00,customer_602@example.com,5,21.0,105.0,US,USD,15550100602
ORD1603,2026-08-07 06:45:00,customer_603@example.com,1,22.0,22.0,US,USD,15550100603
ORD1604,2026-08-07 07:00:00,customer_604@example.com,1,18.0,18.0,US,USD,15550100604
ORD1605,2026-08-07 07:15:00,customer_605@example.com,5,13.0,65.0,US,USD,15550100605
ORD1606,2026-08-07 07:30:00,customer_606@example.com,4,21.0,84.0,US,USD,15550100606
ORD1607,2026-08-07 07:45:00,customer_607@example.com,3,28.0,84.0,US,USD,15550100607
ORD1608,2026-08-07 08:00:00,customer_608@example.com,4,30.0,120.0,US,USD,15550100608
ORD1609,2026-08-07 08:15:00,customer_609@example.com,3,13.0,39.0,US,USD,15550100609
ORD1610,2026-08-07 08:30:00,customer_610@example.com,2,25.0,50.0,US,USD,15550100610
ORD1611,2026-08-07 08:45:00,customer_611@example.com,1,29.0,29.0,US,USD,15550100611
ORD1612,2026-08-07 09:00:00,customer_612@example.com,5,20.0,100.0,US,USD,15550100612
ORD1613,2026-08-07 09:15:00,customer_613@example.com,5,17.0,85.0,US,USD,15550100613
ORD1614,2026-08-07 09:30:00,customer_614@example.com,1,30.0,30.0,US,USD,15550100614
ORD1615,2026-08-07 09:45:00,customer_615@example.com,4,19.0,76.0,US,USD,15550100615
ORD1616,2026-08-07 10:00:00,customer_616@example.com,4,13.0,52.0,US,USD,15550100616
ORD1617,2026-08-07 10:15:00,customer_617@example.com,2,11.0,22.0,US,USD,15550100617
ORD1618,2026-08-07 10:30:00,customer_618@example.com,1,19.0,19.0,US,USD,15550100618
ORD1619,2026-08-07 10:45:00,customer_619@example.com,4,13.0,52.0,US,USD,15550100619
ORD1620,2026-08-07 11:00:00,customer_620@example.com,1,17.0,17.0,US,USD,15550100620
ORD1621,2026-08-07 11:15:00,customer_621@example.com,5,14.0,70.0,US,USD,15550100621
ORD1622,2026-08-07 11:30:00,customer_622@example.com,4,24.0,96.0,US,USD,15550100622
ORD1623,2026-08-07 11:45:00,customer_623@example.com,3,27.0,81.0,US,USD,15550100623
ORD1624,2026-08-07 12:00:00,customer_624@example.com,4,28.0,112.0,US,USD,15550100624
ORD1625,2026-08-07 12:15:00,customer_625@example.com,2,23.0,46.0,US,USD,15550100625
ORD1626,2026-08-07 12:30:00,customer_626@example.com,1,25.0,25.0,US,USD,15550100626
ORD1627,2026-08-07 12:45:00,customer_627@example.com,5,23.0,115.0,US,USD,15550100627
ORD1628,2026-08-07 13:00:00,customer_628@example.com,3,11.0,33.0,US,USD,15550100628
ORD1629,2026-08-07 13:15:00,customer_629@example.com,3,16.0,48.0,US,USD,15550100629
ORD1630,2026-08-07 13:30:00,customer_630@example.com,4,24.0,96.0,US,USD,15550100630
ORD1631,2026-08-07 13:45:00,customer_631@example.com,2,21.0,42.0,US,USD,15550100631
ORD1632,2026-08-07 14:00:00,customer_632@example.com,1,21.0,21.0,US,USD,15550100632
ORD1633,2026-08-07 14:15:00,customer_633@example.com,5,30.0,150.0,US,USD,15550100633
ORD1634,2026-08-07 14:30:00,customer_634@example.com,3,11.0,33.0,US,USD,15550100634
ORD1635,2026-08-07 14:45:00,customer_635@example.com,4,18.0,72.0,US,USD,15550100635
ORD1636,2026-08-07 15:00:00,customer_636@example.com,2,13.0,26.0,US,USD,15550100636
ORD1637,2026-08-07 15:15:00,customer_637@example.com,4,12.0,48.0,US,USD,15550100637
ORD1638,2026-08-07 15:30:00,customer_638@example.com,2,30.0,60.0,US,USD,15550100638
ORD1639,2026-08-07 15:45:00,customer_639@example.com,5,10.0,50.0,US,USD,15550100639
ORD1640,2026-08-07 16:00:00,customer_640@example.com,1,20.0,20.0,US,USD,15550100640
ORD1641,2026-08-07 16:15:00,customer_641@example.com,2,14.0,28.0,US,USD,15550100641
ORD1642,2026-08-07 16:30:00,customer_642@example.com,5,16.0,80.0,US,USD,15550100642
ORD1643,2026-08-07 16:45:00,customer_643@example.com,1,27.0,27.0,US,USD,15550100643
ORD1644,2026-08-07 17:00:00,customer_644@example.com,2,28.0,56.0,US,USD,15550100644
ORD1645,2026-08-07 17:15:00,customer_645@example.com,2,17.0,34.0,US,USD,15550100645
ORD1646,2026-08-07 17:30:00,customer_646@example.com,3,14.0,42.0,US,USD,15550100646
ORD1647,2026-08-07 17:45:00,customer_647@example.com,5,10.0,50.0,US,USD,15550100647
ORD1648,2026-08-07 18:00:00,customer_648@example.com,3,14.0,42.0,US,USD,15550100648
ORD1649,2026-08-07 18:15:00,customer_649@example.com,2,27.0,54.0,US,USD,15550100649
ORD1650,2026-08-07 18:30:00,customer_650@example.com,3,15.0,45.0,US,USD,15550100650
ORD1651,2026-08-07 18:45:00,customer_651@example.com,1,10.0,10.0,US,USD,15550100651
ORD1652,2026-08-07 19:00:00,customer_652@example.com,2,10.0,20.0,US,USD,15550100652
ORD1653,2026-08-07 19:15:00,customer_653@example.com,3,17.0,51.0,US,USD,15550100653
ORD1654,2026-08-07 19:30:00,customer_654@example.com,5,20.0,100.0,US,USD,15550100654
ORD1655,2026-08-07 19:45:00,customer_655@example.com,1,15.0,15.0,US,USD,15550100655
ORD1656,2026-08-07 20:00:00,customer_656@example.com,3,11.0,33.0,US,USD,15550100656
ORD1657,2026-08-07 20:15:00,customer_657@example.com,2,23.0,46.0,US,USD,15550100657
ORD1658,2026-08-07 20:30:00,customer_658@example.com,5,13.0,65.0,US,USD,15550100658
ORD1659,2026-08-07 20:45:00,customer_659@example.com,1,25.0,25.0,US,USD,15550100659
ORD1660,2026-08-07 21:00:00,customer_660@example.com,4,21.0,84.0,US,USD,15550100660
ORD1661,2026-08-07 21:15:00,customer_661@example.com,5,28.0,140.0,US,USD,15550100661
ORD1662,2026-08-07 21:30:00,customer_662@example.com,1,24.0,24.0,US,USD,15550100662
ORD1663,2026-08-07 21:45:00,customer_663@example.com,5,17.0,85.0,US,USD,15550100663
ORD1664,2026-08-07 22:00:00,customer_664@example.com,5,11.0,55.0,US,USD,15550100664
ORD1665,2026-08-07 22:15:00,customer_665@example.com,5,19.0,95.0,US,USD,15550100665
ORD1666,2026-08-07 22:30:00,customer_666@example.com,4,30.0,120.0,US,USD,15550100666
ORD1667,2026-08-07 22:45:00,customer_667@example.com,1,11.0,11.0,US,USD,15550100667
ORD1668,2026-08-07 23:00:00,customer_668@example.com,4,22.0,88.0,US,USD,15550100668
ORD1669,2026-08-07 23:15:00,customer_669@example.com,4,13.0,52.0,US,USD,15550100669
ORD1670,2026-08-07 23:30:00,customer_670@example.com,4,24.0,96.0,US,USD,15550100670
ORD1671,2026-08-07 23:45:00,customer_671@example.com,1,12.0,12.0,US,USD,15550100671
ORD1672,2026-08-08 00:00:00,customer_672@example.com,3,29.0,87.0,US,USD,15550100672
ORD1673,2026-08-08 00:15:00,customer_673@example.com,2,12.0,24.0,US,USD,15550100673
ORD1674,2026-08-08 00:30:00,customer_674@example.com,2,18.0,36.0,US,USD,15550100674
ORD1675,2026-08-08 00:45:00,customer_675@example.com,5,30.0,150.0,US,USD,15550100675
ORD1676,2026-08-08 01:00:00,customer_676@example.com,5,27.0,135.0,US,USD,15550100676
ORD1677,2026-08-08 01:15:00,customer_677@example.com,3,22.0,66.0,US,USD,15550100677
ORD1678,2026-08-08 01:30:00,customer_678@example.com,5,26.0,130.0,US,USD,15550100678
ORD1679,2026-08-08 01:45:00,customer_679@example.com,3,24.0,72.0,US,USD,15550100679
ORD1680,2026-08-08 02:00:00,customer_680@example.com,5,29.0,145.0,US,USD,15550100680
ORD1681,2026-08-08 02:15:00,customer_681@example.com,4,13.0,52.0,US,USD,15550100681
ORD1682,2026-08-08 02:30:00,customer_682@example.com,1,30.0,30.0,US,USD,15550100682
ORD1683,2026-08-08 02:45:00,customer_683@example.com,5,16.0,80.0,US,USD,15550100683
ORD1684,2026-08-08 03:00:00,customer_684@example.com,4,24.0,96.0,US,USD,15550100684
ORD1685,2026-08-08 03:15:00,customer_685@example.com,2,23.0,46.0,US,USD,15550100685
ORD1686,2026-08-08 03:30:00,customer_686@example.com,3,24.0,72.0,US,USD,15550100686
ORD1687,2026-08-08 03:45:00,customer_687@example.com,4,23.0,92.0,US,USD,15550100687
ORD1688,2026-08-08 04:00:00,customer_688@example.com,1,20.0,20.0,US,USD,15550100688
ORD1689,2026-08-08 04:15:00,customer_689@example.com,4,20.0,80.0,US,USD,15550100689
ORD1690,2026-08-08 04:30:00,customer_690@example.com,3,21.0,63.0,US,USD,15550100690
ORD1691,2026-08-08 04:45:00,customer_691@example.com,2,25.0,50.0,US,USD,15550100691
ORD1692,2026-08-08 05:00:00,customer_692@example.com,1,12.0,12.0,US,USD,15550100692
ORD1693,2026-08-08 05:15:00,customer_693@example.com,1,12.0,12.0,US,USD,15550100693
ORD1694,2026-08-08 05:30:00,customer_694@example.com,4,13.0,52.0,US,USD,15550100694
ORD1695,2026-08-08 05:45:00,customer_695@example.com,3,14.0,42.0,US,USD,15550100695
ORD1696,2026-08-08 06:00:00,customer_696@example.com,5,11.0,55.0,US,USD,15550100696
ORD1697,2026-08-08 06:15:00,customer_697@example.com,5,27.0,135.0,US,USD,15550100697
ORD1698,2026-08-08 06:30:00,customer_698@example.com,5,20.0,100.0,US,USD,15550100698
ORD1699,2026-08-08 06:45:00,customer_699@example.com,1,23.0,23.0,US,USD,15550100699
ORD1700,2026-08-08 07:00:00,customer_700@example.com,3,23.0,69.0,US,USD,15550100700
ORD1701,2026-08-08 07:15:00,customer_701@example.com,1,19.0,19.0,US,USD,15550100701
ORD1702,2026-08-08 07:30:00,customer_702@example.com,5,19.0,95.0,US,USD,15550100702
ORD1703,2026-08-08 07:45:00,customer_703@example.com,3,13.0,39.0,US,USD,15550100703
ORD1704,2026-08-08 08:00:00,customer_704@example.com,5,26.0,130.0,US,USD,15550100704
ORD1705,2026-08-08 08:15:00,customer_705@example.com,2,14.0,28.0,US,USD,15550100705
ORD1706,2026-08-08 08:30:00,customer_706@example.com,4,17.0,68.0,US,USD,15550100706
ORD1707,2026-08-08 08:45:00,customer_707@example.com,1,21.0,21.0,US,USD,15550100707
ORD1708,2026-08-08 09:00:00,customer_708@example.com,5,21.0,105.0,US,USD,15550100708
ORD1709,2026-08-08 09:15:00,customer_709@example.com,1,18.0,18.0,US,USD,15550100709
ORD1710,2026-08-08 09:30:00,customer_710@example.com,5,17.0,85.0,US,USD,15550100710
ORD1711,2026-08-08 09:45:00,customer_711@example.com,4,27.0,108.0,US,USD,15550100711
ORD1712,2026-08-08 10:00:00,customer_712@example.com,5,29.0,145.0,US,USD,15550100712
ORD1713,2026-08-08 10:15:00,customer_713@example.com,5,10.0,50.0,US,USD,15550100713
ORD1714,2026-08-08 10:30:00,customer_714@example.com,5,18.0,90.0,US,USD,15550100714
ORD1715,2026-08-08 10:45:00,customer_715@example.com,1,15.0,15.0,US,USD,15550100715
ORD1716,2026-08-08 11:00:00,customer_716@example.com,3,19.0,57.0,US,USD,15550100716
ORD1717,2026-08-08 11:15:00,customer_717@example.com,3,21.0,63.0,US,USD,15550100717
ORD1718,2026-08-08 11:30:00,customer_718@example.com,1,15.0,15.0,US,USD,15550100718
ORD1719,2026-08-08 11:45:00,customer_719@example.com,2,28.0,56.0,US,USD,15550100719
ORD1720,2026-08-08 12:00:00,customer_720@example.com,4,12.0,48.0,US,USD,15550100720
ORD1721,2026-08-08 12:15:00,customer_721@example.com,2,30.0,60.0,US,USD,15550100721
ORD1722,2026-08-08 12:30:00,customer_722@example.com,1,12.0,12.0,US,USD,15550100722
ORD1723,2026-08-08 12:45:00,customer_723@example.com,5,16.0,80.0,US,USD,15550100723
ORD1724,2026-08-08 13:00:00,customer_724@example.com,4,23.0,92.0,US,USD,15550100724
ORD1725,2026-08-08 13:15:00,customer_725@example.com,4,20.0,80.0,US,USD,15550100725
ORD1726,2026-08-08 13:30:00,customer_726@example.com,2,21.0,42.0,US,USD,15550100726
ORD1727,2026-08-08 13:45:00,customer_727@example.com,3,20.0,60.0,US,USD,15550100727
ORD1728,2026-08-08 14:00:00,customer_728@example.com,5,29.0,145.0,US,USD,15550100728
ORD1729,2026-08-08 14:15:00,customer_729@example.com,1,11.0,11.0,US,USD,15550100729
ORD1730,2026-08-08 14:30:00,customer_730@example.com,2,15.0,30.0,US,USD,15550100730
ORD1731,2026-08-08 14:45:00,customer_731@example.com,5,11.0,55.0,US,USD,15550100731
ORD1732,2026-08-08 15:00:00,customer_732@example.com,1,18.0,18.0,US,USD,15550100732
ORD1733,2026-08-08 15:15:00,customer_733@example.com,4,23.0,92.0,US,USD,15550100733
ORD1734,2026-08-08 15:30:00,customer_734@example.com,4,29.0,116.0,US,USD,15550100734
ORD1735,2026-08-08 15:45:00,customer_735@example.com,4,23.0,92.0,US,USD,15550100735
ORD1736,2026-08-08 16:00:00,customer_736@example.com,3,16.0,48.0,US,USD,15550100736
ORD1737,2026-08-08 16:15:00,customer_737@example.com,5,13.0,65.0,US,USD,15550100737
ORD1738,2026-08-08 16:30:00,customer_738@example.com,3,23.0,69.0,US,USD,15550100738
ORD1739,2026-08-08 16:45:00,customer_739@example.com,1,19.0,19.0,US,USD,15550100739
ORD1740,2026-08-08 17:00:00,customer_740@example.com,5,25.0,125.0,US,USD,15550100740
ORD1741,2026-08-08 17:15:00,customer_741@example.com,5,19.0,95.0,US,USD,15550100741
ORD1742,2026-08-08 17:30:00,customer_742@example.com,1,17.0,17.0,US,USD,15550100742
ORD1743,2026-08-08 17:45:00,customer_743@example.com,4,29.0,116.0,US,USD,15550100743
ORD1744,2026-08-08 18:00:00,customer_744@example.com,1,10.0,10.0,US,USD,15550100744
ORD1745,2026-08-08 18:15:00,customer_745@example.com,2,19.0,38.0,US,USD,15550100745
ORD1746,2026-08-08 18:30:00,customer_746@example.com,2,14.0,28.0,US,USD,15550100746
ORD1747,2026-08-08 18:45:00,customer_747@example.com,3,19.0,57.0,US,USD,15550100747
ORD1748,2026-08-08 19:00:00,customer_748@example.com,3,13.0,39.0,US,USD,15550100748
ORD1749,2026-08-08 19:15:00,customer_749@example.com,1,25.0,25.0,US,USD,15550100749
ORD1750,2026-08-08 19:30:00,customer_750@example.com,4,15.0,60.0,US,USD,15550100750
ORD1751,2026-08-08 19:45:00,customer_751@example.com,2,22.0,44.0,US,USD,15550100751
ORD1752,2026-08-08 20:00:00,customer_752@example.com,5,17.0,85.0,US,USD,15550100752
ORD1753,2026-08-08 20:15:00,customer_753@example.com,5,27.0,135.0,US,USD,15550100753
ORD1754,2026-08-08 20:30:00,customer_754@example.com,3,12.0,36.0,US,USD,15550100754
ORD1755,2026-08-08 20:45:00,customer_755@example.com,4,11.0,44.0,US,USD,15550100755
ORD1756,2026-08-08 21:00:00,customer_756@example.com,4,10.0,40.0,US,USD,15550100756
ORD1757,2026-08-08 21:15:00,customer_757@example.com,4,12.0,48.0,US,USD,15550100757
ORD1758,2026-08-08 21:30:00,customer_758@example.com,3,28.0,84.0,US,USD,15550100758
ORD1759,2026-08-08 21:45:00,customer_759@example.com,4,28.0,112.0,US,USD,15550100759
ORD1760,2026-08-08 22:00:00,customer_760@example.com,4,30.0,120.0,US,USD,15550100760
ORD1761,2026-08-08 22:15:00,customer_761@example.com,4,19.0,76.0,US,USD,15550100761
ORD1762,2026-08-08 22:30:00,customer_762@example.com,1,22.0,22.0,US,USD,15550100762
ORD1763,2026-08-08 22:45:00,customer_763@example.com,1,20.0,20.0,US,USD,15550100763
ORD1764,2026-08-08 23:00:00,customer_764@example.com,2,29.0,58.0,US,USD,15550100764
ORD1765,2026-08-08 23:15:00,customer_765@example.com,4,21.0,84.0,US,USD,15550100765
ORD1766,2026-08-08 23:30:00,customer_766@example.com,1,23.0,23.0,US,USD,15550100766
ORD1767,2026-08-08 23:45:00,customer_767@example.com,1,17.0,17.0,US,USD,15550100767
ORD1768,2026-08-09 00:00:00,customer_768@example.com,4,28.0,112.0,US,USD,15550100768
ORD1769,2026-08-09 00:15:00,customer_769@example.com,4,26.0,104.0,US,USD,15550100769
ORD1770,2026-08-09 00:30:00,customer_770@example.com,1,22.0,22.0,US,USD,15550100770
ORD1771,2026-08-09 00:45:00,customer_771@example.com,3,20.0,60.0,US,USD,15550100771
ORD1772,2026-08-09 01:00:00,customer_772@example.com,2,20.0,40.0,US,USD,15550100772
ORD1773,2026-08-09 01:15:00,customer_773@example.com,2,12.0,24.0,US,USD,15550100773
ORD1774,2026-08-09 01:30:00,customer_774@example.com,5,30.0,150.0,US,USD,15550100774
ORD1775,2026-08-09 01:45:00,customer_775@example.com,1,26.0,26.0,US,USD,15550100775
ORD1776,2026-08-09 02:00:00,customer_776@example.com,5,16.0,80.0,US,USD,15550100776
ORD1777,2026-08-09 02:15:00,customer_777@example.com,3,21.0,63.0,US,USD,15550100777
ORD1778,2026-08-09 02:30:00,customer_778@example.com,2,17.0,34.0,US,USD,15550100778
ORD1779,2026-08-09 02:45:00,customer_779@example.com,1,14.0,14.0,US,USD,15550100779
ORD1780,2026-08-09 03:00:00,customer_780@example.com,3,16.0,48.0,US,USD,15550100780
ORD1781,2026-08-09 03:15:00,customer_781@example.com,2,29.0,58.0,US,USD,15550100781
ORD1782,2026-08-09 03:30:00,customer_782@example.com,2,30.0,60.0,US,USD,15550100782
ORD1783,2026-08-09 03:45:00,customer_783@example.com,1,15.0,15.0,US,USD,15550100783
ORD1784,2026-08-09 04:00:00,customer_784@example.com,4,24.0,96.0,US,USD,15550100784
ORD1785,2026-08-09 04:15:00,customer_785@example.com,5,28.0,140.0,US,USD,15550100785
ORD1786,2026-08-09 04:30:00,customer_786@example.com,4,28.0,112.0,US,USD,15550100786
ORD1787,2026-08-09 04:45:00,customer_787@example.com,5,20.0,100.0,US,USD,15550100787
ORD1788,2026-08-09 05:00:00,customer_788@example.com,3,14.0,42.0,US,USD,15550100788
ORD1789,2026-08-09 05:15:00,customer_789@example.com,4,12.0,48.0,US,USD,15550100789
ORD1790,2026-08-09 05:30:00,customer_790@example.com,4,24.0,96.0,US,USD,15550100790
ORD1791,2026-08-09 05:45:00,customer_791@example.com,3,18.0,54.0,US,USD,15550100791
ORD1792,2026-08-09 06:00:00,customer_792@example.com,5,11.0,55.0,US,USD,15550100792
ORD1793,2026-08-09 06:15:00,customer_793@example.com,3,26.0,78.0,US,USD,15550100793
ORD1794,2026-08-09 06:30:00,customer_794@example.com,1,19.0,19.0,US,USD,15550100794
ORD1795,2026-08-09 06:45:00,customer_795@example.com,4,24.0,96.0,US,USD,15550100795
ORD1796,2026-08-09 07:00:00,customer_796@example.com,1,11.0,11.0,US,USD,15550100796
ORD1797,2026-08-09 07:15:00,customer_797@example.com,3,19.0,57.0,US,USD,15550100797
ORD1798,2026-08-09 07:30:00,customer_798@example.com,1,30.0,30.0,US,USD,15550100798
ORD1799,2026-08-09 07:45:00,customer_799@example.com,1,29.0,29.0,US,USD,15550100799
ORD1800,2026-08-09 08:00:00,customer_800@example.com,5,26.0,130.0,US,USD,15550100800
ORD1801,2026-08-09 08:15:00,customer_801@example.com,4,24.0,96.0,US,USD,15550100801
ORD1802,2026-08-09 08:30:00,customer_802@example.com,5,27.0,135.0,US,USD,15550100802
ORD1803,2026-08-09 08:45:00,customer_803@example.com,1,24.0,24.0,US,USD,15550100803
ORD1804,2026-08-09 09:00:00,customer_804@example.com,5,30.0,150.0,US,USD,15550100804
ORD1805,2026-08-09 09:15:00,customer_805@example.com,2,20.0,40.0,US,USD,15550100805
ORD1806,2026-08-09 09:30:00,customer_806@example.com,5,25.0,125.0,US,USD,15550100806
ORD1807,2026-08-09 09:45:00,customer_807@example.com,5,14.0,70.0,US,USD,15550100807
ORD1808,2026-08-09 10:00:00,customer_808@example.com,1,24.0,24.0,US,USD,15550100808
ORD1809,2026-08-09 10:15:00,customer_809@example.com,1,20.0,20.0,US,USD,15550100809
ORD1810,2026-08-09 10:30:00,customer_810@example.com,1,26.0,26.0,US,USD,15550100810
ORD1811,2026-08-09 10:45:00,customer_811@example.com,2,11.0,22.0,US,USD,15550100811
ORD1812,2026-08-09 11:00:00,customer_812@example.com,2,24.0,48.0,US,USD,15550100812
ORD1813,2026-08-09 11:15:00,customer_813@example.com,4,26.0,104.0,US,USD,15550100813
ORD1814,2026-08-09 11:30:00,customer_814@example.com,5,29.0,145.0,US,USD,15550100814
ORD1815,2026-08-09 11:45:00,customer_815@example.com,2,21.0,42.0,US,USD,15550100815
ORD1816,2026-08-09 12:00:00,customer_816@example.com,3,19.0,57.0,US,USD,15550100816
ORD1817,2026-08-09 12:15:00,customer_817@example.com,4,23.0,92.0,US,USD,15550100817
ORD1818,2026-08-09 12:30:00,customer_818@example.com,3,29.0,87.0,US,USD,15550100818
ORD1819,2026-08-09 12:45:00,customer_819@example.com,1,30.0,30.0,US,USD,15550100819
ORD1820,2026-08-09 13:00:00,customer_820@example.com,3,12.0,36.0,US,USD,15550100820
ORD1821,2026-08-09 13:15:00,customer_821@example.com,3,13.0,39.0,US,USD,15550100821
ORD1822,2026-08-09 13:30:00,customer_822@example.com,5,22.0,110.0,US,USD,15550100822
ORD1823,2026-08-09 13:45:00,customer_823@example.com,3,18.0,54.0,US,USD,15550100823
ORD1824,2026-08-09 14:00:00,customer_824@example.com,5,14.0,70.0,US,USD,15550100824
ORD1825,2026-08-09 14:15:00,customer_825@example.com,3,12.0,36.0,US,USD,15550100825
ORD1826,2026-08-09 14:30:00,customer_826@example.com,5,14.0,70.0,US,USD,15550100826
ORD1827,2026-08-09 14:45:00,customer_827@example.com,3,19.0,57.0,US,USD,15550100827
ORD1828,2026-08-09 15:00:00,customer_828@example.com,4,14.0,56.0,US,USD,15550100828
ORD1829,2026-08-09 15:15:00,customer_829@example.com,5,12.0,60.0,US,USD,15550100829
ORD1830,2026-08-09 15:30:00,customer_830@example.com,3,27.0,81.0,US,USD,15550100830
ORD1831,2026-08-09 15:45:00,customer_831@example.com,4,30.0,120.0,US,USD,15550100831
ORD1832,2026-08-09 16:00:00,customer_832@example.com,3,14.0,42.0,US,USD,15550100832
ORD1833,2026-08-09 16:15:00,customer_833@example.com,5,12.0,60.0,US,USD,15550100833
ORD1834,2026-08-09 16:30:00,customer_834@example.com,4,26.0,104.0,US,USD,15550100834
ORD1835,2026-08-09 16:45:00,customer_835@example.com,3,10.0,30.0,US,USD,15550100835
ORD1836,2026-08-09 17:00:00,customer_836@example.com,3,19.0,57.0,US,USD,15550100836
ORD1837,2026-08-09 17:15:00,customer_837@example.com,2,16.0,32.0,US,USD,15550100837
ORD1838,2026-08-09 17:30:00,customer_838@example.com,3,25.0,75.0,US,USD,15550100838
ORD1839,2026-08-09 17:45:00,customer_839@example.com,2,17.0,34.0,US,USD,15550100839
ORD1840,2026-08-09 18:00:00,customer_840@example.com,2,14.0,28.0,US,USD,15550100840
ORD1841,2026-08-09 18:15:00,customer_841@example.com,1,19.0,19.0,US,USD,15550100841
ORD1842,2026-08-09 18:30:00,customer_842@example.com,1,26.0,26.0,US,USD,15550100842
ORD1843,2026-08-09 18:45:00,customer_843@example.com,5,26.0,130.0,US,USD,15550100843
ORD1844,2026-08-09 19:00:00,customer_844@example.com,1,20.0,20.0,US,USD,15550100844
ORD1845,2026-08-09 19:15:00,customer_845@example.com,5,14.0,70.0,US,USD,15550100845
ORD1846,2026-08-09 19:30:00,customer_846@example.com,5,22.0,110.0,US,USD,15550100846
ORD1847,2026-08-09 19:45:00,customer_847@example.com,2,15.0,30.0,US,USD,15550100847
ORD1848,2026-08-09 20:00:00,customer_848@example.com,2,29.0,58.0,US,USD,15550100848
ORD1849,2026-08-09 20:15:00,customer_849@example.com,2,24.0,48.0,US,USD,15550100849
ORD1850,2026-08-09 20:30:00,customer_850@example.com,1,23.0,23.0,US,USD,15550100850
ORD1851,2026-08-09 20:45:00,customer_851@example.com,3,17.0,51.0,US,USD,15550100851
ORD1852,2026-08-09 21:00:00,customer_852@example.com,4,29.0,116.0,US,USD,15550100852
ORD1853,2026-08-09 21:15:00,customer_853@example.com,3,24.0,72.0,US,USD,15550100853
ORD1854,2026-08-09 21:30:00,customer_854@example.com,2,27.0,54.0,US,USD,15550100854
ORD1855,2026-08-09 21:45:00,customer_855@example.com,2,19.0,38.0,US,USD,15550100855
ORD1856,2026-08-09 22:00:00,customer_856@example.com,4,16.0,64.0,US,USD,15550100856
ORD1857,2026-08-09 22:15:00,customer_857@example.com,3,28.0,84.0,US,USD,15550100857
ORD1858,2026-08-09 22:30:00,customer_858@example.com,4,24.0,96.0,US,USD,15550100858
ORD1859,2026-08-09 22:45:00,customer_859@example.com,3,22.0,66.0,US,USD,15550100859
ORD1860,2026-08-09 23:00:00,customer_860@example.com,5,26.0,130.0,US,USD,15550100860
ORD1861,2026-08-09 23:15:00,customer_861@example.com,4,15.0,60.0,US,USD,15550100861
ORD1862,2026-08-09 23:30:00,customer_862@example.com,2,29.0,58.0,US,USD,15550100862
ORD1863,2026-08-09 23:45:00,customer_863@example.com,2,18.0,36.0,US,USD,15550100863
ORD1864,2026-08-10 00:00:00,customer_864@example.com,1,30.0,30.0,US,USD,15550100864
ORD1865,2026-08-10 00:15:00,customer_865@example.com,4,21.0,84.0,US,USD,15550100865
ORD1866,2026-08-10 00:30:00,customer_866@example.com,5,13.0,65.0,US,USD,15550100866
ORD1867,2026-08-10 00:45:00,customer_867@example.com,5,13.0,65.0,US,USD,15550100867
ORD1868,2026-08-10 01:00:00,customer_868@example.com,3,12.0,36.0,US,USD,15550100868
ORD1869,2026-08-10 01:15:00,customer_869@example.com,2,18.0,36.0,US,USD,15550100869
ORD1870,2026-08-10 01:30:00,customer_870@example.com,4,26.0,104.0,US,USD,15550100870
ORD1871,2026-08-10 01:45:00,customer_871@example.com,2,23.0,46.0,US,USD,15550100871
ORD1872,2026-08-10 02:00:00,customer_872@example.com,1,17.0,17.0,US,USD,15550100872
ORD1873,2026-08-10 02:15:00,customer_873@example.com,4,21.0,84.0,US,USD,15550100873
ORD1874,2026-08-10 02:30:00,customer_874@example.com,1,23.0,23.0,US,USD,15550100874
ORD1875,2026-08-10 02:45:00,customer_875@example.com,1,22.0,22.0,US,USD,15550100875
ORD1876,2026-08-10 03:00:00,customer_876@example.com,5,21.0,105.0,US,USD,15550100876
ORD1877,2026-08-10 03:15:00,customer_877@example.com,2,22.0,44.0,US,USD,15550100877
ORD1878,2026-08-10 03:30:00,customer_878@example.com,1,21.0,21.0,US,USD,15550100878
ORD1879,2026-08-10 03:45:00,customer_879@example.com,2,10.0,20.0,US,USD,15550100879
ORD1880,2026-08-10 04:00:00,customer_880@example.com,3,13.0,39.0,US,USD,15550100880
ORD1881,2026-08-10 04:15:00,customer_881@example.com,3,14.0,42.0,US,USD,15550100881
ORD1882,2026-08-10 04:30:00,customer_882@example.com,2,11.0,22.0,US,USD,15550100882
ORD1883,2026-08-10 04:45:00,customer_883@example.com,3,25.0,75.0,US,USD,15550100883
ORD1884,2026-08-10 05:00:00,customer_884@example.com,2,25.0,50.0,US,USD,15550100884
ORD1885,2026-08-10 05:15:00,customer_885@example.com,4,29.0,116.0,US,USD,15550100885
ORD1886,2026-08-10 05:30:00,customer_886@example.com,1,12.0,12.0,US,USD,15550100886
ORD1887,2026-08-10 05:45:00,customer_887@example.com,1,18.0,18.0,US,USD,15550100887
ORD1888,2026-08-10 06:00:00,customer_888@example.com,2,14.0,28.0,US,USD,15550100888
ORD1889,2026-08-10 06:15:00,customer_889@example.com,5,29.0,145.0,US,USD,15550100889
ORD1890,2026-08-10 06:30:00,customer_890@example.com,5,23.0,115.0,US,USD,15550100890
ORD1891,2026-08-10 06:45:00,customer_891@example.com,1,19.0,19.0,US,USD,15550100891
ORD1892,2026-08-10 07:00:00,customer_892@example.com,2,19.0,38.0,US,USD,15550100892
ORD1893,2026-08-10 07:15:00,customer_893@example.com,1,11.0,11.0,US,USD,15550100893
ORD1894,2026-08-10 07:30:00,customer_894@example.com,2,23.0,46.0,US,USD,15550100894
ORD1895,2026-08-10 07:45:00,customer_895@example.com,5,24.0,120.0,US,USD,15550100895
ORD1896,2026-08-10 08:00:00,customer_896@example.com,1,13.0,13.0,US,USD,15550100896
ORD1897,2026-08-10 08:15:00,customer_897@example.com,4,29.0,116.0,US,USD,15550100897
ORD1898,2026-08-10 08:30:00,customer_898@example.com,5,10.0,50.0,US,USD,15550100898
ORD1899,2026-08-10 08:45:00,customer_899@example.com,5,28.0,140.0,US,USD,15550100899
ORD1900,2026-08-10 09:00:00,customer_900@example.com,2,14.0,28.0,US,USD,15550100900
ORD1901,2026-08-10 09:15:00,customer_901@example.com,3,23.0,69.0,US,USD,15550100901
ORD1902,2026-08-10 09:30:00,customer_902@example.com,1,29.0,29.0,US,USD,15550100902
ORD1903,2026-08-10 09:45:00,customer_903@example.com,3,17.0,51.0,US,USD,15550100903
ORD1904,2026-08-10 10:00:00,customer_904@example.com,5,23.0,115.0,US,USD,15550100904
ORD1905,2026-08-10 10:15:00,customer_905@example.com,2,12.0,24.0,US,USD,15550100905
ORD1906,2026-08-10 10:30:00,customer_906@example.com,5,21.0,105.0,US,USD,15550100906
ORD1907,2026-08-10 10:45:00,customer_907@example.com,1,26.0,26.0,US,USD,15550100907
ORD1908,2026-08-10 11:00:00,customer_908@example.com,5,26.0,130.0,US,USD,15550100908
ORD1909,2026-08-10 11:15:00,customer_909@example.com,5,27.0,135.0,US,USD,15550100909
ORD1910,2026-08-10 11:30:00,customer_910@example.com,1,22.0,22.0,US,USD,15550100910
ORD1911,2026-08-10 11:45:00,customer_911@example.com,4,11.0,44.0,US,USD,15550100911
ORD1912,2026-08-10 12:00:00,customer_912@example.com,4,21.0,84.0,US,USD,15550100912
ORD1913,2026-08-10 12:15:00,customer_913@example.com,3,10.0,30.0,US,USD,15550100913
ORD1914,2026-08-10 12:30:00,customer_914@example.com,3,12.0,36.0,US,USD,15550100914
ORD1915,2026-08-10 12:45:00,customer_915@example.com,3,17.0,51.0,US,USD,15550100915
ORD1916,2026-08-10 13:00:00,customer_916@example.com,1,28.0,28.0,US,USD,15550100916
ORD1917,2026-08-10 13:15:00,customer_917@example.com,3,14.0,42.0,US,USD,15550100917
ORD1918,2026-08-10 13:30:00,customer_918@example.com,1,21.0,21.0,US,USD,15550100918
ORD1919,2026-08-10 13:45:00,customer_919@example.com,5,20.0,100.0,US,USD,15550100919
ORD1920,2026-08-10 14:00:00,customer_920@example.com,2,24.0,48.0,US,USD,15550100920
ORD1921,2026-08-10 14:15:00,customer_921@example.com,4,30.0,120.0,US,USD,15550100921
ORD1922,2026-08-10 14:30:00,customer_922@example.com,2,14.0,28.0,US,USD,15550100922
ORD1923,2026-08-10 14:45:00,customer_923@example.com,1,24.0,24.0,US,USD,15550100923
ORD1924,2026-08-10 15:00:00,customer_924@example.com,1,19.0,19.0,US,USD,15550100924
ORD1925,2026-08-10 15:15:00,customer_925@example.com,2,11.0,22.0,US,USD,15550100925
ORD1926,2026-08-10 15:30:00,customer_926@example.com,2,11.0,22.0,US,USD,15550100926
ORD1927,2026-08-10 15:45:00,customer_927@example.com,3,19.0,57.0,US,USD,15550100927
ORD1928,2026-08-10 16:00:00,customer_928@example.com,5,22.0,110.0,US,USD,15550100928
ORD1929,2026-08-10 16:15:00,customer_929@example.com,5,25.0,125.0,US,USD,15550100929
ORD1930,2026-08-10 16:30:00,customer_930@example.com,3,11.0,33.0,US,USD,15550100930
ORD1931,2026-08-10 16:45:00,customer_931@example.com,2,19.0,38.0,US,USD,15550100931
ORD1932,2026-08-10 17:00:00,customer_932@example.com,3,11.0,33.0,US,USD,15550100932
ORD1933,2026-08-10 17:15:00,customer_933@example.com,3,18.0,54.0,US,USD,15550100933
ORD1934,2026-08-10 17:30:00,customer_934@example.com,1,21.0,21.0,US,USD,15550100934
ORD1935,2026-08-10 17:45:00,customer_935@example.com,4,22.0,88.0,US,USD,15550100935
ORD1936,2026-08-10 18:00:00,customer_936@example.com,4,22.0,88.0,US,USD,15550100936
ORD1937,2026-08-10 18:15:00,customer_937@example.com,3,15.0,45.0,US,USD,15550100937
ORD1938,2026-08-10 18:30:00,customer_938@example.com,4,25.0,100.0,US,USD,15550100938
ORD1939,2026-08-10 18:45:00,customer_939@example.com,3,26.0,78.0,US,USD,15550100939
ORD1940,2026-08-10 19:00:00,customer_940@example.com,3,12.0,36.0,US,USD,15550100940
ORD1941,2026-08-10 19:15:00,customer_941@example.com,4,12.0,48.0,US,USD,15550100941
ORD1942,2026-08-10 19:30:00,customer_942@example.com,4,29.0,116.0,US,USD,15550100942
ORD1943,2026-08-10 19:45:00,customer_943@example.com,2,27.0,54.0,US,USD,15550100943
ORD1944,2026-08-10 20:00:00,customer_944@example.com,3,20.0,60.0,US,USD,15550100944
ORD1945,2026-08-10 20:15:00,customer_945@example.com,1,12.0,12.0,US,USD,15550100945
ORD1946,2026-08-10 20:30:00,customer_946@example.com,3,19.0,57.0,US,USD,15550100946
ORD1947,2026-08-10 20:45:00,customer_947@example.com,3,24.0,72.0,US,USD,15550100947
ORD1948,2026-08-10 21:00:00,customer_948@example.com,5,23.0,115.0,US,USD,15550100948
ORD1949,2026-08-10 21:15:00,customer_949@example.com,2,24.0,48.0,US,USD,15550100949
ORD1950,2026-08-10 21:30:00,customer_950@example.com,3,24.0,72.0,US,USD,15550100950
ORD1951,2026-08-10 21:45:00,customer_951@example.com,1,21.0,21.0,US,USD,15550100951
ORD1952,2026-08-10 22:00:00,customer_952@example.com,5,23.0,115.0,US,USD,15550100952
ORD1953,2026-08-10 22:15:00,customer_953@example.com,3,30.0,90.0,US,USD,15550100953
ORD1954,2026-08-10 22:30:00,customer_954@example.com,1,12.0,12.0,US,USD,15550100954
ORD1955,2026-08-10 22:45:00,customer_955@example.com,4,21.0,84.0,US,USD,15550100955
ORD1956,2026-08-10 23:00:00,customer_956@example.com,5,15.0,75.0,US,USD,15550100956
ORD1957,2026-08-10 23:15:00,customer_957@example.com,1,14.0,14.0,US,USD,15550100957
ORD1958,2026-08-10 23:30:00,customer_958@example.com,5,24.0,120.0,US,USD,15550100958
ORD1959,2026-08-10 23:45:00,customer_959@example.com,1,14.0,14.0,US,USD,15550100959
ORD1960,2026-08-11 00:00:00,customer_960@example.com,1,17.0,17.0,US,USD,15550100960
ORD1961,2026-08-11 00:15:00,customer_961@example.com,3,21.0,63.0,US,USD,15550100961
ORD1962,2026-08-11 00:30:00,customer_962@example.com,4,28.0,112.0,US,USD,15550100962
ORD1963,2026-08-11 00:45:00,customer_963@example.com,1,29.0,29.0,US,USD,15550100963
ORD1964,2026-08-11 01:00:00,customer_964@example.com,2,24.0,48.0,US,USD,15550100964
ORD1965,2026-08-11 01:15:00,customer_965@example.com,3,21.0,63.0,US,USD,15550100965
ORD1966,2026-08-11 01:30:00,customer_966@example.com,4,12.0,48.0,US,USD,15550100966
ORD1967,2026-08-11 01:45:00,customer_967@example.com,5,14.0,70.0,US,USD,15550100967
ORD1968,2026-08-11 02:00:00,customer_968@example.com,5,21.0,105.0,US,USD,15550100968
ORD1969,2026-08-11 02:15:00,customer_969@example.com,4,20.0,80.0,US,USD,15550100969
ORD1970,2026-08-11 02:30:00,customer_970@example.com,3,17.0,51.0,US,USD,15550100970
ORD1971,2026-08-11 02:45:00,customer_971@example.com,1,10.0,10.0,US,USD,15550100971
ORD1972,2026-08-11 03:00:00,customer_972@example.com,2,25.0,50.0,US,USD,15550100972
ORD1973,2026-08-11 03:15:00,customer_973@example.com,5,22.0,110.0,US,USD,15550100973
ORD1974,2026-08-11 03:30:00,customer_974@example.com,5,13.0,65.0,US,USD,15550100974
ORD1975,2026-08-11 03:45:00,customer_975@example.com,3,18.0,54.0,US,USD,15550100975
ORD1976,2026-08-11 04:00:00,customer_976@example.com,4,16.0,64.0,US,USD,15550100976
ORD1977,2026-08-11 04:15:00,customer_977@example.com,5,19.0,95.0,US,USD,15550100977
ORD1978,2026-08-11 04:30:00,customer_978@example.com,4,16.0,64.0,US,USD,15550100978
ORD1979,2026-08-11 04:45:00,customer_979@example.com,1,14.0,14.0,US,USD,15550100979
ORD1980,2026-08-11 05:00:00,customer_980@example.com,1,24.0,24.0,US,USD,15550100980
ORD1981,2026-08-11 05:15:00,customer_981@example.com,2,24.0,48.0,US,USD,15550100981
ORD1982,2026-08-11 05:30:00,customer_982@example.com,1,20.0,20.0,US,USD,15550100982
ORD1983,2026-08-11 05:45:00,customer_983@example.com,3,12.0,36.0,US,USD,15550100983
ORD1984,2026-08-11 06:00:00,customer_984@example.com,5,27.0,135.0,US,USD,15550100984
ORD1985,2026-08-11 06:15:00,customer_985@example.com,3,19.0,57.0,US,USD,15550100985
ORD1986,2026-08-11 06:30:00,customer_986@example.com,2,30.0,60.0,US,USD,15550100986
ORD1987,2026-08-11 06:45:00,customer_987@example.com,2,21.0,42.0,US,USD,15550100987
ORD1988,2026-08-11 07:00:00,customer_988@example.com,5,17.0,85.0,US,USD,15550100988
ORD1989,2026-08-11 07:15:00,customer_989@example.com,1,16.0,16.0,US,USD,15550100989
ORD1990,2026-08-11 07:30:00,customer_990@example.com,2,17.0,34.0,US,USD,15550100990
ORD1991,2026-08-11 07:45:00,customer_991@example.com,4,10.0,40.0,US,USD,15550100991
ORD1992,2026-08-11 08:00:00,customer_992@example.com,3,27.0,81.0,US,USD,15550100992
ORD1993,2026-08-11 08:15:00,customer_993@example.com,5,21.0,105.0,US,USD,15550100993
ORD1994,2026-08-11 08:30:00,customer_994@example.com,4,27.0,108.0,US,USD,15550100994
ORD1995,2026-08-11 08:45:00,customer_995@example.com,2,29.0,58.0,US,USD,15550100995
ORD1996,2026-08-11 09:00:00,customer_996@example.com,1,12.0,12.0,US,USD,15550100996
ORD1997,2026-08-11 09:15:00,customer_997@example.com,3,22.0,66.0,US,USD,15550100997
ORD1998,2026-08-11 09:30:00,customer_998@example.com,4,26.0,104.0,US,USD,15550100998
ORD1999,2026-08-11 09:45:00,customer_999@example.com,4,23.0,92.0,US,USD,15550100999
ORD2000,2026-08-11 10:00:00,customer_1000@example.com,5,12.0,60.0,US,USD,15550101000
ORD2001,2026-08-11 10:15:00,customer_1001@example.com,2,20.0,40.0,US,USD,15550101001
ORD2002,2026-08-11 10:30:00,customer_1002@example.com,1,24.0,24.0,US,USD,15550101002
ORD2003,2026-08-11 10:45:00,,4,26.0,104.0,US,USD,15550101003
ORD2005,2026-08-11 11:15:00,vip_buyer@gmail.com,1,999.0,999.0,US,USD,15550101005
ORD2006,2026-08-11 11:30:00,customer_1006@example.com,5,15.0,75.0,US,USD,15550101006
ORD2007,2026-08-11 11:45:00,customer_1007@example.com,2,23.0,46.0,US,USD,15550101007
ORD2008,,customer_1008@example.com,1,18.0,18.0,US,USD,15550101008
ORD2009,2026-08-11 12:15:00,customer_1009@example.com,1,26.0,26.0,US,USD,15550101009
ORD2010,2026-08-11 12:30:00,customer_1010@example.com,2,19.0,38.0,US,USD,15550101010
ORD2011,2026-08-11 12:45:00,customer_1011@example.com,2,15.0,30.0,US,USD,15550101011
ORD2012,2026-08-11 13:00:00,customer_1012@example.com,3,17.0,51.0,US,USD,15550101012
ORD2013,2026-08-11 13:15:00,customer_1013@example.com,3,26.0,78.0,US,USD,15550101013
ORD2014,2026-08-11 13:30:00,customer_1014@example.com,3,12.0,36.0,US,USD,15550101014
ORD2015,2026-08-11 13:45:00,customer_1015@example.com,3,16.0,48.0,US,USD,15550101015
ORD2016,2026-08-11 14:00:00,customer_1016@example.com,5,18.0,90.0,US,USD,15550101016
ORD2017,2026-08-11 14:15:00,customer_1017@example.com,2,30.0,60.0,US,USD,15550101017
ORD2018,2026-08-11 14:30:00,customer_1018@example.com,3,29.0,87.0,US,USD,15550101018
ORD2019,2026-08-11 14:45:00,customer_1019@example.com,5,12.0,60.0,US,USD,15550101019
ORD2020,2026-08-11 15:00:00,customer_1020@example.com,5,30.0,150.0,US,USD,15550101020
ORD2021,2026-08-11 15:15:00,customer_1021@example.com,2,28.0,56.0,US,USD,15550101021
ORD2022,2026-08-11 15:30:00,customer_1022@example.com,5,14.0,70.0,US,USD,15550101022
ORD2023,2026-08-11 15:45:00,customer_1023@example.com,2,29.0,58.0,US,USD,15550101023
ORD2024,2026-08-11 16:00:00,customer_1024@example.com,5,20.0,100.0,US,USD,15550101024
ORD2025,2026-08-11 16:15:00,customer_1025@example.com,5,11.0,55.0,US,USD,15550101025
ORD2026,2026-08-11 16:30:00,customer_1026@example.com,1,12.0,12.0,US,USD,15550101026
ORD2027,2026-08-11 16:45:00,customer_1027@example.com,1,30.0,30.0,US,USD,15550101027
ORD2028,2026-08-11 17:00:00,customer_1028@example.com,5,18.0,90.0,US,USD,15550101028
ORD2029,2026-08-11 17:15:00,customer_1029@example.com,2,28.0,56.0,US,USD,15550101029
ORD2030,2026-08-11 17:30:00,customer_1030@example.com,4,29.0,116.0,US,USD,15550101030
ORD2031,2026-08-11 17:45:00,customer_1031@example.com,1,25.0,25.0,US,USD,15550101031
ORD2032,2026-08-11 18:00:00,customer_1032@example.com,5,19.0,95.0,US,USD,15550101032
ORD2033,2026-08-11 18:15:00,customer_1033@example.com,3,25.0,75.0,US,USD,15550101033
ORD2034,2026-08-11 18:30:00,customer_1034@example.com,2,22.0,44.0,US,USD,15550101034
ORD2035,2026-08-11 18:45:00,customer_1035@example.com,3,24.0,72.0,US,USD,15550101035
ORD2036,2026-08-11 19:00:00,customer_1036@example.com,1,11.0,11.0,US,USD,15550101036
ORD2037,2026-08-11 19:15:00,customer_1037@example.com,2,24.0,48.0,US,USD,15550101037
ORD2038,2026-08-11 19:30:00,customer_1038@example.com,4,25.0,100.0,US,USD,15550101038
ORD2039,2026-08-11 19:45:00,customer_1039@example.com,4,16.0,64.0,US,USD,15550101039
ORD2040,2026-08-11 20:00:00,customer_1040@example.com,3,29.0,87.0,US,USD,15550101040
ORD2041,2026-08-11 20:15:00,customer_1041@example.com,2,20.0,40.0,US,USD,15550101041
ORD2042,2026-08-11 20:30:00,customer_1042@example.com,3,21.0,63.0,US,USD,15550101042
ORD2043,2026-08-11 20:45:00,customer_1043@example.com,4,14.0,56.0,US,USD,15550101043
ORD2044,2026-08-11 21:00:00,customer_1044@example.com,3,26.0,78.0,US,USD,15550101044
ORD2045,2026-08-11 21:15:00,customer_1045@example.com,5,13.0,65.0,US,USD,15550101045
ORD2046,2026-08-11 21:30:00,customer_1046@example.com,3,17.0,51.0,US,USD,15550101046
ORD2047,2026-08-11 21:45:00,customer_1047@example.com,4,13.0,52.0,US,USD,15550101047
ORD2048,2026-08-11 22:00:00,customer_1048@example.com,3,24.0,72.0,US,USD,15550101048
ORD2049,2026-08-11 22:15:00,customer_1049@example.com,2,14.0,28.0,US,USD,15550101049
ORD2050,2026-08-11 22:30:00,customer_1050@example.com,1,11.0,11.0,US,USD,15550101050
ORD2051,2026-08-11 22:45:00,customer_1051@example.com,3,22.0,66.0,US,USD,15550101051
ORD2052,2026-08-11 23:00:00,customer_1052@example.com,5,23.0,115.0,US,USD,15550101052
ORD2053,2026-08-11 23:15:00,customer_1053@example.com,2,15.0,30.0,US,USD,15550101053
ORD2054,2026-08-11 23:30:00,customer_1054@example.com,3,28.0,84.0,US,USD,15550101054
ORD2055,2026-08-11 23:45:00,customer_1055@example.com,3,16.0,48.0,US,USD,15550101055
ORD2056,2026-08-12 00:00:00,customer_1056@example.com,2,25.0,50.0,US,USD,15550101056
ORD2057,2026-08-12 00:15:00,customer_1057@example.com,5,24.0,120.0,US,USD,15550101057
ORD2058,2026-08-12 00:30:00,customer_1058@example.com,4,19.0,76.0,US,USD,15550101058
ORD2059,2026-08-12 00:45:00,customer_1059@example.com,4,10.0,40.0,US,USD,15550101059
ORD2060,2026-08-12 01:00:00,customer_1060@example.com,1,22.0,22.0,US,USD,15550101060
ORD2061,2026-08-12 01:15:00,customer_1061@example.com,5,24.0,120.0,US,USD,15550101061
ORD2062,2026-08-12 01:30:00,customer_1062@example.com,2,16.0,32.0,US,USD,15550101062
ORD2063,2026-08-12 01:45:00,customer_1063@example.com,5,21.0,105.0,US,USD,15550101063
ORD2064,2026-08-12 02:00:00,customer_1064@example.com,1,11.0,11.0,US,USD,15550101064
ORD2065,2026-08-12 02:15:00,customer_1065@example.com,3,25.0,75.0,US,USD,15550101065
ORD2066,2026-08-12 02:30:00,customer_1066@example.com,5,30.0,150.0,US,USD,15550101066
ORD2067,2026-08-12 02:45:00,customer_1067@example.com,4,19.0,76.0,US,USD,15550101067
ORD2068,2026-08-12 03:00:00,customer_1068@example.com,5,10.0,50.0,US,USD,15550101068
ORD2069,2026-08-12 03:15:00,customer_1069@example.com,1,23.0,23.0,US,USD,15550101069
ORD2070,2026-08-12 03:30:00,customer_1070@example.com,2,18.0,36.0,US,USD,15550101070
ORD2071,2026-08-12 03:45:00,customer_1071@example.com,3,22.0,66.0,US,USD,15550101071
ORD2072,2026-08-12 04:00:00,customer_1072@example.com,3,11.0,33.0,US,USD,15550101072
ORD2073,2026-08-12 04:15:00,customer_1073@example.com,4,11.0,44.0,US,USD,15550101073
ORD2074,2026-08-12 04:30:00,customer_1074@example.com,5,27.0,135.0,US,USD,15550101074
ORD2075,2026-08-12 04:45:00,customer_1075@example.com,2,21.0,42.0,US,USD,15550101075
ORD2076,2026-08-12 05:00:00,customer_1076@example.com,5,19.0,95.0,US,USD,15550101076
ORD2077,2026-08-12 05:15:00,customer_1077@example.com,1,22.0,22.0,US,USD,15550101077
ORD2078,2026-08-12 05:30:00,customer_1078@example.com,5,24.0,120.0,US,USD,15550101078
ORD2079,2026-08-12 05:45:00,customer_1079@example.com,5,18.0,90.0,US,USD,15550101079
ORD2080,2026-08-12 06:00:00,customer_1080@example.com,5,29.0,145.0,US,USD,15550101080
ORD2081,2026-08-12 06:15:00,customer_1081@example.com,1,14.0,14.0,US,USD,15550101081
ORD2082,2026-08-12 06:30:00,customer_1082@example.com,1,22.0,22.0,US,USD,15550101082
ORD2083,2026-08-12 06:45:00,customer_1083@example.com,3,20.0,60.0,US,USD,15550101083
ORD2084,2026-08-12 07:00:00,customer_1084@example.com,5,21.0,105.0,US,USD,15550101084
ORD2085,2026-08-12 07:15:00,customer_1085@example.com,2,16.0,32.0,US,USD,15550101085
ORD2086,2026-08-12 07:30:00,customer_1086@example.com,5,26.0,130.0,US,USD,15550101086
ORD2087,2026-08-12 07:45:00,customer_1087@example.com,4,26.0,104.0,US,USD,15550101087
ORD2088,2026-08-12 08:00:00,customer_1088@example.com,1,11.0,11.0,US,USD,15550101088
ORD2089,2026-08-12 08:15:00,customer_1089@example.com,1,14.0,14.0,US,USD,15550101089
ORD2090,2026-08-12 08:30:00,customer_1090@example.com,3,25.0,75.0,US,USD,15550101090
ORD2091,2026-08-12 08:45:00,customer_1091@example.com,5,24.0,120.0,US,USD,15550101091
ORD2092,2026-08-12 09:00:00,customer_1092@example.com,2,29.0,58.0,US,USD,15550101092
ORD2093,2026-08-12 09:15:00,customer_1093@example.com,5,14.0,70.0,US,USD,15550101093
ORD2094,2026-08-12 09:30:00,customer_1094@example.com,3,29.0,87.0,US,USD,15550101094
ORD2095,2026-08-12 09:45:00,customer_1095@example.com,3,15.0,45.0,US,USD,15550101095
ORD2096,2026-08-12 10:00:00,customer_1096@example.com,4,29.0,116.0,US,USD,15550101096
ORD2097,2026-08-12 10:15:00,customer_1097@example.com,3,28.0,84.0,US,USD,15550101097
ORD2098,2026-08-12 10:30:00,customer_1098@example.com,3,26.0,78.0,US,USD,15550101098
ORD2099,2026-08-12 10:45:00,customer_1099@example.com,5,27.0,135.0,US,USD,15550101099
ORD2100,2026-08-12 11:00:00,customer_1100@example.com,4,28.0,112.0,US,USD,15550101100
ORD2101,2026-08-12 11:15:00,customer_1101@example.com,3,25.0,75.0,US,USD,15550101101
ORD2102,2026-08-12 11:30:00,customer_1102@example.com,1,21.0,21.0,US,USD,15550101102
ORD2103,2026-08-12 11:45:00,customer_1103@example.com,3,13.0,39.0,US,USD,15550101103
ORD2104,2026-08-12 12:00:00,customer_1104@example.com,4,28.0,112.0,US,USD,15550101104
ORD2105,2026-08-12 12:15:00,customer_1105@example.com,3,30.0,90.0,US,USD,15550101105
ORD2106,2026-08-12 12:30:00,customer_1106@example.com,1,29.0,29.0,US,USD,15550101106
ORD2107,2026-08-12 12:45:00,customer_1107@example.com,4,18.0,72.0,US,USD,15550101107
ORD2108,2026-08-12 13:00:00,customer_1108@example.com,5,28.0,140.0,US,USD,15550101108
ORD2109,2026-08-12 13:15:00,customer_1109@example.com,2,11.0,22.0,US,USD,15550101109
ORD2110,2026-08-12 13:30:00,customer_1110@example.com,5,25.0,125.0,US,USD,15550101110
ORD2111,2026-08-12 13:45:00,customer_1111@example.com,2,26.0,52.0,US,USD,15550101111
ORD2112,2026-08-12 14:00:00,customer_1112@example.com,5,22.0,110.0,US,USD,15550101112
ORD2113,2026-08-12 14:15:00,customer_1113@example.com,2,17.0,34.0,US,USD,15550101113
ORD2114,2026-08-12 14:30:00,customer_1114@example.com,1,28.0,28.0,US,USD,15550101114
ORD2115,2026-08-12 14:45:00,customer_1115@example.com,1,16.0,16.0,US,USD,15550101115
ORD2116,2026-08-12 15:00:00,customer_1116@example.com,1,24.0,24.0,US,USD,15550101116
ORD2117,2026-08-12 15:15:00,customer_1117@example.com,3,23.0,69.0,US,USD,15550101117
ORD2118,2026-08-12 15:30:00,customer_1118@example.com,2,23.0,46.0,US,USD,15550101118
ORD2119,2026-08-12 15:45:00,customer_1119@example.com,2,23.0,46.0,US,USD,15550101119
ORD2120,2026-08-12 16:00:00,customer_1120@example.com,5,29.0,145.0,US,USD,15550101120
ORD2121,2026-08-12 16:15:00,customer_1121@example.com,4,11.0,44.0,US,USD,15550101121
ORD2122,2026-08-12 16:30:00,customer_1122@example.com,2,26.0,52.0,US,USD,15550101122
ORD2123,2026-08-12 16:45:00,customer_1123@example.com,2,27.0,54.0,US,USD,15550101123
ORD2124,2026-08-12 17:00:00,customer_1124@example.com,3,25.0,75.0,US,USD,15550101124
ORD2125,2026-08-12 17:15:00,customer_1125@example.com,5,22.0,110.0,US,USD,15550101125
ORD2126,2026-08-12 17:30:00,customer_1126@example.com,3,15.0,45.0,US,USD,15550101126
ORD2127,2026-08-12 17:45:00,customer_1127@example.com,4,27.0,108.0,US,USD,15550101127
ORD2128,2026-08-12 18:00:00,customer_1128@example.com,3,27.0,81.0,US,USD,15550101128
ORD2129,2026-08-12 18:15:00,customer_1129@example.com,3,30.0,90.0,US,USD,15550101129
ORD2130,2026-08-12 18:30:00,customer_1130@example.com,3,29.0,87.0,US,USD,15550101130
ORD2131,2026-08-12 18:45:00,customer_1131@example.com,4,16.0,64.0,US,USD,15550101131
ORD2132,2026-08-12 19:00:00,customer_1132@example.com,2,18.0,36.0,US,USD,15550101132
ORD2133,2026-08-12 19:15:00,customer_1133@example.com,5,19.0,95.0,US,USD,15550101133
ORD2134,2026-08-12 19:30:00,customer_1134@example.com,2,19.0,38.0,US,USD,15550101134
ORD2135,2026-08-12 19:45:00,customer_1135@example.com,3,16.0,48.0,US,USD,15550101135
ORD2136,2026-08-12 20:00:00,customer_1136@example.com,4,20.0,80.0,US,USD,15550101136
ORD2137,2026-08-12 20:15:00,customer_1137@example.com,4,21.0,84.0,US,USD,15550101137
ORD2138,2026-08-12 20:30:00,customer_1138@example.com,5,18.0,90.0,US,USD,15550101138
ORD2139,2026-08-12 20:45:00,customer_1139@example.com,3,13.0,39.0,US,USD,15550101139
ORD2140,2026-08-12 21:00:00,customer_1140@example.com,5,27.0,135.0,US,USD,15550101140
ORD2141,2026-08-12 21:15:00,customer_1141@example.com,4,22.0,88.0,US,USD,15550101141
ORD2142,2026-08-12 21:30:00,customer_1142@example.com,3,14.0,42.0,US,USD,15550101142
ORD2143,2026-08-12 21:45:00,customer_1143@example.com,3,11.0,33.0,US,USD,15550101143
ORD2144,2026-08-12 22:00:00,customer_1144@example.com,3,12.0,36.0,US,USD,15550101144
ORD2145,2026-08-12 22:15:00,customer_1145@example.com,3,24.0,72.0,US,USD,15550101145
ORD2146,2026-08-12 22:30:00,customer_1146@example.com,3,25.0,75.0,US,USD,15550101146
ORD2147,2026-08-12 22:45:00,customer_1147@example.com,2,16.0,32.0,US,USD,15550101147
ORD2148,2026-08-12 23:00:00,customer_1148@example.com,5,18.0,90.0,US,USD,15550101148
ORD2149,2026-08-12 23:15:00,customer_1149@example.com,5,18.0,90.0,US,USD,15550101149
ORD2150,2026-08-12 23:30:00,customer_1150@example.com,2,13.0,26.0,US,USD,15550101150
ORD2151,2026-08-12 23:45:00,customer_1151@example.com,5,28.0,140.0,US,USD,15550101151
ORD2152,2026-08-13 00:00:00,customer_1152@example.com,2,17.0,34.0,US,USD,15550101152
ORD2153,2026-08-13 00:15:00,customer_1153@example.com,1,26.0,26.0,US,USD,15550101153
ORD2154,2026-08-13 00:30:00,customer_1154@example.com,2,30.0,60.0,US,USD,15550101154
ORD2155,2026-08-13 00:45:00,customer_1155@example.com,2,11.0,22.0,US,USD,15550101155
ORD2156,2026-08-13 01:00:00,customer_1156@example.com,1,23.0,23.0,US,USD,15550101156
ORD2157,2026-08-13 01:15:00,customer_1157@example.com,3,25.0,75.0,US,USD,15550101157
ORD2158,2026-08-13 01:30:00,customer_1158@example.com,1,14.0,14.0,US,USD,15550101158
ORD2159,2026-08-13 01:45:00,customer_1159@example.com,1,27.0,27.0,US,USD,15550101159
ORD2160,2026-08-13 02:00:00,customer_1160@example.com,2,23.0,46.0,US,USD,15550101160
ORD2161,2026-08-13 02:15:00,customer_1161@example.com,4,25.0,100.0,US,USD,15550101161
ORD2162,2026-08-13 02:30:00,customer_1162@example.com,2,19.0,38.0,US,USD,15550101162
ORD2163,2026-08-13 02:45:00,customer_1163@example.com,3,19.0,57.0,US,USD,15550101163
ORD2164,2026-08-13 03:00:00,customer_1164@example.com,1,12.0,12.0,US,USD,15550101164
ORD2165,2026-08-13 03:15:00,customer_1165@example.com,5,17.0,85.0,US,USD,15550101165
ORD2166,2026-08-13 03:30:00,customer_1166@example.com,5,11.0,55.0,US,USD,15550101166
ORD2167,2026-08-13 03:45:00,customer_1167@example.com,2,23.0,46.0,US,USD,15550101167
ORD2168,2026-08-13 04:00:00,customer_1168@example.com,2,11.0,22.0,US,USD,15550101168
ORD2169,2026-08-13 04:15:00,customer_1169@example.com,4,25.0,100.0,US,USD,15550101169
ORD2170,2026-08-13 04:30:00,customer_1170@example.com,2,19.0,38.0,US,USD,15550101170
ORD2171,2026-08-13 04:45:00,customer_1171@example.com,1,10.0,10.0,US,USD,15550101171
ORD2172,2026-08-13 05:00:00,customer_1172@example.com,3,28.0,84.0,US,USD,15550101172
ORD2173,2026-08-13 05:15:00,customer_1173@example.com,5,13.0,65.0,US,USD,15550101173
ORD2174,2026-08-13 05:30:00,customer_1174@example.com,3,19.0,57.0,US,USD,15550101174
ORD2175,2026-08-13 05:45:00,customer_1175@example.com,4,30.0,120.0,US,USD,15550101175
ORD2176,2026-08-13 06:00:00,customer_1176@example.com,5,26.0,130.0,US,USD,15550101176
ORD2177,2026-08-13 06:15:00,customer_1177@example.com,4,14.0,56.0,US,USD,15550101177
ORD2178,2026-08-13 06:30:00,customer_1178@example.com,5,24.0,120.0,US,USD,15550101178
ORD2179,2026-08-13 06:45:00,customer_1179@example.com,3,16.0,48.0,US,USD,15550101179
ORD2180,2026-08-13 07:00:00,customer_1180@example.com,1,20.0,20.0,US,USD,15550101180
ORD2181,2026-08-13 07:15:00,customer_1181@example.com,2,24.0,48.0,US,USD,15550101181
ORD2182,2026-08-13 07:30:00,customer_1182@example.com,3,15.0,45.0,US,USD,15550101182
ORD2183,2026-08-13 07:45:00,customer_1183@example.com,1,20.0,20.0,US,USD,15550101183
ORD2184,2026-08-13 08:00:00,customer_1184@example.com,3,28.0,84.0,US,USD,15550101184
ORD2185,2026-08-13 08:15:00,customer_1185@example.com,2,15.0,30.0,US,USD,15550101185
ORD2186,2026-08-13 08:30:00,customer_1186@example.com,5,30.0,150.0,US,USD,15550101186
ORD2187,2026-08-13 08:45:00,customer_1187@example.com,4,23.0,92.0,US,USD,15550101187
ORD2188,2026-08-13 09:00:00,customer_1188@example.com,5,20.0,100.0,US,USD,15550101188
ORD2189,2026-08-13 09:15:00,customer_1189@example.com,1,22.0,22.0,US,USD,15550101189
ORD2190,2026-08-13 09:30:00,customer_1190@example.com,1,15.0,15.0,US,USD,15550101190
ORD2191,2026-08-13 09:45:00,customer_1191@example.com,2,25.0,50.0,US,USD,15550101191
ORD2192,2026-08-13 10:00:00,customer_1192@example.com,3,17.0,51.0,US,USD,15550101192
ORD2193,2026-08-13 10:15:00,customer_1193@example.com,1,18.0,18.0,US,USD,15550101193
ORD2194,2026-08-13 10:30:00,customer_1194@example.com,4,17.0,68.0,US,USD,15550101194
ORD2195,2026-08-13 10:45:00,customer_1195@example.com,4,18.0,72.0,US,USD,15550101195
ORD2196,2026-08-13 11:00:00,customer_1196@example.com,3,19.0,57.0,US,USD,15550101196
ORD2197,2026-08-13 11:15:00,customer_1197@example.com,5,28.0,140.0,US,USD,15550101197
ORD2198,2026-08-13 11:30:00,customer_1198@example.com,1,18.0,18.0,US,USD,15550101198
ORD2199,2026-08-13 11:45:00,customer_1199@example.com,3,17.0,51.0,US,USD,15550101199
ORD2200,2026-08-13 12:00:00,customer_1200@example.com,1,13.0,13.0,US,USD,15550101200
ORD2201,2026-08-13 12:15:00,customer_1201@example.com,4,19.0,76.0,US,USD,15550101201
ORD2202,2026-08-13 12:30:00,customer_1202@example.com,2,22.0,44.0,US,USD,15550101202
ORD2203,2026-08-13 12:45:00,customer_1203@example.com,5,19.0,95.0,US,USD,15550101203
ORD2204,2026-08-13 13:00:00,customer_1204@example.com,1,30.0,30.0,US,USD,15550101204
ORD2205,2026-08-13 13:15:00,customer_1205@example.com,3,21.0,63.0,US,USD,15550101205
ORD2206,2026-08-13 13:30:00,customer_1206@example.com,5,17.0,85.0,US,USD,15550101206
ORD2207,2026-08-13 13:45:00,customer_1207@example.com,2,14.0,28.0,US,USD,15550101207
ORD2208,2026-08-13 14:00:00,customer_1208@example.com,4,14.0,56.0,US,USD,15550101208
ORD2209,2026-08-13 14:15:00,customer_1209@example.com,4,29.0,116.0,US,USD,15550101209
ORD2210,2026-08-13 14:30:00,customer_1210@example.com,3,23.0,69.0,US,USD,15550101210
ORD2211,2026-08-13 14:45:00,customer_1211@example.com,5,25.0,125.0,US,USD,15550101211
ORD2212,2026-08-13 15:00:00,customer_1212@example.com,5,16.0,80.0,US,USD,15550101212
ORD2213,2026-08-13 15:15:00,customer_1213@example.com,2,29.0,58.0,US,USD,15550101213
ORD2214,2026-08-13 15:30:00,customer_1214@example.com,1,26.0,26.0,US,USD,15550101214
ORD2215,2026-08-13 15:45:00,customer_1215@example.com,4,26.0,104.0,US,USD,15550101215
ORD2216,2026-08-13 16:00:00,customer_1216@example.com,3,12.0,36.0,US,USD,15550101216
ORD2217,2026-08-13 16:15:00,customer_1217@example.com,5,13.0,65.0,US,USD,15550101217
ORD2218,2026-08-13 16:30:00,customer_1218@example.com,1,27.0,27.0,US,USD,15550101218
ORD2219,2026-08-13 16:45:00,customer_1219@example.com,5,16.0,80.0,US,USD,15550101219
ORD2220,2026-08-13 17:00:00,customer_1220@example.com,5,27.0,135.0,US,USD,15550101220
ORD2221,2026-08-13 17:15:00,customer_1221@example.com,2,15.0,30.0,US,USD,15550101221
ORD2222,2026-08-13 17:30:00,customer_1222@example.com,3,26.0,78.0,US,USD,15550101222
ORD2223,2026-08-13 17:45:00,customer_1223@example.com,4,13.0,52.0,US,USD,15550101223
ORD2224,2026-08-13 18:00:00,customer_1224@example.com,2,28.0,56.0,US,USD,15550101224
ORD2225,2026-08-13 18:15:00,customer_1225@example.com,4,12.0,48.0,US,USD,15550101225
ORD2226,2026-08-13 18:30:00,customer_1226@example.com,5,24.0,120.0,US,USD,15550101226
ORD2227,2026-08-13 18:45:00,customer_1227@example.com,1,24.0,24.0,US,USD,15550101227
ORD2228,2026-08-13 19:00:00,customer_1228@example.com,2,26.0,52.0,US,USD,15550101228
ORD2229,2026-08-13 19:15:00,customer_1229@example.com,4,24.0,96.0,US,USD,15550101229
ORD2230,2026-08-13 19:30:00,customer_1230@example.com,5,11.0,55.0,US,USD,15550101230
ORD2231,2026-08-13 19:45:00,customer_1231@example.com,5,24.0,120.0,US,USD,15550101231
ORD2232,2026-08-13 20:00:00,customer_1232@example.com,3,10.0,30.0,US,USD,15550101232
ORD2233,2026-08-13 20:15:00,customer_1233@example.com,4,18.0,72.0,US,USD,15550101233
ORD2234,2026-08-13 20:30:00,customer_1234@example.com,1,16.0,16.0,US,USD,15550101234
ORD2235,2026-08-13 20:45:00,customer_1235@example.com,5,12.0,60.0,US,USD,15550101235
ORD2236,2026-08-13 21:00:00,customer_1236@example.com,1,23.0,23.0,US,USD,15550101236
ORD2237,2026-08-13 21:15:00,customer_1237@example.com,3,12.0,36.0,US,USD,15550101237
ORD2238,2026-08-13 21:30:00,customer_1238@example.com,5,11.0,55.0,US,USD,15550101238
ORD2239,2026-08-13 21:45:00,customer_1239@example.com,1,25.0,25.0,US,USD,15550101239
ORD2240,2026-08-13 22:00:00,customer_1240@example.com,1,19.0,19.0,US,USD,15550101240
ORD2241,2026-08-13 22:15:00,customer_1241@example.com,4,15.0,60.0,US,USD,15550101241
ORD2242,2026-08-13 22:30:00,customer_1242@example.com,2,30.0,60.0,US,USD,15550101242
ORD2243,2026-08-13 22:45:00,customer_1243@example.com,4,21.0,84.0,US,USD,15550101243
ORD2244,2026-08-13 23:00:00,customer_1244@example.com,4,24.0,96.0,US,USD,15550101244
ORD2245,2026-08-13 23:15:00,customer_1245@example.com,4,22.0,88.0,US,USD,15550101245
ORD2246,2026-08-13 23:30:00,customer_1246@example.com,1,27.0,27.0,US,USD,15550101246
ORD2247,2026-08-13 23:45:00,customer_1247@example.com,2,30.0,60.0,US,USD,15550101247
ORD2248,2026-08-14 00:00:00,customer_1248@example.com,3,13.0,39.0,US,USD,15550101248
ORD2249,2026-08-14 00:15:00,customer_1249@example.com,2,27.0,54.0,US,USD,15550101249
ORD2250,2026-08-14 00:30:00,customer_1250@example.com,4,26.0,104.0,US,USD,15550101250
ORD2251,2026-08-14 00:45:00,customer_1251@example.com,2,17.0,34.0,US,USD,15550101251
ORD2252,2026-08-14 01:00:00,customer_1252@example.com,1,10.0,10.0,US,USD,15550101252
ORD2253,2026-08-14 01:15:00,customer_1253@example.com,3,24.0,72.0,US,USD,15550101253
ORD2254,2026-08-14 01:30:00,customer_1254@example.com,5,23.0,115.0,US,USD,15550101254
ORD2255,2026-08-14 01:45:00,customer_1255@example.com,5,22.0,110.0,US,USD,15550101255
ORD2256,2026-08-14 02:00:00,customer_1256@example.com,2,17.0,34.0,US,USD,15550101256
ORD2257,2026-08-14 02:15:00,customer_1257@example.com,4,21.0,84.0,US,USD,15550101257
ORD2258,2026-08-14 02:30:00,customer_1258@example.com,2,18.0,36.0,US,USD,15550101258
ORD2259,2026-08-14 02:45:00,customer_1259@example.com,2,13.0,26.0,US,USD,15550101259
ORD2260,2026-08-14 03:00:00,customer_1260@example.com,1,23.0,23.0,US,USD,15550101260
ORD2261,2026-08-14 03:15:00,customer_1261@example.com,5,10.0,50.0,US,USD,15550101261
ORD2262,2026-08-14 03:30:00,customer_1262@example.com,2,16.0,32.0,US,USD,15550101262
ORD2263,2026-08-14 03:45:00,customer_1263@example.com,1,13.0,13.0,US,USD,15550101263
ORD2264,2026-08-14 04:00:00,customer_1264@example.com,5,11.0,55.0,US,USD,15550101264
ORD2265,2026-08-14 04:15:00,customer_1265@example.com,4,29.0,116.0,US,USD,15550101265
ORD2266,2026-08-14 04:30:00,customer_1266@example.com,1,17.0,17.0,US,USD,15550101266
ORD2267,2026-08-14 04:45:00,customer_1267@example.com,1,22.0,22.0,US,USD,15550101267
ORD2268,2026-08-14 05:00:00,customer_1268@example.com,4,17.0,68.0,US,USD,15550101268
ORD2269,2026-08-14 05:15:00,customer_1269@example.com,5,16.0,80.0,US,USD,15550101269
ORD2270,2026-08-14 05:30:00,customer_1270@example.com,1,14.0,14.0,US,USD,15550101270
ORD2271,2026-08-14 05:45:00,customer_1271@example.com,5,19.0,95.0,US,USD,15550101271
ORD2272,2026-08-14 06:00:00,customer_1272@example.com,2,28.0,56.0,US,USD,15550101272
ORD2273,2026-08-14 06:15:00,customer_1273@example.com,3,28.0,84.0,US,USD,15550101273
ORD2274,2026-08-14 06:30:00,customer_1274@example.com,5,20.0,100.0,US,USD,15550101274
ORD2275,2026-08-14 06:45:00,customer_1275@example.com,2,19.0,38.0,US,USD,15550101275
ORD2276,2026-08-14 07:00:00,customer_1276@example.com,2,26.0,52.0,US,USD,15550101276
ORD2277,2026-08-14 07:15:00,customer_1277@example.com,2,23.0,46.0,US,USD,15550101277
ORD2278,2026-08-14 07:30:00,customer_1278@example.com,3,18.0,54.0,US,USD,15550101278
ORD2279,2026-08-14 07:45:00,customer_1279@example.com,1,27.0,27.0,US,USD,15550101279
ORD2280,2026-08-14 08:00:00,customer_1280@example.com,5,15.0,75.0,US,USD,15550101280
ORD2281,2026-08-14 08:15:00,customer_1281@example.com,4,27.0,108.0,US,USD,15550101281
ORD2282,2026-08-14 08:30:00,customer_1282@example.com,4,11.0,44.0,US,USD,15550101282
ORD2283,2026-08-14 08:45:00,customer_1283@example.com,3,30.0,90.0,US,USD,15550101283
ORD2284,2026-08-14 09:00:00,customer_1284@example.com,4,26.0,104.0,US,USD,15550101284
ORD2285,2026-08-14 09:15:00,customer_1285@example.com,3,23.0,69.0,US,USD,15550101285
ORD2286,2026-08-14 09:30:00,customer_1286@example.com,4,14.0,56.0,US,USD,15550101286
ORD2287,2026-08-14 09:45:00,customer_1287@example.com,3,22.0,66.0,US,USD,15550101287
ORD2288,2026-08-14 10:00:00,customer_1288@example.com,2,27.0,54.0,US,USD,15550101288
ORD2289,2026-08-14 10:15:00,customer_1289@example.com,4,17.0,68.0,US,USD,15550101289
ORD2290,2026-08-14 10:30:00,customer_1290@example.com,2,19.0,38.0,US,USD,15550101290
ORD2291,2026-08-14 10:45:00,customer_1291@example.com,2,24.0,48.0,US,USD,15550101291
ORD2292,2026-08-14 11:00:00,customer_1292@example.com,1,27.0,27.0,US,USD,15550101292
ORD2293,2026-08-14 11:15:00,customer_1293@example.com,4,23.0,92.0,US,USD,15550101293
ORD2294,2026-08-14 11:30:00,customer_1294@example.com,5,26.0,130.0,US,USD,15550101294
ORD2295,2026-08-14 11:45:00,customer_1295@example.com,2,22.0,44.0,US,USD,15550101295
ORD2296,2026-08-14 12:00:00,customer_1296@example.com,2,18.0,36.0,US,USD,15550101296
ORD2297,2026-08-14 12:15:00,customer_1297@example.com,2,20.0,40.0,US,USD,15550101297
ORD2298,2026-08-14 12:30:00,customer_1298@example.com,1,24.0,24.0,US,USD,15550101298
ORD2299,2026-08-14 12:45:00,customer_1299@example.com,3,12.0,36.0,US,USD,15550101299
ORD2300,2026-08-14 13:00:00,customer_1300@example.com,5,16.0,80.0,US,USD,15550101300
ORD2301,2026-08-14 13:15:00,customer_1301@example.com,1,18.0,18.0,US,USD,15550101301
ORD2302,2026-08-14 13:30:00,customer_1302@example.com,4,29.0,116.0,US,USD,15550101302
ORD2303,2026-08-14 13:45:00,customer_1303@example.com,5,11.0,55.0,US,USD,15550101303
ORD2304,2026-08-14 14:00:00,customer_1304@example.com,1,16.0,16.0,US,USD,15550101304
ORD2305,2026-08-14 14:15:00,customer_1305@example.com,5,27.0,135.0,US,USD,15550101305
ORD2306,2026-08-14 14:30:00,customer_1306@example.com,2,25.0,50.0,US,USD,15550101306
ORD2307,2026-08-14 14:45:00,customer_1307@example.com,2,20.0,40.0,US,USD,15550101307
ORD2308,2026-08-14 15:00:00,customer_1308@example.com,3,10.0,30.0,US,USD,15550101308
ORD2309,2026-08-14 15:15:00,customer_1309@example.com,2,16.0,32.0,US,USD,15550101309
ORD2310,2026-08-14 15:30:00,customer_1310@example.com,1,25.0,25.0,US,USD,15550101310
ORD2311,2026-08-14 15:45:00,customer_1311@example.com,2,29.0,58.0,US,USD,15550101311
ORD2312,2026-08-14 16:00:00,customer_1312@example.com,2,22.0,44.0,US,USD,15550101312
ORD2313,2026-08-14 16:15:00,customer_1313@example.com,2,27.0,54.0,US,USD,15550101313
ORD2314,2026-08-14 16:30:00,customer_1314@example.com,3,19.0,57.0,US,USD,15550101314
ORD2315,2026-08-14 16:45:00,customer_1315@example.com,4,24.0,96.0,US,USD,15550101315
ORD2316,2026-08-14 17:00:00,customer_1316@example.com,5,30.0,150.0,US,USD,15550101316
ORD2317,2026-08-14 17:15:00,customer_1317@example.com,3,19.0,57.0,US,USD,15550101317
ORD2318,2026-08-14 17:30:00,customer_1318@example.com,3,21.0,63.0,US,USD,15550101318
ORD2319,2026-08-14 17:45:00,customer_1319@example.com,5,25.0,125.0,US,USD,15550101319
ORD2320,2026-08-14 18:00:00,customer_1320@example.com,4,13.0,52.0,US,USD,15550101320
ORD2321,2026-08-14 18:15:00,customer_1321@example.com,4,20.0,80.0,US,USD,15550101321
ORD2322,2026-08-14 18:30:00,customer_1322@example.com,2,21.0,42.0,US,USD,15550101322
ORD2323,2026-08-14 18:45:00,customer_1323@example.com,3,23.0,69.0,US,USD,15550101323
ORD2324,2026-08-14 19:00:00,customer_1324@example.com,1,28.0,28.0,US,USD,15550101324
ORD2325,2026-08-14 19:15:00,customer_1325@example.com,2,14.0,28.0,US,USD,15550101325
ORD2326,2026-08-14 19:30:00,customer_1326@example.com,1,18.0,18.0,US,USD,15550101326
ORD2327,2026-08-14 19:45:00,customer_1327@example.com,5,28.0,140.0,US,USD,15550101327
ORD2328,2026-08-14 20:00:00,customer_1328@example.com,5,23.0,115.0,US,USD,15550101328
ORD2329,2026-08-14 20:15:00,customer_1329@example.com,3,14.0,42.0,US,USD,15550101329
ORD2330,2026-08-14 20:30:00,customer_1330@example.com,2,20.0,40.0,US,USD,15550101330
ORD2331,2026-08-14 20:45:00,customer_1331@example.com,2,22.0,44.0,US,USD,15550101331
ORD2332,2026-08-14 21:00:00,customer_1332@example.com,5,17.0,85.0,US,USD,15550101332
ORD2333,2026-08-14 21:15:00,customer_1333@example.com,4,27.0,108.0,US,USD,15550101333
ORD2334,2026-08-14 21:30:00,customer_1334@example.com,3,18.0,54.0,US,USD,15550101334
ORD2335,2026-08-14 21:45:00,customer_1335@example.com,4,30.0,120.0,US,USD,15550101335
ORD2336,2026-08-14 22:00:00,customer_1336@example.com,4,24.0,96.0,US,USD,15550101336
ORD2337,2026-08-14 22:15:00,customer_1337@example.com,2,21.0,42.0,US,USD,15550101337
ORD2338,2026-08-14 22:30:00,customer_1338@example.com,2,14.0,28.0,US,USD,15550101338
ORD2339,2026-08-14 22:45:00,customer_1339@example.com,5,25.0,125.0,US,USD,15550101339
ORD2340,2026-08-14 23:00:00,customer_1340@example.com,2,27.0,54.0,US,USD,15550101340
ORD2341,2026-08-14 23:15:00,customer_1341@example.com,1,26.0,26.0,US,USD,15550101341
ORD2342,2026-08-14 23:30:00,customer_1342@example.com,1,12.0,12.0,US,USD,15550101342
ORD2343,2026-08-14 23:45:00,customer_1343@example.com,1,10.0,10.0,US,USD,15550101343
ORD2344,2026-08-15 00:00:00,customer_1344@example.com,4,14.0,56.0,US,USD,15550101344
ORD2345,2026-08-15 00:15:00,customer_1345@example.com,2,12.0,24.0,US,USD,15550101345
ORD2346,2026-08-15 00:30:00,customer_1346@example.com,2,10.0,20.0,US,USD,15550101346
ORD2347,2026-08-15 00:45:00,customer_1347@example.com,2,26.0,52.0,US,USD,15550101347
ORD2348,2026-08-15 01:00:00,customer_1348@example.com,4,21.0,84.0,US,USD,15550101348
ORD2349,2026-08-15 01:15:00,customer_1349@example.com,1,29.0,29.0,US,USD,15550101349
ORD2350,2026-08-15 01:30:00,customer_1350@example.com,5,25.0,125.0,US,USD,15550101350
ORD2351,2026-08-15 01:45:00,customer_1351@example.com,4,10.0,40.0,US,USD,15550101351
ORD2352,2026-08-15 02:00:00,customer_1352@example.com,1,27.0,27.0,US,USD,15550101352
ORD2353,2026-08-15 02:15:00,customer_1353@example.com,5,23.0,115.0,US,USD,15550101353
ORD2354,2026-08-15 02:30:00,customer_1354@example.com,1,10.0,10.0,US,USD,15550101354
ORD2355,2026-08-15 02:45:00,customer_1355@example.com,5,18.0,90.0,US,USD,15550101355
ORD2356,2026-08-15 03:00:00,customer_1356@example.com,5,19.0,95.0,US,USD,15550101356
ORD2357,2026-08-15 03:15:00,customer_1357@example.com,1,26.0,26.0,US,USD,15550101357
ORD2358,2026-08-15 03:30:00,customer_1358@example.com,4,15.0,60.0,US,USD,15550101358
ORD2359,2026-08-15 03:45:00,customer_1359@example.com,1,13.0,13.0,US,USD,15550101359
ORD2360,2026-08-15 04:00:00,customer_1360@example.com,5,14.0,70.0,US,USD,15550101360
ORD2361,2026-08-15 04:15:00,customer_1361@example.com,2,16.0,32.0,US,USD,15550101361
ORD2362,2026-08-15 04:30:00,customer_1362@example.com,5,26.0,130.0,US,USD,15550101362
ORD2363,2026-08-15 04:45:00,customer_1363@example.com,3,21.0,63.0,US,USD,15550101363
ORD2364,2026-08-15 05:00:00,customer_1364@example.com,3,22.0,66.0,US,USD,15550101364
ORD2365,2026-08-15 05:15:00,customer_1365@example.com,1,21.0,21.0,US,USD,15550101365
ORD2366,2026-08-15 05:30:00,customer_1366@example.com,4,24.0,96.0,US,USD,15550101366
ORD2367,2026-08-15 05:45:00,customer_1367@example.com,5,17.0,85.0,US,USD,15550101367
ORD2368,2026-08-15 06:00:00,customer_1368@example.com,2,19.0,38.0,US,USD,15550101368
ORD2369,2026-08-15 06:15:00,customer_1369@example.com,1,30.0,30.0,US,USD,15550101369
ORD2370,2026-08-15 06:30:00,customer_1370@example.com,1,12.0,12.0,US,USD,15550101370
ORD2371,2026-08-15 06:45:00,customer_1371@example.com,4,22.0,88.0,US,USD,15550101371
ORD2372,2026-08-15 07:00:00,customer_1372@example.com,4,27.0,108.0,US,USD,15550101372
ORD2373,2026-08-15 07:15:00,customer_1373@example.com,4,11.0,44.0,US,USD,15550101373
ORD2374,2026-08-15 07:30:00,customer_1374@example.com,1,15.0,15.0,US,USD,15550101374
ORD2375,2026-08-15 07:45:00,customer_1375@example.com,1,25.0,25.0,US,USD,15550101375
ORD2376,2026-08-15 08:00:00,customer_1376@example.com,4,30.0,120.0,US,USD,15550101376
ORD2377,2026-08-15 08:15:00,customer_1377@example.com,3,28.0,84.0,US,USD,15550101377
ORD2378,2026-08-15 08:30:00,customer_1378@example.com,1,26.0,26.0,US,USD,15550101378
ORD2379,2026-08-15 08:45:00,customer_1379@example.com,1,17.0,17.0,US,USD,15550101379
ORD2380,2026-08-15 09:00:00,customer_1380@example.com,2,28.0,56.0,US,USD,15550101380
ORD2381,2026-08-15 09:15:00,customer_1381@example.com,4,18.0,72.0,US,USD,15550101381
ORD2382,2026-08-15 09:30:00,customer_1382@example.com,1,12.0,12.0,US,USD,15550101382
ORD2383,2026-08-15 09:45:00,customer_1383@example.com,3,27.0,81.0,US,USD,15550101383
ORD2384,2026-08-15 10:00:00,customer_1384@example.com,5,11.0,55.0,US,USD,15550101384
ORD2385,2026-08-15 10:15:00,customer_1385@example.com,2,20.0,40.0,US,USD,15550101385
ORD2386,2026-08-15 10:30:00,customer_1386@example.com,1,16.0,16.0,US,USD,15550101386
ORD2387,2026-08-15 10:45:00,customer_1387@example.com,5,14.0,70.0,US,USD,15550101387
ORD2388,2026-08-15 11:00:00,customer_1388@example.com,4,12.0,48.0,US,USD,15550101388
ORD2389,2026-08-15 11:15:00,customer_1389@example.com,3,15.0,45.0,US,USD,15550101389
ORD2390,2026-08-15 11:30:00,customer_1390@example.com,5,17.0,85.0,US,USD,15550101390
ORD2391,2026-08-15 11:45:00,customer_1391@example.com,5,22.0,110.0,US,USD,15550101391
ORD2392,2026-08-15 12:00:00,customer_1392@example.com,5,20.0,100.0,US,USD,15550101392
ORD2393,2026-08-15 12:15:00,customer_1393@example.com,4,14.0,56.0,US,USD,15550101393
ORD2394,2026-08-15 12:30:00,customer_1394@example.com,1,26.0,26.0,US,USD,15550101394
ORD2395,2026-08-15 12:45:00,customer_1395@example.com,3,11.0,33.0,US,USD,15550101395
ORD2396,2026-08-15 13:00:00,customer_1396@example.com,1,23.0,23.0,US,USD,15550101396
ORD2397,2026-08-15 13:15:00,customer_1397@example.com,2,12.0,24.0,US,USD,15550101397
ORD2398,2026-08-15 13:30:00,customer_1398@example.com,3,29.0,87.0,US,USD,15550101398
ORD2399,2026-08-15 13:45:00,customer_1399@example.com,5,29.0,145.0,US,USD,15550101399
ORD2400,2026-08-15 14:00:00,customer_1400@example.com,4,20.0,80.0,US,USD,15550101400
ORD2401,2026-08-15 14:15:00,customer_1401@example.com,1,30.0,30.0,US,USD,15550101401
ORD2402,2026-08-15 14:30:00,customer_1402@example.com,3,24.0,72.0,US,USD,15550101402
ORD2403,2026-08-15 14:45:00,customer_1403@example.com,4,17.0,68.0,US,USD,15550101403
ORD2404,2026-08-15 15:00:00,customer_1404@example.com,3,27.0,81.0,US,USD,15550101404
ORD2405,2026-08-15 15:15:00,customer_1405@example.com,4,23.0,92.0,US,USD,15550101405
ORD2406,2026-08-15 15:30:00,customer_1406@example.com,2,28.0,56.0,US,USD,15550101406
ORD2407,2026-08-15 15:45:00,customer_1407@example.com,4,12.0,48.0,US,USD,15550101407
ORD2408,2026-08-15 16:00:00,customer_1408@example.com,5,19.0,95.0,US,USD,15550101408
ORD2409,2026-08-15 16:15:00,customer_1409@example.com,2,12.0,24.0,US,USD,15550101409
ORD2410,2026-08-15 16:30:00,customer_1410@example.com,1,18.0,18.0,US,USD,15550101410
ORD2411,2026-08-15 16:45:00,customer_1411@example.com,2,22.0,44.0,US,USD,15550101411
ORD2412,2026-08-15 17:00:00,customer_1412@example.com,2,22.0,44.0,US,USD,15550101412
ORD2413,2026-08-15 17:15:00,customer_1413@example.com,3,21.0,63.0,US,USD,15550101413
ORD2414,2026-08-15 17:30:00,customer_1414@example.com,1,12.0,12.0,US,USD,15550101414
ORD2415,2026-08-15 17:45:00,customer_1415@example.com,1,19.0,19.0,US,USD,15550101415
ORD2416,2026-08-15 18:00:00,customer_1416@example.com,4,21.0,84.0,US,USD,15550101416
ORD2417,2026-08-15 18:15:00,customer_1417@example.com,3,13.0,39.0,US,USD,15550101417
ORD2418,2026-08-15 18:30:00,customer_1418@example.com,2,12.0,24.0,US,USD,15550101418
ORD2419,2026-08-15 18:45:00,customer_1419@example.com,2,23.0,46.0,US,USD,15550101419
ORD2420,2026-08-15 19:00:00,customer_1420@example.com,4,27.0,108.0,US,USD,15550101420
ORD2421,2026-08-15 19:15:00,customer_1421@example.com,5,26.0,130.0,US,USD,15550101421
ORD2422,2026-08-15 19:30:00,customer_1422@example.com,4,13.0,52.0,US,USD,15550101422
ORD2423,2026-08-15 19:45:00,customer_1423@example.com,1,12.0,12.0,US,USD,15550101423
ORD2424,2026-08-15 20:00:00,customer_1424@example.com,3,27.0,81.0,US,USD,15550101424
ORD2425,2026-08-15 20:15:00,customer_1425@example.com,1,29.0,29.0,US,USD,15550101425
ORD2426,2026-08-15 20:30:00,customer_1426@example.com,5,20.0,100.0,US,USD,15550101426
ORD2427,2026-08-15 20:45:00,customer_1427@example.com,4,10.0,40.0,US,USD,15550101427
ORD2428,2026-08-15 21:00:00,customer_1428@example.com,3,23.0,69.0,US,USD,15550101428
ORD2429,2026-08-15 21:15:00,customer_1429@example.com,4,12.0,48.0,US,USD,15550101429
ORD2430,2026-08-15 21:30:00,customer_1430@example.com,5,17.0,85.0,US,USD,15550101430
ORD2431,2026-08-15 21:45:00,customer_1431@example.com,5,26.0,130.0,US,USD,15550101431
ORD2432,2026-08-15 22:00:00,customer_1432@example.com,2,22.0,44.0,US,USD,15550101432
ORD2433,2026-08-15 22:15:00,customer_1433@example.com,2,14.0,28.0,US,USD,15550101433
ORD2434,2026-08-15 22:30:00,customer_1434@example.com,3,19.0,57.0,US,USD,15550101434
ORD2435,2026-08-15 22:45:00,customer_1435@example.com,3,25.0,75.0,US,USD,15550101435
ORD2436,2026-08-15 23:00:00,customer_1436@example.com,2,12.0,24.0,US,USD,15550101436
ORD2437,2026-08-15 23:15:00,customer_1437@example.com,2,23.0,46.0,US,USD,15550101437
ORD2438,2026-08-15 23:30:00,customer_1438@example.com,3,23.0,69.0,US,USD,15550101438
ORD2439,2026-08-15 23:45:00,customer_1439@example.com,3,25.0,75.0,US,USD,15550101439
ORD2440,2026-08-16 00:00:00,customer_1440@example.com,1,21.0,21.0,US,USD,15550101440
ORD2441,2026-08-16 00:15:00,customer_1441@example.com,3,17.0,51.0,US,USD,15550101441
ORD2442,2026-08-16 00:30:00,customer_1442@example.com,4,29.0,116.0,US,USD,15550101442
ORD2443,2026-08-16 00:45:00,customer_1443@example.com,5,16.0,80.0,US,USD,15550101443
ORD2444,2026-08-16 01:00:00,customer_1444@example.com,4,13.0,52.0,US,USD,15550101444
ORD2445,2026-08-16 01:15:00,customer_1445@example.com,2,19.0,38.0,US,USD,15550101445
ORD2446,2026-08-16 01:30:00,customer_1446@example.com,1,22.0,22.0,US,USD,15550101446
ORD2447,2026-08-16 01:45:00,customer_1447@example.com,3,29.0,87.0,US,USD,15550101447
ORD2448,2026-08-16 02:00:00,customer_1448@example.com,4,20.0,80.0,US,USD,15550101448
ORD2449,2026-08-16 02:15:00,customer_1449@example.com,4,20.0,80.0,US,USD,15550101449
ORD2450,2026-08-16 02:30:00,customer_1450@example.com,4,30.0,120.0,US,USD,15550101450
ORD2451,2026-08-16 02:45:00,customer_1451@example.com,5,14.0,70.0,US,USD,15550101451
ORD2452,2026-08-16 03:00:00,customer_1452@example.com,3,20.0,60.0,US,USD,15550101452
ORD2453,2026-08-16 03:15:00,customer_1453@example.com,5,16.0,80.0,US,USD,15550101453
ORD2454,2026-08-16 03:30:00,customer_1454@example.com,4,20.0,80.0,US,USD,15550101454
ORD2455,2026-08-16 03:45:00,customer_1455@example.com,2,22.0,44.0,US,USD,15550101455
ORD2456,2026-08-16 04:00:00,customer_1456@example.com,3,19.0,57.0,US,USD,15550101456
ORD2457,2026-08-16 04:15:00,customer_1457@example.com,4,28.0,112.0,US,USD,15550101457
ORD2458,2026-08-16 04:30:00,customer_1458@example.com,2,20.0,40.0,US,USD,15550101458
ORD2459,2026-08-16 04:45:00,customer_1459@example.com,4,18.0,72.0,US,USD,15550101459
ORD2460,2026-08-16 05:00:00,customer_1460@example.com,4,21.0,84.0,US,USD,15550101460
ORD2461,2026-08-16 05:15:00,customer_1461@example.com,1,28.0,28.0,US,USD,15550101461
ORD2462,2026-08-16 05:30:00,customer_1462@example.com,2,28.0,56.0,US,USD,15550101462
ORD2463,2026-08-16 05:45:00,customer_1463@example.com,5,15.0,75.0,US,USD,15550101463
ORD2464,2026-08-16 06:00:00,customer_1464@example.com,5,10.0,50.0,US,USD,15550101464
ORD2465,2026-08-16 06:15:00,customer_1465@example.com,4,16.0,64.0,US,USD,15550101465
ORD2466,2026-08-16 06:30:00,customer_1466@example.com,4,19.0,76.0,US,USD,15550101466
ORD2467,2026-08-16 06:45:00,customer_1467@example.com,1,23.0,23.0,US,USD,15550101467
ORD2468,2026-08-16 07:00:00,customer_1468@example.com,4,14.0,56.0,US,USD,15550101468
ORD2469,2026-08-16 07:15:00,customer_1469@example.com,3,17.0,51.0,US,USD,15550101469
ORD2470,2026-08-16 07:30:00,customer_1470@example.com,3,14.0,42.0,US,USD,15550101470
ORD2471,2026-08-16 07:45:00,customer_1471@example.com,4,22.0,88.0,US,USD,15550101471
ORD2472,2026-08-16 08:00:00,customer_1472@example.com,1,24.0,24.0,US,USD,15550101472
ORD2473,2026-08-16 08:15:00,customer_1473@example.com,5,25.0,125.0,US,USD,15550101473
ORD2474,2026-08-16 08:30:00,customer_1474@example.com,5,22.0,110.0,US,USD,15550101474
ORD2475,2026-08-16 08:45:00,customer_1475@example.com,5,26.0,130.0,US,USD,15550101475
ORD2476,2026-08-16 09:00:00,customer_1476@example.com,4,27.0,108.0,US,USD,15550101476
ORD2477,2026-08-16 09:15:00,customer_1477@example.com,1,21.0,21.0,US,USD,15550101477
ORD2478,2026-08-16 09:30:00,customer_1478@example.com,5,29.0,145.0,US,USD,15550101478
ORD2479,2026-08-16 09:45:00,customer_1479@example.com,1,13.0,13.0,US,USD,15550101479
ORD2480,2026-08-16 10:00:00,customer_1480@example.com,2,21.0,42.0,US,USD,15550101480
ORD2481,2026-08-16 10:15:00,customer_1481@example.com,2,30.0,60.0,US,USD,15550101481
ORD2482,2026-08-16 10:30:00,customer_1482@example.com,5,11.0,55.0,US,USD,15550101482
ORD2483,2026-08-16 10:45:00,customer_1483@example.com,5,30.0,150.0,US,USD,15550101483
ORD2484,2026-08-16 11:00:00,customer_1484@example.com,4,20.0,80.0,US,USD,15550101484
ORD2485,2026-08-16 11:15:00,customer_1485@example.com,4,13.0,52.0,US,USD,15550101485
ORD2486,2026-08-16 11:30:00,customer_1486@example.com,1,13.0,13.0,US,USD,15550101486
ORD2487,2026-08-16 11:45:00,customer_1487@example.com,3,17.0,51.0,US,USD,15550101487
ORD2488,2026-08-16 12:00:00,customer_1488@example.com,5,26.0,130.0,US,USD,15550101488
ORD2489,2026-08-16 12:15:00,customer_1489@example.com,5,28.0,140.0,US,USD,15550101489
ORD2490,2026-08-16 12:30:00,customer_1490@example.com,5,17.0,85.0,US,USD,15550101490
ORD2491,2026-08-16 12:45:00,customer_1491@example.com,4,21.0,84.0,US,USD,15550101491
ORD2492,2026-08-16 13:00:00,customer_1492@example.com,4,24.0,96.0,US,USD,15550101492
ORD2493,2026-08-16 13:15:00,customer_1493@example.com,5,26.0,130.0,US,USD,15550101493
ORD2494,2026-08-16 13:30:00,customer_1494@example.com,2,21.0,42.0,US,USD,15550101494
ORD2495,2026-08-16 13:45:00,customer_1495@example.com,1,25.0,25.0,US,USD,15550101495
ORD2496,2026-08-16 14:00:00,customer_1496@example.com,1,19.0,19.0,US,USD,15550101496
ORD2497,2026-08-16 14:15:00,customer_1497@example.com,4,12.0,48.0,US,USD,15550101497
ORD2498,2026-08-16 14:30:00,customer_1498@example.com,1,14.0,14.0,US,USD,15550101498
ORD2499,2026-08-16 14:45:00,customer_1499@example.com,3,19.0,57.0,US,USD,15550101499
ORD2500,2026-08-16 15:00:00,customer_1500@example.com,3,24.0,72.0,US,USD,15550101500
ORD2501,2026-08-16 15:15:00,customer_1501@example.com,2,26.0,52.0,US,USD,15550101501
ORD2502,2026-08-16 15:30:00,customer_1502@example.com,4,21.0,84.0,US,USD,15550101502
ORD2503,2026-08-16 15:45:00,customer_1503@example.com,4,13.0,52.0,US,USD,15550101503
ORD2504,2026-08-16 16:00:00,customer_1504@example.com,4,24.0,96.0,US,USD,15550101504
ORD2505,2026-08-16 16:15:00,customer_1505@example.com,3,12.0,36.0,US,USD,15550101505
ORD2506,2026-08-16 16:30:00,customer_1506@example.com,3,11.0,33.0,US,USD,15550101506
ORD2507,2026-08-16 16:45:00,customer_1507@example.com,1,10.0,10.0,US,USD,15550101507
ORD2508,2026-08-16 17:00:00,customer_1508@example.com,3,30.0,90.0,US,USD,15550101508
ORD2509,2026-08-16 17:15:00,customer_1509@example.com,1,15.0,15.0,US,USD,15550101509
ORD2510,2026-08-16 17:30:00,customer_1510@example.com,2,26.0,52.0,US,USD,15550101510
ORD2511,2026-08-16 17:45:00,customer_1511@example.com,2,27.0,54.0,US,USD,15550101511
ORD2512,2026-08-16 18:00:00,customer_1512@example.com,2,20.0,40.0,US,USD,15550101512
ORD2513,2026-08-16 18:15:00,customer_1513@example.com,5,23.0,115.0,US,USD,15550101513
ORD2514,2026-08-16 18:30:00,customer_1514@example.com,4,17.0,68.0,US,USD,15550101514
ORD2515,2026-08-16 18:45:00,customer_1515@example.com,4,30.0,120.0,US,USD,15550101515
ORD2516,2026-08-16 19:00:00,customer_1516@example.com,2,15.0,30.0,US,USD,15550101516
ORD2517,2026-08-16 19:15:00,customer_1517@example.com,4,22.0,88.0,US,USD,15550101517
ORD2518,2026-08-16 19:30:00,customer_1518@example.com,1,29.0,29.0,US,USD,15550101518
ORD2519,2026-08-16 19:45:00,customer_1519@example.com,2,24.0,48.0,US,USD,15550101519
ORD2520,2026-08-16 20:00:00,customer_1520@example.com,5,23.0,115.0,US,USD,15550101520
ORD2521,2026-08-16 20:15:00,customer_1521@example.com,4,10.0,40.0,US,USD,15550101521
ORD2522,2026-08-16 20:30:00,customer_1522@example.com,2,16.0,32.0,US,USD,15550101522
ORD2523,2026-08-16 20:45:00,customer_1523@example.com,3,12.0,36.0,US,USD,15550101523
ORD2524,2026-08-16 21:00:00,customer_1524@example.com,5,13.0,65.0,US,USD,15550101524
ORD2525,2026-08-16 21:15:00,customer_1525@example.com,5,15.0,75.0,US,USD,15550101525
ORD2526,2026-08-16 21:30:00,customer_1526@example.com,3,20.0,60.0,US,USD,15550101526
ORD2527,2026-08-16 21:45:00,customer_1527@example.com,2,24.0,48.0,US,USD,15550101527
ORD2528,2026-08-16 22:00:00,customer_1528@example.com,1,18.0,18.0,US,USD,15550101528
ORD2529,2026-08-16 22:15:00,customer_1529@example.com,4,26.0,104.0,US,USD,15550101529
ORD2530,2026-08-16 22:30:00,customer_1530@example.com,3,29.0,87.0,US,USD,15550101530
ORD2531,2026-08-16 22:45:00,customer_1531@example.com,4,29.0,116.0,US,USD,15550101531
ORD2532,2026-08-16 23:00:00,customer_1532@example.com,4,28.0,112.0,US,USD,15550101532
ORD2533,2026-08-16 23:15:00,customer_1533@example.com,1,21.0,21.0,US,USD,15550101533
ORD2534,2026-08-16 23:30:00,customer_1534@example.com,3,24.0,72.0,US,USD,15550101534
ORD2535,2026-08-16 23:45:00,customer_1535@example.com,5,15.0,75.0,US,USD,15550101535
ORD2536,2026-08-17 00:00:00,customer_1536@example.com,3,29.0,87.0,US,USD,15550101536
ORD2537,2026-08-17 00:15:00,customer_1537@example.com,5,12.0,60.0,US,USD,15550101537
ORD2538,2026-08-17 00:30:00,customer_1538@example.com,2,20.0,40.0,US,USD,15550101538
ORD2539,2026-08-17 00:45:00,customer_1539@example.com,1,17.0,17.0,US,USD,15550101539
ORD2540,2026-08-17 01:00:00,customer_1540@example.com,3,13.0,39.0,US,USD,15550101540
ORD2541,2026-08-17 01:15:00,customer_1541@example.com,2,21.0,42.0,US,USD,15550101541
ORD2542,2026-08-17 01:30:00,customer_1542@example.com,2,26.0,52.0,US,USD,15550101542
ORD2543,2026-08-17 01:45:00,customer_1543@example.com,4,23.0,92.0,US,USD,15550101543
ORD2544,2026-08-17 02:00:00,customer_1544@example.com,5,14.0,70.0,US,USD,15550101544
ORD2545,2026-08-17 02:15:00,customer_1545@example.com,5,22.0,110.0,US,USD,15550101545
ORD2546,2026-08-17 02:30:00,customer_1546@example.com,4,15.0,60.0,US,USD,15550101546
ORD2547,2026-08-17 02:45:00,customer_1547@example.com,4,30.0,120.0,US,USD,15550101547
ORD2548,2026-08-17 03:00:00,customer_1548@example.com,5,30.0,150.0,US,USD,15550101548
ORD2549,2026-08-17 03:15:00,customer_1549@example.com,2,27.0,54.0,US,USD,15550101549
ORD2550,2026-08-17 03:30:00,customer_1550@example.com,2,25.0,50.0,US,USD,15550101550
ORD2551,2026-08-17 03:45:00,customer_1551@example.com,3,14.0,42.0,US,USD,15550101551
ORD2552,2026-08-17 04:00:00,customer_1552@example.com,2,20.0,40.0,US,USD,15550101552
ORD2553,2026-08-17 04:15:00,customer_1553@example.com,4,29.0,116.0,US,USD,15550101553
ORD2554,2026-08-17 04:30:00,customer_1554@example.com,1,21.0,21.0,US,USD,15550101554
ORD2555,2026-08-17 04:45:00,customer_1555@example.com,1,25.0,25.0,US,USD,15550101555
ORD2556,2026-08-17 05:00:00,customer_1556@example.com,2,16.0,32.0,US,USD,15550101556
ORD2557,2026-08-17 05:15:00,customer_1557@example.com,4,27.0,108.0,US,USD,15550101557
ORD2558,2026-08-17 05:30:00,customer_1558@example.com,5,30.0,150.0,US,USD,15550101558
ORD2559,2026-08-17 05:45:00,customer_1559@example.com,4,23.0,92.0,US,USD,15550101559
ORD2560,2026-08-17 06:00:00,customer_1560@example.com,4,23.0,92.0,US,USD,15550101560
ORD2561,2026-08-17 06:15:00,customer_1561@example.com,4,25.0,100.0,US,USD,15550101561
ORD2562,2026-08-17 06:30:00,customer_1562@example.com,2,12.0,24.0,US,USD,15550101562
ORD2563,2026-08-17 06:45:00,customer_1563@example.com,5,10.0,50.0,US,USD,15550101563
ORD2564,2026-08-17 07:00:00,customer_1564@example.com,2,19.0,38.0,US,USD,15550101564
ORD2565,2026-08-17 07:15:00,customer_1565@example.com,1,18.0,18.0,US,USD,15550101565
ORD2566,2026-08-17 07:30:00,customer_1566@example.com,2,27.0,54.0,US,USD,15550101566
ORD2567,2026-08-17 07:45:00,customer_1567@example.com,3,15.0,45.0,US,USD,15550101567
ORD2568,2026-08-17 08:00:00,customer_1568@example.com,4,28.0,112.0,US,USD,15550101568
ORD2569,2026-08-17 08:15:00,customer_1569@example.com,4,27.0,108.0,US,USD,15550101569
ORD2570,2026-08-17 08:30:00,customer_1570@example.com,5,13.0,65.0,US,USD,15550101570
ORD2571,2026-08-17 08:45:00,customer_1571@example.com,5,13.0,65.0,US,USD,15550101571
ORD2572,2026-08-17 09:00:00,customer_1572@example.com,3,27.0,81.0,US,USD,15550101572
ORD2573,2026-08-17 09:15:00,customer_1573@example.com,3,27.0,81.0,US,USD,15550101573
ORD2574,2026-08-17 09:30:00,customer_1574@example.com,1,24.0,24.0,US,USD,15550101574
ORD2575,2026-08-17 09:45:00,customer_1575@example.com,5,16.0,80.0,US,USD,15550101575
ORD2576,2026-08-17 10:00:00,customer_1576@example.com,4,13.0,52.0,US,USD,15550101576
ORD2577,2026-08-17 10:15:00,customer_1577@example.com,2,19.0,38.0,US,USD,15550101577
ORD2578,2026-08-17 10:30:00,customer_1578@example.com,1,24.0,24.0,US,USD,15550101578
ORD2579,2026-08-17 10:45:00,customer_1579@example.com,3,21.0,63.0,US,USD,15550101579
ORD2580,2026-08-17 11:00:00,customer_1580@example.com,1,24.0,24.0,US,USD,15550101580
ORD2581,2026-08-17 11:15:00,customer_1581@example.com,1,17.0,17.0,US,USD,15550101581
ORD2582,2026-08-17 11:30:00,customer_1582@example.com,2,28.0,56.0,US,USD,15550101582
ORD2583,2026-08-17 11:45:00,customer_1583@example.com,3,29.0,87.0,US,USD,15550101583
ORD2584,2026-08-17 12:00:00,customer_1584@example.com,4,15.0,60.0,US,USD,15550101584
ORD2585,2026-08-17 12:15:00,customer_1585@example.com,5,14.0,70.0,US,USD,15550101585
ORD2586,2026-08-17 12:30:00,customer_1586@example.com,2,16.0,32.0,US,USD,15550101586
ORD2587,2026-08-17 12:45:00,customer_1587@example.com,1,28.0,28.0,US,USD,15550101587
ORD2588,2026-08-17 13:00:00,customer_1588@example.com,3,27.0,81.0,US,USD,15550101588
ORD2589,2026-08-17 13:15:00,customer_1589@example.com,3,29.0,87.0,US,USD,15550101589
ORD2590,2026-08-17 13:30:00,customer_1590@example.com,5,15.0,75.0,US,USD,15550101590
ORD2591,2026-08-17 13:45:00,customer_1591@example.com,3,19.0,57.0,US,USD,15550101591
ORD2592,2026-08-17 14:00:00,customer_1592@example.com,3,28.0,84.0,US,USD,15550101592
ORD2593,2026-08-17 14:15:00,customer_1593@example.com,3,26.0,78.0,US,USD,15550101593
ORD2594,2026-08-17 14:30:00,customer_1594@example.com,1,14.0,14.0,US,USD,15550101594
ORD2595,2026-08-17 14:45:00,customer_1595@example.com,4,11.0,44.0,US,USD,15550101595
ORD2596,2026-08-17 15:00:00,customer_1596@example.com,3,30.0,90.0,US,USD,15550101596
ORD2597,2026-08-17 15:15:00,customer_1597@example.com,2,14.0,28.0,US,USD,15550101597
ORD2598,2026-08-17 15:30:00,customer_1598@example.com,2,14.0,28.0,US,USD,15550101598
ORD2599,2026-08-17 15:45:00,customer_1599@example.com,3,17.0,51.0,US,USD,15550101599
ORD2600,2026-08-17 16:00:00,customer_1600@example.com,4,25.0,100.0,US,USD,15550101600
ORD2601,2026-08-17 16:15:00,customer_1601@example.com,2,28.0,56.0,US,USD,15550101601
ORD2602,2026-08-17 16:30:00,customer_1602@example.com,3,30.0,90.0,US,USD,15550101602
ORD2603,2026-08-17 16:45:00,customer_1603@example.com,4,22.0,88.0,US,USD,15550101603
ORD2604,2026-08-17 17:00:00,customer_1604@example.com,4,12.0,48.0,US,USD,15550101604
ORD2605,2026-08-17 17:15:00,customer_1605@example.com,1,22.0,22.0,US,USD,15550101605
ORD2606,2026-08-17 17:30:00,customer_1606@example.com,5,18.0,90.0,US,USD,15550101606
ORD2607,2026-08-17 17:45:00,customer_1607@example.com,3,24.0,72.0,US,USD,15550101607
ORD2608,2026-08-17 18:00:00,customer_1608@example.com,4,20.0,80.0,US,USD,15550101608
ORD2609,2026-08-17 18:15:00,customer_1609@example.com,5,10.0,50.0,US,USD,15550101609
ORD2610,2026-08-17 18:30:00,customer_1610@example.com,1,24.0,24.0,US,USD,15550101610
ORD2611,2026-08-17 18:45:00,customer_1611@example.com,3,12.0,36.0,US,USD,15550101611
ORD2612,2026-08-17 19:00:00,customer_1612@example.com,5,22.0,110.0,US,USD,15550101612
ORD2613,2026-08-17 19:15:00,customer_1613@example.com,2,23.0,46.0,US,USD,15550101613
ORD2614,2026-08-17 19:30:00,customer_1614@example.com,2,25.0,50.0,US,USD,15550101614
ORD2615,2026-08-17 19:45:00,customer_1615@example.com,3,20.0,60.0,US,USD,15550101615
ORD2616,2026-08-17 20:00:00,customer_1616@example.com,3,20.0,60.0,US,USD,15550101616
ORD2617,2026-08-17 20:15:00,customer_1617@example.com,5,28.0,140.0,US,USD,15550101617
ORD2618,2026-08-17 20:30:00,customer_1618@example.com,2,28.0,56.0,US,USD,15550101618
ORD2619,2026-08-17 20:45:00,customer_1619@example.com,4,20.0,80.0,US,USD,15550101619
ORD2620,2026-08-17 21:00:00,customer_1620@example.com,1,11.0,11.0,US,USD,15550101620
ORD2621,2026-08-17 21:15:00,customer_1621@example.com,1,30.0,30.0,US,USD,15550101621
ORD2622,2026-08-17 21:30:00,customer_1622@example.com,4,10.0,40.0,US,USD,15550101622
ORD2623,2026-08-17 21:45:00,customer_1623@example.com,1,15.0,15.0,US,USD,15550101623
ORD2624,2026-08-17 22:00:00,customer_1624@example.com,4,24.0,96.0,US,USD,15550101624
ORD2625,2026-08-17 22:15:00,customer_1625@example.com,1,23.0,23.0,US,USD,15550101625
ORD2626,2026-08-17 22:30:00,customer_1626@example.com,2,14.0,28.0,US,USD,15550101626
ORD2627,2026-08-17 22:45:00,customer_1627@example.com,3,15.0,45.0,US,USD,15550101627
ORD2628,2026-08-17 23:00:00,customer_1628@example.com,3,12.0,36.0,US,USD,15550101628
ORD2629,2026-08-17 23:15:00,customer_1629@example.com,3,18.0,54.0,US,USD,15550101629
ORD2630,2026-08-17 23:30:00,customer_1630@example.com,1,21.0,21.0,US,USD,15550101630
ORD2631,2026-08-17 23:45:00,customer_1631@example.com,2,11.0,22.0,US,USD,15550101631
ORD2632,2026-08-18 00:00:00,customer_1632@example.com,4,30.0,120.0,US,USD,15550101632
ORD2633,2026-08-18 00:15:00,customer_1633@example.com,3,17.0,51.0,US,USD,15550101633
ORD2634,2026-08-18 00:30:00,customer_1634@example.com,4,30.0,120.0,US,USD,15550101634
ORD2635,2026-08-18 00:45:00,customer_1635@example.com,1,13.0,13.0,US,USD,15550101635
ORD2636,2026-08-18 01:00:00,customer_1636@example.com,1,16.0,16.0,US,USD,15550101636
ORD2637,2026-08-18 01:15:00,customer_1637@example.com,4,12.0,48.0,US,USD,15550101637
ORD2638,2026-08-18 01:30:00,customer_1638@example.com,2,28.0,56.0,US,USD,15550101638
ORD2639,2026-08-18 01:45:00,customer_1639@example.com,2,26.0,52.0,US,USD,15550101639
ORD2640,2026-08-18 02:00:00,customer_1640@example.com,4,10.0,40.0,US,USD,15550101640
ORD2641,2026-08-18 02:15:00,customer_1641@example.com,1,20.0,20.0,US,USD,15550101641
ORD2642,2026-08-18 02:30:00,customer_1642@example.com,1,23.0,23.0,US,USD,15550101642
ORD2643,2026-08-18 02:45:00,customer_1643@example.com,2,25.0,50.0,US,USD,15550101643
ORD2644,2026-08-18 03:00:00,customer_1644@example.com,1,17.0,17.0,US,USD,15550101644
ORD2645,2026-08-18 03:15:00,customer_1645@example.com,4,12.0,48.0,US,USD,15550101645
ORD2646,2026-08-18 03:30:00,customer_1646@example.com,1,13.0,13.0,US,USD,15550101646
ORD2647,2026-08-18 03:45:00,customer_1647@example.com,3,21.0,63.0,US,USD,15550101647
ORD2648,2026-08-18 04:00:00,customer_1648@example.com,3,14.0,42.0,US,USD,15550101648
ORD2649,2026-08-18 04:15:00,customer_1649@example.com,4,14.0,56.0,US,USD,15550101649
ORD2650,2026-08-18 04:30:00,customer_1650@example.com,2,12.0,24.0,US,USD,15550101650
ORD2651,2026-08-18 04:45:00,customer_1651@example.com,5,28.0,140.0,US,USD,15550101651
ORD2652,2026-08-18 05:00:00,customer_1652@example.com,1,29.0,29.0,US,USD,15550101652
ORD2653,2026-08-18 05:15:00,customer_1653@example.com,2,24.0,48.0,US,USD,15550101653
ORD2654,2026-08-18 05:30:00,customer_1654@example.com,3,16.0,48.0,US,USD,15550101654
ORD2655,2026-08-18 05:45:00,customer_1655@example.com,2,23.0,46.0,US,USD,15550101655
ORD2656,2026-08-18 06:00:00,customer_1656@example.com,5,24.0,120.0,US,USD,15550101656
ORD2657,2026-08-18 06:15:00,customer_1657@example.com,2,12.0,24.0,US,USD,15550101657
ORD2658,2026-08-18 06:30:00,customer_1658@example.com,1,14.0,14.0,US,USD,15550101658
ORD2659,2026-08-18 06:45:00,customer_1659@example.com,1,28.0,28.0,US,USD,15550101659
ORD2660,2026-08-18 07:00:00,customer_1660@example.com,4,21.0,84.0,US,USD,15550101660
ORD2661,2026-08-18 07:15:00,customer_1661@example.com,4,20.0,80.0,US,USD,15550101661
ORD2662,2026-08-18 07:30:00,customer_1662@example.com,2,17.0,34.0,US,USD,15550101662
ORD2663,2026-08-18 07:45:00,customer_1663@example.com,3,30.0,90.0,US,USD,15550101663
ORD2664,2026-08-18 08:00:00,customer_1664@example.com,1,17.0,17.0,US,USD,15550101664
ORD2665,2026-08-18 08:15:00,customer_1665@example.com,5,29.0,145.0,US,USD,15550101665
ORD2666,2026-08-18 08:30:00,customer_1666@example.com,5,29.0,145.0,US,USD,15550101666
ORD2667,2026-08-18 08:45:00,customer_1667@example.com,3,10.0,30.0,US,USD,15550101667
ORD2668,2026-08-18 09:00:00,customer_1668@example.com,3,16.0,48.0,US,USD,15550101668
ORD2669,2026-08-18 09:15:00,customer_1669@example.com,5,29.0,145.0,US,USD,15550101669
ORD2670,2026-08-18 09:30:00,customer_1670@example.com,5,16.0,80.0,US,USD,15550101670
ORD2671,2026-08-18 09:45:00,customer_1671@example.com,4,19.0,76.0,US,USD,15550101671
ORD2672,2026-08-18 10:00:00,customer_1672@example.com,1,17.0,17.0,US,USD,15550101672
ORD2673,2026-08-18 10:15:00,customer_1673@example.com,4,22.0,88.0,US,USD,15550101673
ORD2674,2026-08-18 10:30:00,customer_1674@example.com,1,17.0,17.0,US,USD,15550101674
ORD2675,2026-08-18 10:45:00,customer_1675@example.com,4,30.0,120.0,US,USD,15550101675
ORD2676,2026-08-18 11:00:00,customer_1676@example.com,5,12.0,60.0,US,USD,15550101676
ORD2677,2026-08-18 11:15:00,customer_1677@example.com,5,10.0,50.0,US,USD,15550101677
ORD2678,2026-08-18 11:30:00,customer_1678@example.com,3,20.0,60.0,US,USD,15550101678
ORD2679,2026-08-18 11:45:00,customer_1679@example.com,2,22.0,44.0,US,USD,15550101679
ORD2680,2026-08-18 12:00:00,customer_1680@example.com,5,23.0,115.0,US,USD,15550101680
ORD2681,2026-08-18 12:15:00,customer_1681@example.com,3,27.0,81.0,US,USD,15550101681
ORD2682,2026-08-18 12:30:00,customer_1682@example.com,2,25.0,50.0,US,USD,15550101682
ORD2683,2026-08-18 12:45:00,customer_1683@example.com,1,10.0,10.0,US,USD,15550101683
ORD2684,2026-08-18 13:00:00,customer_1684@example.com,5,12.0,60.0,US,USD,15550101684
ORD2685,2026-08-18 13:15:00,customer_1685@example.com,1,18.0,18.0,US,USD,15550101685
ORD2686,2026-08-18 13:30:00,customer_1686@example.com,2,11.0,22.0,US,USD,15550101686
ORD2687,2026-08-18 13:45:00,customer_1687@example.com,1,22.0,22.0,US,USD,15550101687
ORD2688,2026-08-18 14:00:00,customer_1688@example.com,5,19.0,95.0,US,USD,15550101688
ORD2689,2026-08-18 14:15:00,customer_1689@example.com,5,23.0,115.0,US,USD,15550101689
ORD2690,2026-08-18 14:30:00,customer_1690@example.com,4,22.0,88.0,US,USD,15550101690
ORD2691,2026-08-18 14:45:00,customer_1691@example.com,1,30.0,30.0,US,USD,15550101691
ORD2692,2026-08-18 15:00:00,customer_1692@example.com,5,27.0,135.0,US,USD,15550101692
ORD2693,2026-08-18 15:15:00,customer_1693@example.com,5,14.0,70.0,US,USD,15550101693
ORD2694,2026-08-18 15:30:00,customer_1694@example.com,3,12.0,36.0,US,USD,15550101694
ORD2695,2026-08-18 15:45:00,customer_1695@example.com,3,12.0,36.0,US,USD,15550101695
ORD2696,2026-08-18 16:00:00,customer_1696@example.com,5,16.0,80.0,US,USD,15550101696
ORD2697,2026-08-18 16:15:00,customer_1697@example.com,2,27.0,54.0,US,USD,15550101697
ORD2698,2026-08-18 16:30:00,customer_1698@example.com,3,22.0,66.0,US,USD,15550101698
ORD2699,2026-08-18 16:45:00,customer_1699@example.com,5,30.0,150.0,US,USD,15550101699
ORD2700,2026-08-18 17:00:00,customer_1700@example.com,1,19.0,19.0,US,USD,15550101700
ORD2701,2026-08-18 17:15:00,customer_1701@example.com,4,17.0,68.0,US,USD,15550101701
ORD2702,2026-08-18 17:30:00,customer_1702@example.com,1,17.0,17.0,US,USD,15550101702
ORD2703,2026-08-18 17:45:00,customer_1703@example.com,1,23.0,23.0,US,USD,15550101703
ORD2704,2026-08-18 18:00:00,customer_1704@example.com,1,24.0,24.0,US,USD,15550101704
ORD2705,2026-08-18 18:15:00,customer_1705@example.com,5,29.0,145.0,US,USD,15550101705
ORD2706,2026-08-18 18:30:00,customer_1706@example.com,1,19.0,19.0,US,USD,15550101706
ORD2707,2026-08-18 18:45:00,customer_1707@example.com,2,13.0,26.0,US,USD,15550101707
ORD2708,2026-08-18 19:00:00,customer_1708@example.com,1,14.0,14.0,US,USD,15550101708
ORD2709,2026-08-18 19:15:00,customer_1709@example.com,1,15.0,15.0,US,USD,15550101709
ORD2710,2026-08-18 19:30:00,customer_1710@example.com,4,21.0,84.0,US,USD,15550101710
ORD2711,2026-08-18 19:45:00,customer_1711@example.com,5,26.0,130.0,US,USD,15550101711
ORD2712,2026-08-18 20:00:00,customer_1712@example.com,3,15.0,45.0,US,USD,15550101712
ORD2713,2026-08-18 20:15:00,customer_1713@example.com,3,14.0,42.0,US,USD,15550101713
ORD2714,2026-08-18 20:30:00,customer_1714@example.com,3,13.0,39.0,US,USD,15550101714
ORD2715,2026-08-18 20:45:00,customer_1715@example.com,1,20.0,20.0,US,USD,15550101715
ORD2716,2026-08-18 21:00:00,customer_1716@example.com,4,18.0,72.0,US,USD,15550101716
ORD2717,2026-08-18 21:15:00,customer_1717@example.com,5,12.0,60.0,US,USD,15550101717
ORD2718,2026-08-18 21:30:00,customer_1718@example.com,3,28.0,84.0,US,USD,15550101718
ORD2719,2026-08-18 21:45:00,customer_1719@example.com,1,25.0,25.0,US,USD,15550101719
ORD2720,2026-08-18 22:00:00,customer_1720@example.com,4,26.0,104.0,US,USD,15550101720
ORD2721,2026-08-18 22:15:00,customer_1721@example.com,3,11.0,33.0,US,USD,15550101721
ORD2722,2026-08-18 22:30:00,customer_1722@example.com,4,28.0,112.0,US,USD,15550101722
ORD2723,2026-08-18 22:45:00,customer_1723@example.com,2,21.0,42.0,US,USD,15550101723
ORD2724,2026-08-18 23:00:00,customer_1724@example.com,2,18.0,36.0,US,USD,15550101724
ORD2725,2026-08-18 23:15:00,customer_1725@example.com,1,28.0,28.0,US,USD,15550101725
ORD2726,2026-08-18 23:30:00,customer_1726@example.com,1,17.0,17.0,US,USD,15550101726
ORD2727,2026-08-18 23:45:00,customer_1727@example.com,5,10.0,50.0,US,USD,15550101727
ORD2728,2026-08-19 00:00:00,customer_1728@example.com,1,10.0,10.0,US,USD,15550101728
ORD2729,2026-08-19 00:15:00,customer_1729@example.com,2,11.0,22.0,US,USD,15550101729
ORD2730,2026-08-19 00:30:00,customer_1730@example.com,4,21.0,84.0,US,USD,15550101730
ORD2731,2026-08-19 00:45:00,customer_1731@example.com,4,14.0,56.0,US,USD,15550101731
ORD2732,2026-08-19 01:00:00,customer_1732@example.com,2,11.0,22.0,US,USD,15550101732
ORD2733,2026-08-19 01:15:00,customer_1733@example.com,5,30.0,150.0,US,USD,15550101733
ORD2734,2026-08-19 01:30:00,customer_1734@example.com,4,17.0,68.0,US,USD,15550101734
ORD2735,2026-08-19 01:45:00,customer_1735@example.com,3,17.0,51.0,US,USD,15550101735
ORD2736,2026-08-19 02:00:00,customer_1736@example.com,4,20.0,80.0,US,USD,15550101736
ORD2737,2026-08-19 02:15:00,customer_1737@example.com,3,12.0,36.0,US,USD,15550101737
ORD2738,2026-08-19 02:30:00,customer_1738@example.com,5,21.0,105.0,US,USD,15550101738
ORD2739,2026-08-19 02:45:00,customer_1739@example.com,1,26.0,26.0,US,USD,15550101739
ORD2740,2026-08-19 03:00:00,customer_1740@example.com,1,15.0,15.0,US,USD,15550101740
ORD2741,2026-08-19 03:15:00,customer_1741@example.com,2,26.0,52.0,US,USD,15550101741
ORD2742,2026-08-19 03:30:00,customer_1742@example.com,1,22.0,22.0,US,USD,15550101742
ORD2743,2026-08-19 03:45:00,customer_1743@example.com,1,24.0,24.0,US,USD,15550101743
ORD2744,2026-08-19 04:00:00,customer_1744@example.com,3,19.0,57.0,US,USD,15550101744
ORD2745,2026-08-19 04:15:00,customer_1745@example.com,3,12.0,36.0,US,USD,15550101745
ORD2746,2026-08-19 04:30:00,customer_1746@example.com,5,24.0,120.0,US,USD,15550101746
ORD2747,2026-08-19 04:45:00,customer_1747@example.com,1,21.0,21.0,US,USD,15550101747
ORD2748,2026-08-19 05:00:00,customer_1748@example.com,2,19.0,38.0,US,USD,15550101748
ORD2749,2026-08-19 05:15:00,customer_1749@example.com,5,19.0,95.0,US,USD,15550101749
ORD2750,2026-08-19 05:30:00,customer_1750@example.com,5,17.0,85.0,US,USD,15550101750
ORD2751,2026-08-19 05:45:00,customer_1751@example.com,4,21.0,84.0,US,USD,15550101751
ORD2752,2026-08-19 06:00:00,customer_1752@example.com,5,25.0,125.0,US,USD,15550101752
ORD2753,2026-08-19 06:15:00,customer_1753@example.com,2,27.0,54.0,US,USD,15550101753
ORD2754,2026-08-19 06:30:00,customer_1754@example.com,2,14.0,28.0,US,USD,15550101754
ORD2755,2026-08-19 06:45:00,customer_1755@example.com,1,23.0,23.0,US,USD,15550101755
ORD2756,2026-08-19 07:00:00,customer_1756@example.com,1,17.0,17.0,US,USD,15550101756
ORD2757,2026-08-19 07:15:00,customer_1757@example.com,5,21.0,105.0,US,USD,15550101757
ORD2758,2026-08-19 07:30:00,customer_1758@example.com,1,20.0,20.0,US,USD,15550101758
ORD2759,2026-08-19 07:45:00,customer_1759@example.com,1,22.0,22.0,US,USD,15550101759
ORD2760,2026-08-19 08:00:00,customer_1760@example.com,3,13.0,39.0,US,USD,15550101760
ORD2761,2026-08-19 08:15:00,customer_1761@example.com,2,26.0,52.0,US,USD,15550101761
ORD2762,2026-08-19 08:30:00,customer_1762@example.com,2,23.0,46.0,US,USD,15550101762
ORD2763,2026-08-19 08:45:00,customer_1763@example.com,4,11.0,44.0,US,USD,15550101763
ORD2764,2026-08-19 09:00:00,customer_1764@example.com,2,18.0,36.0,US,USD,15550101764
ORD2765,2026-08-19 09:15:00,customer_1765@example.com,1,11.0,11.0,US,USD,15550101765
ORD2766,2026-08-19 09:30:00,customer_1766@example.com,2,26.0,52.0,US,USD,15550101766
ORD2767,2026-08-19 09:45:00,customer_1767@example.com,4,21.0,84.0,US,USD,15550101767
ORD2768,2026-08-19 10:00:00,customer_1768@example.com,4,12.0,48.0,US,USD,15550101768
ORD2769,2026-08-19 10:15:00,customer_1769@example.com,5,13.0,65.0,US,USD,15550101769
ORD2770,2026-08-19 10:30:00,customer_1770@example.com,5,14.0,70.0,US,USD,15550101770
ORD2771,2026-08-19 10:45:00,customer_1771@example.com,4,12.0,48.0,US,USD,15550101771
ORD2772,2026-08-19 11:00:00,customer_1772@example.com,5,28.0,140.0,US,USD,15550101772
ORD2773,2026-08-19 11:15:00,customer_1773@example.com,1,23.0,23.0,US,USD,15550101773
ORD2774,2026-08-19 11:30:00,customer_1774@example.com,2,17.0,34.0,US,USD,15550101774
ORD2775,2026-08-19 11:45:00,customer_1775@example.com,3,18.0,54.0,US,USD,15550101775
ORD2776,2026-08-19 12:00:00,customer_1776@example.com,3,22.0,66.0,US,USD,15550101776
ORD2777,2026-08-19 12:15:00,customer_1777@example.com,3,20.0,60.0,US,USD,15550101777
ORD2778,2026-08-19 12:30:00,customer_1778@example.com,4,18.0,72.0,US,USD,15550101778
ORD2779,2026-08-19 12:45:00,customer_1779@example.com,2,12.0,24.0,US,USD,15550101779
ORD2780,2026-08-19 13:00:00,customer_1780@example.com,2,14.0,28.0,US,USD,15550101780
ORD2781,2026-08-19 13:15:00,customer_1781@example.com,5,13.0,65.0,US,USD,15550101781
ORD2782,2026-08-19 13:30:00,customer_1782@example.com,2,13.0,26.0,US,USD,15550101782
ORD2783,2026-08-19 13:45:00,customer_1783@example.com,2,24.0,48.0,US,USD,15550101783
ORD2784,2026-08-19 14:00:00,customer_1784@example.com,4,20.0,80.0,US,USD,15550101784
ORD2785,2026-08-19 14:15:00,customer_1785@example.com,4,13.0,52.0,US,USD,15550101785
ORD2786,2026-08-19 14:30:00,customer_1786@example.com,5,21.0,105.0,US,USD,15550101786
ORD2787,2026-08-19 14:45:00,customer_1787@example.com,2,24.0,48.0,US,USD,15550101787
ORD2788,2026-08-19 15:00:00,customer_1788@example.com,3,24.0,72.0,US,USD,15550101788
ORD2789,2026-08-19 15:15:00,customer_1789@example.com,3,13.0,39.0,US,USD,15550101789
ORD2790,2026-08-19 15:30:00,customer_1790@example.com,1,15.0,15.0,US,USD,15550101790
ORD2791,2026-08-19 15:45:00,customer_1791@example.com,3,29.0,87.0,US,USD,15550101791
ORD2792,2026-08-19 16:00:00,customer_1792@example.com,1,16.0,16.0,US,USD,15550101792
ORD2793,2026-08-19 16:15:00,customer_1793@example.com,3,14.0,42.0,US,USD,15550101793
ORD2794,2026-08-19 16:30:00,customer_1794@example.com,1,17.0,17.0,US,USD,15550101794
ORD2795,2026-08-19 16:45:00,customer_1795@example.com,3,22.0,66.0,US,USD,15550101795
ORD2796,2026-08-19 17:00:00,customer_1796@example.com,5,11.0,55.0,US,USD,15550101796
ORD2797,2026-08-19 17:15:00,customer_1797@example.com,3,18.0,54.0,US,USD,15550101797
ORD2798,2026-08-19 17:30:00,customer_1798@example.com,2,10.0,20.0,US,USD,15550101798
ORD2799,2026-08-19 17:45:00,customer_1799@example.com,4,24.0,96.0,US,USD,15550101799
ORD2800,2026-08-19 18:00:00,customer_1800@example.com,5,27.0,135.0,US,USD,15550101800
ORD2801,2026-08-19 18:15:00,customer_1801@example.com,2,13.0,26.0,US,USD,15550101801
ORD2802,2026-08-19 18:30:00,customer_1802@example.com,4,13.0,52.0,US,USD,15550101802
ORD2803,2026-08-19 18:45:00,customer_1803@example.com,2,13.0,26.0,US,USD,15550101803
ORD2804,2026-08-19 19:00:00,customer_1804@example.com,1,11.0,11.0,US,USD,15550101804
ORD2805,2026-08-19 19:15:00,customer_1805@example.com,2,14.0,28.0,US,USD,15550101805
ORD2806,2026-08-19 19:30:00,customer_1806@example.com,2,22.0,44.0,US,USD,15550101806
ORD2807,2026-08-19 19:45:00,customer_1807@example.com,3,30.0,90.0,US,USD,15550101807
ORD2808,2026-08-19 20:00:00,customer_1808@example.com,1,28.0,28.0,US,USD,15550101808
ORD2809,2026-08-19 20:15:00,customer_1809@example.com,5,18.0,90.0,US,USD,15550101809
ORD2810,2026-08-19 20:30:00,customer_1810@example.com,1,10.0,10.0,US,USD,15550101810
ORD2811,2026-08-19 20:45:00,customer_1811@example.com,1,16.0,16.0,US,USD,15550101811
ORD2812,2026-08-19 21:00:00,customer_1812@example.com,4,14.0,56.0,US,USD,15550101812
ORD2813,2026-08-19 21:15:00,customer_1813@example.com,1,20.0,20.0,US,USD,15550101813
ORD2814,2026-08-19 21:30:00,customer_1814@example.com,1,11.0,11.0,US,USD,15550101814
ORD2815,2026-08-19 21:45:00,customer_1815@example.com,4,11.0,44.0,US,USD,15550101815
ORD2816,2026-08-19 22:00:00,customer_1816@example.com,2,28.0,56.0,US,USD,15550101816
ORD2817,2026-08-19 22:15:00,customer_1817@example.com,4,22.0,88.0,US,USD,15550101817
ORD2818,2026-08-19 22:30:00,customer_1818@example.com,4,10.0,40.0,US,USD,15550101818
ORD2819,2026-08-19 22:45:00,customer_1819@example.com,4,23.0,92.0,US,USD,15550101819
ORD2820,2026-08-19 23:00:00,customer_1820@example.com,2,21.0,42.0,US,USD,15550101820
ORD2821,2026-08-19 23:15:00,customer_1821@example.com,2,15.0,30.0,US,USD,15550101821
ORD2822,2026-08-19 23:30:00,customer_1822@example.com,3,18.0,54.0,US,USD,15550101822
ORD2823,2026-08-19 23:45:00,customer_1823@example.com,4,14.0,56.0,US,USD,15550101823
ORD2824,2026-08-20 00:00:00,customer_1824@example.com,1,29.0,29.0,US,USD,15550101824
ORD2825,2026-08-20 00:15:00,customer_1825@example.com,5,29.0,145.0,US,USD,15550101825
ORD2826,2026-08-20 00:30:00,customer_1826@example.com,2,30.0,60.0,US,USD,15550101826
ORD2827,2026-08-20 00:45:00,customer_1827@example.com,3,25.0,75.0,US,USD,15550101827
ORD2828,2026-08-20 01:00:00,customer_1828@example.com,4,27.0,108.0,US,USD,15550101828
ORD2829,2026-08-20 01:15:00,customer_1829@example.com,4,11.0,44.0,US,USD,15550101829
ORD2830,2026-08-20 01:30:00,customer_1830@example.com,1,18.0,18.0,US,USD,15550101830
ORD2831,2026-08-20 01:45:00,customer_1831@example.com,4,14.0,56.0,US,USD,15550101831
ORD2832,2026-08-20 02:00:00,customer_1832@example.com,4,16.0,64.0,US,USD,15550101832
ORD2833,2026-08-20 02:15:00,customer_1833@example.com,5,17.0,85.0,US,USD,15550101833
ORD2834,2026-08-20 02:30:00,customer_1834@example.com,5,10.0,50.0,US,USD,15550101834
ORD2835,2026-08-20 02:45:00,customer_1835@example.com,4,21.0,84.0,US,USD,15550101835
ORD2836,2026-08-20 03:00:00,customer_1836@example.com,4,27.0,108.0,US,USD,15550101836
ORD2837,2026-08-20 03:15:00,customer_1837@example.com,4,21.0,84.0,US,USD,15550101837
ORD2838,2026-08-20 03:30:00,customer_1838@example.com,5,26.0,130.0,US,USD,15550101838
ORD2839,2026-08-20 03:45:00,customer_1839@example.com,3,22.0,66.0,US,USD,15550101839
ORD2840,2026-08-20 04:00:00,customer_1840@example.com,3,15.0,45.0,US,USD,15550101840
ORD2841,2026-08-20 04:15:00,customer_1841@example.com,1,20.0,20.0,US,USD,15550101841
ORD2842,2026-08-20 04:30:00,customer_1842@example.com,5,17.0,85.0,US,USD,15550101842
ORD2843,2026-08-20 04:45:00,customer_1843@example.com,1,18.0,18.0,US,USD,15550101843
ORD2844,2026-08-20 05:00:00,customer_1844@example.com,1,25.0,25.0,US,USD,15550101844
ORD2845,2026-08-20 05:15:00,customer_1845@example.com,5,21.0,105.0,US,USD,15550101845
ORD2846,2026-08-20 05:30:00,customer_1846@example.com,5,17.0,85.0,US,USD,15550101846
ORD2847,2026-08-20 05:45:00,customer_1847@example.com,2,13.0,26.0,US,USD,15550101847
ORD2848,2026-08-20 06:00:00,customer_1848@example.com,2,17.0,34.0,US,USD,15550101848
ORD2849,2026-08-20 06:15:00,customer_1849@example.com,3,27.0,81.0,US,USD,15550101849
ORD2850,2026-08-20 06:30:00,customer_1850@example.com,1,17.0,17.0,US,USD,15550101850
ORD2851,2026-08-20 06:45:00,customer_1851@example.com,5,22.0,110.0,US,USD,15550101851
ORD2852,2026-08-20 07:00:00,customer_1852@example.com,3,15.0,45.0,US,USD,15550101852
ORD2853,2026-08-20 07:15:00,customer_1853@example.com,2,17.0,34.0,US,USD,15550101853
ORD2854,2026-08-20 07:30:00,customer_1854@example.com,5,20.0,100.0,US,USD,15550101854
ORD2855,2026-08-20 07:45:00,customer_1855@example.com,3,28.0,84.0,US,USD,15550101855
ORD2856,2026-08-20 08:00:00,customer_1856@example.com,1,21.0,21.0,US,USD,15550101856
ORD2857,2026-08-20 08:15:00,customer_1857@example.com,5,28.0,140.0,US,USD,15550101857
ORD2858,2026-08-20 08:30:00,customer_1858@example.com,2,28.0,56.0,US,USD,15550101858
ORD2859,2026-08-20 08:45:00,customer_1859@example.com,2,25.0,50.0,US,USD,15550101859
ORD2860,2026-08-20 09:00:00,customer_1860@example.com,5,19.0,95.0,US,USD,15550101860
ORD2861,2026-08-20 09:15:00,customer_1861@example.com,2,25.0,50.0,US,USD,15550101861
ORD2862,2026-08-20 09:30:00,customer_1862@example.com,1,12.0,12.0,US,USD,15550101862
ORD2863,2026-08-20 09:45:00,customer_1863@example.com,1,17.0,17.0,US,USD,15550101863
ORD2864,2026-08-20 10:00:00,customer_1864@example.com,5,17.0,85.0,US,USD,15550101864
ORD2865,2026-08-20 10:15:00,customer_1865@example.com,1,26.0,26.0,US,USD,15550101865
ORD2866,2026-08-20 10:30:00,customer_1866@example.com,4,10.0,40.0,US,USD,15550101866
ORD2867,2026-08-20 10:45:00,customer_1867@example.com,3,29.0,87.0,US,USD,15550101867
ORD2868,2026-08-20 11:00:00,customer_1868@example.com,2,14.0,28.0,US,USD,15550101868
ORD2869,2026-08-20 11:15:00,customer_1869@example.com,3,15.0,45.0,US,USD,15550101869
ORD2870,2026-08-20 11:30:00,customer_1870@example.com,3,11.0,33.0,US,USD,15550101870
ORD2871,2026-08-20 11:45:00,customer_1871@example.com,1,14.0,14.0,US,USD,15550101871
ORD2872,2026-08-20 12:00:00,customer_1872@example.com,5,14.0,70.0,US,USD,15550101872
ORD2873,2026-08-20 12:15:00,customer_1873@example.com,1,26.0,26.0,US,USD,15550101873
ORD2874,2026-08-20 12:30:00,customer_1874@example.com,3,12.0,36.0,US,USD,15550101874
ORD2875,2026-08-20 12:45:00,customer_1875@example.com,3,22.0,66.0,US,USD,15550101875
ORD2876,2026-08-20 13:00:00,customer_1876@example.com,5,13.0,65.0,US,USD,15550101876
ORD2877,2026-08-20 13:15:00,customer_1877@example.com,3,19.0,57.0,US,USD,15550101877
ORD2878,2026-08-20 13:30:00,customer_1878@example.com,3,14.0,42.0,US,USD,15550101878
ORD2879,2026-08-20 13:45:00,customer_1879@example.com,2,23.0,46.0,US,USD,15550101879
ORD2880,2026-08-20 14:00:00,customer_1880@example.com,4,30.0,120.0,US,USD,15550101880
ORD2881,2026-08-20 14:15:00,customer_1881@example.com,3,15.0,45.0,US,USD,15550101881
ORD2882,2026-08-20 14:30:00,customer_1882@example.com,5,29.0,145.0,US,USD,15550101882
ORD2883,2026-08-20 14:45:00,customer_1883@example.com,3,17.0,51.0,US,USD,15550101883
ORD2884,2026-08-20 15:00:00,customer_1884@example.com,5,15.0,75.0,US,USD,15550101884
ORD2885,2026-08-20 15:15:00,customer_1885@example.com,4,19.0,76.0,US,USD,15550101885
ORD2886,2026-08-20 15:30:00,customer_1886@example.com,3,14.0,42.0,US,USD,15550101886
ORD2887,2026-08-20 15:45:00,customer_1887@example.com,2,10.0,20.0,US,USD,15550101887
ORD2888,2026-08-20 16:00:00,customer_1888@example.com,5,22.0,110.0,US,USD,15550101888
ORD2889,2026-08-20 16:15:00,customer_1889@example.com,5,11.0,55.0,US,USD,15550101889
ORD2890,2026-08-20 16:30:00,customer_1890@example.com,2,29.0,58.0,US,USD,15550101890
ORD2891,2026-08-20 16:45:00,customer_1891@example.com,3,29.0,87.0,US,USD,15550101891
ORD2892,2026-08-20 17:00:00,customer_1892@example.com,2,30.0,60.0,US,USD,15550101892
ORD2893,2026-08-20 17:15:00,customer_1893@example.com,5,13.0,65.0,US,USD,15550101893
ORD2894,2026-08-20 17:30:00,customer_1894@example.com,4,14.0,56.0,US,USD,15550101894
ORD2895,2026-08-20 17:45:00,customer_1895@example.com,3,12.0,36.0,US,USD,15550101895
ORD2896,2026-08-20 18:00:00,customer_1896@example.com,2,21.0,42.0,US,USD,15550101896
ORD2897,2026-08-20 18:15:00,customer_1897@example.com,3,15.0,45.0,US,USD,15550101897
ORD2898,2026-08-20 18:30:00,customer_1898@example.com,1,30.0,30.0,US,USD,15550101898
ORD2899,2026-08-20 18:45:00,customer_1899@example.com,3,24.0,72.0,US,USD,15550101899
ORD2900,2026-08-20 19:00:00,customer_1900@example.com,1,18.0,18.0,US,USD,15550101900
ORD2901,2026-08-20 19:15:00,customer_1901@example.com,2,17.0,34.0,US,USD,15550101901
ORD2902,2026-08-20 19:30:00,customer_1902@example.com,1,21.0,21.0,US,USD,15550101902
ORD2903,2026-08-20 19:45:00,customer_1903@example.com,3,13.0,39.0,US,USD,15550101903
ORD2904,2026-08-20 20:00:00,customer_1904@example.com,1,11.0,11.0,US,USD,15550101904
ORD2905,2026-08-20 20:15:00,customer_1905@example.com,4,24.0,96.0,US,USD,15550101905
ORD2906,2026-08-20 20:30:00,customer_1906@example.com,4,15.0,60.0,US,USD,15550101906
ORD2907,2026-08-20 20:45:00,customer_1907@example.com,4,25.0,100.0,US,USD,15550101907
ORD2908,2026-08-20 21:00:00,customer_1908@example.com,4,21.0,84.0,US,USD,15550101908
ORD2909,2026-08-20 21:15:00,customer_1909@example.com,5,22.0,110.0,US,USD,15550101909
ORD2910,2026-08-20 21:30:00,customer_1910@example.com,1,25.0,25.0,US,USD,15550101910
ORD2911,2026-08-20 21:45:00,customer_1911@example.com,5,30.0,150.0,US,USD,15550101911
ORD2912,2026-08-20 22:00:00,customer_1912@example.com,2,15.0,30.0,US,USD,15550101912
ORD2913,2026-08-20 22:15:00,customer_1913@example.com,4,12.0,48.0,US,USD,15550101913
ORD2914,2026-08-20 22:30:00,customer_1914@example.com,1,19.0,19.0,US,USD,15550101914
ORD2915,2026-08-20 22:45:00,customer_1915@example.com,1,20.0,20.0,US,USD,15550101915
ORD2916,2026-08-20 23:00:00,customer_1916@example.com,3,13.0,39.0,US,USD,15550101916
ORD2917,2026-08-20 23:15:00,customer_1917@example.com,1,20.0,20.0,US,USD,15550101917
ORD2918,2026-08-20 23:30:00,customer_1918@example.com,2,22.0,44.0,US,USD,15550101918
ORD2919,2026-08-20 23:45:00,customer_1919@example.com,2,12.0,24.0,US,USD,15550101919
ORD2920,2026-08-21 00:00:00,customer_1920@example.com,5,12.0,60.0,US,USD,15550101920
ORD2921,2026-08-21 00:15:00,customer_1921@example.com,3,29.0,87.0,US,USD,15550101921
ORD2922,2026-08-21 00:30:00,customer_1922@example.com,5,25.0,125.0,US,USD,15550101922
ORD2923,2026-08-21 00:45:00,customer_1923@example.com,1,23.0,23.0,US,USD,15550101923
ORD2924,2026-08-21 01:00:00,customer_1924@example.com,2,29.0,58.0,US,USD,15550101924
ORD2925,2026-08-21 01:15:00,customer_1925@example.com,4,15.0,60.0,US,USD,15550101925
ORD2926,2026-08-21 01:30:00,customer_1926@example.com,1,13.0,13.0,US,USD,15550101926
ORD2927,2026-08-21 01:45:00,customer_1927@example.com,3,16.0,48.0,US,USD,15550101927
ORD2928,2026-08-21 02:00:00,customer_1928@example.com,2,23.0,46.0,US,USD,15550101928
ORD2929,2026-08-21 02:15:00,customer_1929@example.com,5,27.0,135.0,US,USD,15550101929
ORD2930,2026-08-21 02:30:00,customer_1930@example.com,3,19.0,57.0,US,USD,15550101930
ORD2931,2026-08-21 02:45:00,customer_1931@example.com,3,17.0,51.0,US,USD,15550101931
ORD2932,2026-08-21 03:00:00,customer_1932@example.com,1,11.0,11.0,US,USD,15550101932
ORD2933,2026-08-21 03:15:00,customer_1933@example.com,4,28.0,112.0,US,USD,15550101933
ORD2934,2026-08-21 03:30:00,customer_1934@example.com,5,25.0,125.0,US,USD,15550101934
ORD2935,2026-08-21 03:45:00,customer_1935@example.com,2,11.0,22.0,US,USD,15550101935
ORD2936,2026-08-21 04:00:00,customer_1936@example.com,3,10.0,30.0,US,USD,15550101936
ORD2937,2026-08-21 04:15:00,customer_1937@example.com,4,12.0,48.0,US,USD,15550101937
ORD2938,2026-08-21 04:30:00,customer_1938@example.com,3,30.0,90.0,US,USD,15550101938
ORD2939,2026-08-21 04:45:00,customer_1939@example.com,5,25.0,125.0,US,USD,15550101939
ORD2940,2026-08-21 05:00:00,customer_1940@example.com,2,13.0,26.0,US,USD,15550101940
ORD2941,2026-08-21 05:15:00,customer_1941@example.com,1,16.0,16.0,US,USD,15550101941
ORD2942,2026-08-21 05:30:00,customer_1942@example.com,2,30.0,60.0,US,USD,15550101942
ORD2943,2026-08-21 05:45:00,customer_1943@example.com,3,12.0,36.0,US,USD,15550101943
ORD2944,2026-08-21 06:00:00,customer_1944@example.com,4,13.0,52.0,US,USD,15550101944
ORD2945,2026-08-21 06:15:00,customer_1945@example.com,3,22.0,66.0,US,USD,15550101945
ORD2946,2026-08-21 06:30:00,customer_1946@example.com,4,25.0,100.0,US,USD,15550101946
ORD2947,2026-08-21 06:45:00,customer_1947@example.com,3,12.0,36.0,US,USD,15550101947
ORD2948,2026-08-21 07:00:00,customer_1948@example.com,5,22.0,110.0,US,USD,15550101948
ORD2949,2026-08-21 07:15:00,customer_1949@example.com,2,21.0,42.0,US,USD,15550101949
ORD2950,2026-08-21 07:30:00,customer_1950@example.com,4,21.0,84.0,US,USD,15550101950
ORD2951,2026-08-21 07:45:00,customer_1951@example.com,2,24.0,48.0,US,USD,15550101951
ORD2952,2026-08-21 08:00:00,customer_1952@example.com,1,18.0,18.0,US,USD,15550101952
ORD2953,2026-08-21 08:15:00,customer_1953@example.com,4,24.0,96.0,US,USD,15550101953
ORD2954,2026-08-21 08:30:00,customer_1954@example.com,3,17.0,51.0,US,USD,15550101954
ORD2955,2026-08-21 08:45:00,customer_1955@example.com,3,28.0,84.0,US,USD,15550101955
ORD2956,2026-08-21 09:00:00,customer_1956@example.com,1,14.0,14.0,US,USD,15550101956
ORD2957,2026-08-21 09:15:00,customer_1957@example.com,1,12.0,12.0,US,USD,15550101957
ORD2958,2026-08-21 09:30:00,customer_1958@example.com,3,27.0,81.0,US,USD,15550101958
ORD2959,2026-08-21 09:45:00,customer_1959@example.com,4,28.0,112.0,US,USD,15550101959
ORD2960,2026-08-21 10:00:00,customer_1960@example.com,2,27.0,54.0,US,USD,15550101960
ORD2961,2026-08-21 10:15:00,customer_1961@example.com,1,22.0,22.0,US,USD,15550101961
ORD2962,2026-08-21 10:30:00,customer_1962@example.com,5,23.0,115.0,US,USD,15550101962
ORD2963,2026-08-21 10:45:00,customer_1963@example.com,5,25.0,125.0,US,USD,15550101963
ORD2964,2026-08-21 11:00:00,customer_1964@example.com,5,17.0,85.0,US,USD,15550101964
ORD2965,2026-08-21 11:15:00,customer_1965@example.com,4,19.0,76.0,US,USD,15550101965
ORD2966,2026-08-21 11:30:00,customer_1966@example.com,1,22.0,22.0,US,USD,15550101966
ORD2967,2026-08-21 11:45:00,customer_1967@example.com,1,26.0,26.0,US,USD,15550101967
ORD2968,2026-08-21 12:00:00,customer_1968@example.com,5,26.0,130.0,US,USD,15550101968
ORD2969,2026-08-21 12:15:00,customer_1969@example.com,5,29.0,145.0,US,USD,15550101969
ORD2970,2026-08-21 12:30:00,customer_1970@example.com,2,13.0,26.0,US,USD,15550101970
ORD2971,2026-08-21 12:45:00,customer_1971@example.com,4,15.0,60.0,US,USD,15550101971
ORD2972,2026-08-21 13:00:00,customer_1972@example.com,2,16.0,32.0,US,USD,15550101972
ORD2973,2026-08-21 13:15:00,customer_1973@example.com,2,14.0,28.0,US,USD,15550101973
ORD2974,2026-08-21 13:30:00,customer_1974@example.com,1,23.0,23.0,US,USD,15550101974
ORD2975,2026-08-21 13:45:00,customer_1975@example.com,1,23.0,23.0,US,USD,15550101975
ORD2976,2026-08-21 14:00:00,customer_1976@example.com,2,30.0,60.0,US,USD,15550101976
ORD2977,2026-08-21 14:15:00,customer_1977@example.com,2,29.0,58.0,US,USD,15550101977
ORD2978,2026-08-21 14:30:00,customer_1978@example.com,3,20.0,60.0,US,USD,15550101978
ORD2979,2026-08-21 14:45:00,customer_1979@example.com,1,12.0,12.0,US,USD,15550101979
ORD2980,2026-08-21 15:00:00,customer_1980@example.com,4,27.0,108.0,US,USD,15550101980
ORD2981,2026-08-21 15:15:00,customer_1981@example.com,4,27.0,108.0,US,USD,15550101981
ORD2982,2026-08-21 15:30:00,customer_1982@example.com,3,18.0,54.0,US,USD,15550101982
ORD2983,2026-08-21 15:45:00,customer_1983@example.com,5,24.0,120.0,US,USD,15550101983
ORD2984,2026-08-21 16:00:00,customer_1984@example.com,1,29.0,29.0,US,USD,15550101984
ORD2985,2026-08-21 16:15:00,customer_1985@example.com,5,26.0,130.0,US,USD,15550101985
ORD2986,2026-08-21 16:30:00,customer_1986@example.com,4,13.0,52.0,US,USD,15550101986
ORD2987,2026-08-21 16:45:00,customer_1987@example.com,4,14.0,56.0,US,USD,15550101987
ORD2988,2026-08-21 17:00:00,customer_1988@example.com,2,28.0,56.0,US,USD,15550101988
ORD2989,2026-08-21 17:15:00,customer_1989@example.com,5,28.0,140.0,US,USD,15550101989
ORD2990,2026-08-21 17:30:00,customer_1990@example.com,1,13.0,13.0,US,USD,15550101990
ORD2991,2026-08-21 17:45:00,customer_1991@example.com,5,13.0,65.0,US,USD,15550101991
ORD2992,2026-08-21 18:00:00,customer_1992@example.com,3,27.0,81.0,US,USD,15550101992
ORD2993,2026-08-21 18:15:00,customer_1993@example.com,3,23.0,69.0,US,USD,15550101993
ORD2994,2026-08-21 18:30:00,customer_1994@example.com,3,22.0,66.0,US,USD,15550101994
ORD2995,2026-08-21 18:45:00,customer_1995@example.com,4,28.0,112.0,US,USD,15550101995
ORD2996,2026-08-21 19:00:00,customer_1996@example.com,5,25.0,125.0,US,USD,15550101996
ORD2997,2026-08-21 19:15:00,customer_1997@example.com,1,15.0,15.0,US,USD,15550101997
ORD2998,2026-08-21 19:30:00,customer_1998@example.com,3,22.0,66.0,US,USD,15550101998
ORD2999,2026-08-21 19:45:00,customer_1999@example.com,2,29.0,58.0,US,USD,15550101999
ORD3000,2026-08-21 20:00:00,customer_2000@example.com,5,22.0,110.0,US,USD,15550102000
ORD3001,2026-08-21 20:15:00,customer_2001@example.com,1,22.0,22.0,US,USD,15550102001
ORD3002,2026-08-21 20:30:00,customer_2002@example.com,3,17.0,51.0,US,USD,15550102002
ORD3003,2026-08-21 20:45:00,customer_2003@example.com,1,25.0,25.0,US,USD,15550102003
ORD3004,2026-08-21 21:00:00,customer_2004@example.com,3,21.0,63.0,US,USD,15550102004
ORD3005,2026-08-21 21:15:00,customer_2005@example.com,1,20.0,20.0,US,USD,15550102005
ORD3006,2026-08-21 21:30:00,customer_2006@example.com,3,19.0,57.0,US,USD,15550102006
ORD3007,2026-08-21 21:45:00,customer_2007@example.com,3,25.0,75.0,US,USD,15550102007
ORD3008,2026-08-21 22:00:00,customer_2008@example.com,1,17.0,17.0,US,USD,15550102008
ORD3009,2026-08-21 22:15:00,customer_2009@example.com,2,19.0,38.0,US,USD,15550102009
ORD3010,2026-08-21 22:30:00,customer_2010@example.com,4,20.0,80.0,US,USD,15550102010
ORD3011,2026-08-21 22:45:00,customer_2011@example.com,3,23.0,69.0,US,USD,15550102011
ORD3012,2026-08-21 23:00:00,customer_2012@example.com,5,30.0,150.0,US,USD,15550102012
ORD3013,2026-08-21 23:15:00,customer_2013@example.com,1,16.0,16.0,US,USD,15550102013
ORD3014,2026-08-21 23:30:00,customer_2014@example.com,4,16.0,64.0,US,USD,15550102014
ORD3015,2026-08-21 23:45:00,customer_2015@example.com,4,25.0,100.0,US,USD,15550102015
ORD3016,2026-08-22 00:00:00,customer_2016@example.com,5,21.0,105.0,US,USD,15550102016
ORD3017,2026-08-22 00:15:00,customer_2017@example.com,1,26.0,26.0,US,USD,15550102017
ORD3018,2026-08-22 00:30:00,customer_2018@example.com,2,12.0,24.0,US,USD,15550102018
ORD3019,2026-08-22 00:45:00,customer_2019@example.com,3,26.0,78.0,US,USD,15550102019
ORD3020,2026-08-22 01:00:00,customer_2020@example.com,4,14.0,56.0,US,USD,15550102020
ORD3021,2026-08-22 01:15:00,customer_2021@example.com,5,28.0,140.0,US,USD,15550102021
ORD3022,2026-08-22 01:30:00,customer_2022@example.com,1,15.0,15.0,US,USD,15550102022
ORD3023,2026-08-22 01:45:00,customer_2023@example.com,2,16.0,32.0,US,USD,15550102023
ORD3024,2026-08-22 02:00:00,customer_2024@example.com,1,17.0,17.0,US,USD,15550102024
ORD3025,2026-08-22 02:15:00,customer_2025@example.com,1,24.0,24.0,US,USD,15550102025
ORD3026,2026-08-22 02:30:00,customer_2026@example.com,1,21.0,21.0,US,USD,15550102026
ORD3027,2026-08-22 02:45:00,customer_2027@example.com,2,18.0,36.0,US,USD,15550102027
ORD3028,2026-08-22 03:00:00,customer_2028@example.com,3,24.0,72.0,US,USD,15550102028
ORD3029,2026-08-22 03:15:00,customer_2029@example.com,5,22.0,110.0,US,USD,15550102029
ORD3030,2026-08-22 03:30:00,customer_2030@example.com,1,10.0,10.0,US,USD,15550102030
ORD3031,2026-08-22 03:45:00,customer_2031@example.com,2,21.0,42.0,US,USD,15550102031
ORD3032,2026-08-22 04:00:00,customer_2032@example.com,4,29.0,116.0,US,USD,15550102032
ORD3033,2026-08-22 04:15:00,customer_2033@example.com,4,15.0,60.0,US,USD,15550102033
ORD3034,2026-08-22 04:30:00,customer_2034@example.com,4,28.0,112.0,US,USD,15550102034
ORD3035,2026-08-22 04:45:00,customer_2035@example.com,5,21.0,105.0,US,USD,15550102035
ORD3036,2026-08-22 05:00:00,customer_2036@example.com,3,15.0,45.0,US,USD,15550102036
ORD3037,2026-08-22 05:15:00,customer_2037@example.com,3,12.0,36.0,US,USD,15550102037
ORD3038,2026-08-22 05:30:00,customer_2038@example.com,3,10.0,30.0,US,USD,15550102038
ORD3039,2026-08-22 05:45:00,customer_2039@example.com,4,11.0,44.0,US,USD,15550102039
ORD3040,2026-08-22 06:00:00,customer_2040@example.com,2,28.0,56.0,US,USD,15550102040
ORD3041,2026-08-22 06:15:00,customer_2041@example.com,2,17.0,34.0,US,USD,15550102041
ORD3042,2026-08-22 06:30:00,customer_2042@example.com,2,16.0,32.0,US,USD,15550102042
ORD3043,2026-08-22 06:45:00,customer_2043@example.com,3,30.0,90.0,US,USD,15550102043
ORD3044,2026-08-22 07:00:00,customer_2044@example.com,4,26.0,104.0,US,USD,15550102044
ORD3045,2026-08-22 07:15:00,customer_2045@example.com,1,10.0,10.0,US,USD,15550102045
ORD3046,2026-08-22 07:30:00,customer_2046@example.com,4,14.0,56.0,US,USD,15550102046
ORD3047,2026-08-22 07:45:00,customer_2047@example.com,2,29.0,58.0,US,USD,15550102047
ORD3048,2026-08-22 08:00:00,customer_2048@example.com,1,17.0,17.0,US,USD,15550102048
ORD3049,2026-08-22 08:15:00,customer_2049@example.com,3,29.0,87.0,US,USD,15550102049
ORD3050,2026-08-22 08:30:00,customer_2050@example.com,3,30.0,90.0,US,USD,15550102050
ORD3051,2026-08-22 08:45:00,customer_2051@example.com,3,23.0,69.0,US,USD,15550102051
ORD3052,2026-08-22 09:00:00,customer_2052@example.com,4,21.0,84.0,US,USD,15550102052
ORD3053,2026-08-22 09:15:00,customer_2053@example.com,4,18.0,72.0,US,USD,15550102053
ORD3054,2026-08-22 09:30:00,customer_2054@example.com,2,24.0,48.0,US,USD,15550102054
ORD3055,2026-08-22 09:45:00,customer_2055@example.com,3,26.0,78.0,US,USD,15550102055
ORD3056,2026-08-22 10:00:00,customer_2056@example.com,5,22.0,110.0,US,USD,15550102056
ORD3057,2026-08-22 10:15:00,customer_2057@example.com,5,13.0,65.0,US,USD,15550102057
ORD3058,2026-08-22 10:30:00,customer_2058@example.com,1,26.0,26.0,US,USD,15550102058
ORD3059,2026-08-22 10:45:00,customer_2059@example.com,3,27.0,81.0,US,USD,15550102059
ORD3060,2026-08-22 11:00:00,customer_2060@example.com,5,29.0,145.0,US,USD,15550102060
ORD3061,2026-08-22 11:15:00,customer_2061@example.com,3,19.0,57.0,US,USD,15550102061
ORD3062,2026-08-22 11:30:00,customer_2062@example.com,1,25.0,25.0,US,USD,15550102062
ORD3063,2026-08-22 11:45:00,customer_2063@example.com,1,20.0,20.0,US,USD,15550102063
ORD3064,2026-08-22 12:00:00,customer_2064@example.com,3,30.0,90.0,US,USD,15550102064
ORD3065,2026-08-22 12:15:00,customer_2065@example.com,3,18.0,54.0,US,USD,15550102065
ORD3066,2026-08-22 12:30:00,customer_2066@example.com,3,30.0,90.0,US,USD,15550102066
ORD3067,2026-08-22 12:45:00,customer_2067@example.com,3,16.0,48.0,US,USD,15550102067
ORD3068,2026-08-22 13:00:00,customer_2068@example.com,2,26.0,52.0,US,USD,15550102068
ORD3069,2026-08-22 13:15:00,customer_2069@example.com,2,11.0,22.0,US,USD,15550102069
ORD3070,2026-08-22 13:30:00,customer_2070@example.com,5,22.0,110.0,US,USD,15550102070
ORD3071,2026-08-22 13:45:00,customer_2071@example.com,3,14.0,42.0,US,USD,15550102071
ORD3072,2026-08-22 14:00:00,customer_2072@example.com,1,30.0,30.0,US,USD,15550102072
ORD3073,2026-08-22 14:15:00,customer_2073@example.com,4,19.0,76.0,US,USD,15550102073
ORD3074,2026-08-22 14:30:00,customer_2074@example.com,3,23.0,69.0,US,USD,15550102074
ORD3075,2026-08-22 14:45:00,customer_2075@example.com,4,22.0,88.0,US,USD,15550102075
ORD3076,2026-08-22 15:00:00,customer_2076@example.com,1,28.0,28.0,US,USD,15550102076
ORD3077,2026-08-22 15:15:00,customer_2077@example.com,5,16.0,80.0,US,USD,15550102077
ORD3078,2026-08-22 15:30:00,customer_2078@example.com,3,17.0,51.0,US,USD,15550102078
ORD3079,2026-08-22 15:45:00,customer_2079@example.com,5,30.0,150.0,US,USD,15550102079
ORD3080,2026-08-22 16:00:00,customer_2080@example.com,4,21.0,84.0,US,USD,15550102080
ORD3081,2026-08-22 16:15:00,customer_2081@example.com,5,19.0,95.0,US,USD,15550102081
ORD3082,2026-08-22 16:30:00,customer_2082@example.com,2,27.0,54.0,US,USD,15550102082
ORD3083,2026-08-22 16:45:00,customer_2083@example.com,2,19.0,38.0,US,USD,15550102083
ORD3084,2026-08-22 17:00:00,customer_2084@example.com,1,25.0,25.0,US,USD,15550102084
ORD3085,2026-08-22 17:15:00,customer_2085@example.com,2,18.0,36.0,US,USD,15550102085
ORD3086,2026-08-22 17:30:00,customer_2086@example.com,5,15.0,75.0,US,USD,15550102086
ORD3087,2026-08-22 17:45:00,customer_2087@example.com,3,30.0,90.0,US,USD,15550102087
ORD3088,2026-08-22 18:00:00,customer_2088@example.com,1,17.0,17.0,US,USD,15550102088
ORD3089,2026-08-22 18:15:00,customer_2089@example.com,3,17.0,51.0,US,USD,15550102089
ORD3090,2026-08-22 18:30:00,customer_2090@example.com,3,23.0,69.0,US,USD,15550102090
ORD3091,2026-08-22 18:45:00,customer_2091@example.com,3,21.0,63.0,US,USD,15550102091
ORD3092,2026-08-22 19:00:00,customer_2092@example.com,3,28.0,84.0,US,USD,15550102092
ORD3093,2026-08-22 19:15:00,customer_2093@example.com,3,24.0,72.0,US,USD,15550102093
ORD3094,2026-08-22 19:30:00,customer_2094@example.com,1,25.0,25.0,US,USD,15550102094
ORD3095,2026-08-22 19:45:00,customer_2095@example.com,1,30.0,30.0,US,USD,15550102095
ORD3096,2026-08-22 20:00:00,customer_2096@example.com,5,28.0,140.0,US,USD,15550102096
ORD3097,2026-08-22 20:15:00,customer_2097@example.com,5,12.0,60.0,US,USD,15550102097
ORD3098,2026-08-22 20:30:00,customer_2098@example.com,4,16.0,64.0,US,USD,15550102098
ORD3099,2026-08-22 20:45:00,customer_2099@example.com,5,13.0,65.0,US,USD,15550102099
ORD3100,2026-08-22 21:00:00,customer_2100@example.com,4,26.0,104.0,US,USD,15550102100
ORD3101,2026-08-22 21:15:00,customer_2101@example.com,3,23.0,69.0,US,USD,15550102101
ORD3102,2026-08-22 21:30:00,customer_2102@example.com,1,14.0,14.0,US,USD,15550102102
ORD3103,2026-08-22 21:45:00,customer_2103@example.com,2,16.0,32.0,US,USD,15550102103
ORD3104,2026-08-22 22:00:00,customer_2104@example.com,3,23.0,69.0,US,USD,15550102104
ORD3105,2026-08-22 22:15:00,customer_2105@example.com,5,24.0,120.0,US,USD,15550102105
ORD3106,2026-08-22 22:30:00,customer_2106@example.com,2,20.0,40.0,US,USD,15550102106
ORD3107,2026-08-22 22:45:00,customer_2107@example.com,2,12.0,24.0,US,USD,15550102107
ORD3108,2026-08-22 23:00:00,customer_2108@example.com,4,20.0,80.0,US,USD,15550102108
ORD3109,2026-08-22 23:15:00,customer_2109@example.com,2,20.0,40.0,US,USD,15550102109
ORD3110,2026-08-22 23:30:00,customer_2110@example.com,1,10.0,10.0,US,USD,15550102110
ORD3111,2026-08-22 23:45:00,customer_2111@example.com,4,18.0,72.0,US,USD,15550102111
ORD3112,2026-08-23 00:00:00,customer_2112@example.com,2,15.0,30.0,US,USD,15550102112
ORD3113,2026-08-23 00:15:00,customer_2113@example.com,5,15.0,75.0,US,USD,15550102113
ORD3114,2026-08-23 00:30:00,customer_2114@example.com,4,12.0,48.0,US,USD,15550102114
ORD3115,2026-08-23 00:45:00,customer_2115@example.com,2,29.0,58.0,US,USD,15550102115
ORD3116,2026-08-23 01:00:00,customer_2116@example.com,4,30.0,120.0,US,USD,15550102116
ORD3117,2026-08-23 01:15:00,customer_2117@example.com,4,22.0,88.0,US,USD,15550102117
ORD3118,2026-08-23 01:30:00,customer_2118@example.com,4,25.0,100.0,US,USD,15550102118
ORD3119,2026-08-23 01:45:00,customer_2119@example.com,4,10.0,40.0,US,USD,15550102119
ORD3120,2026-08-23 02:00:00,customer_2120@example.com,1,27.0,27.0,US,USD,15550102120
ORD3121,2026-08-23 02:15:00,customer_2121@example.com,2,21.0,42.0,US,USD,15550102121
ORD3122,2026-08-23 02:30:00,customer_2122@example.com,1,20.0,20.0,US,USD,15550102122
ORD3123,2026-08-23 02:45:00,customer_2123@example.com,5,16.0,80.0,US,USD,15550102123
ORD3124,2026-08-23 03:00:00,customer_2124@example.com,1,10.0,10.0,US,USD,15550102124
ORD3125,2026-08-23 03:15:00,customer_2125@example.com,2,17.0,34.0,US,USD,15550102125
ORD3126,2026-08-23 03:30:00,customer_2126@example.com,3,19.0,57.0,US,USD,15550102126
ORD3127,2026-08-23 03:45:00,customer_2127@example.com,2,13.0,26.0,US,USD,15550102127
ORD3128,2026-08-23 04:00:00,customer_2128@example.com,4,26.0,104.0,US,USD,15550102128
ORD3129,2026-08-23 04:15:00,customer_2129@example.com,5,19.0,95.0,US,USD,15550102129
ORD3130,2026-08-23 04:30:00,customer_2130@example.com,2,12.0,24.0,US,USD,15550102130
ORD3131,2026-08-23 04:45:00,customer_2131@example.com,1,19.0,19.0,US,USD,15550102131
ORD3132,2026-08-23 05:00:00,customer_2132@example.com,3,24.0,72.0,US,USD,15550102132
ORD3133,2026-08-23 05:15:00,customer_2133@example.com,5,29.0,145.0,US,USD,15550102133
ORD3134,2026-08-23 05:30:00,customer_2134@example.com,5,20.0,100.0,US,USD,15550102134
ORD3135,2026-08-23 05:45:00,customer_2135@example.com,4,14.0,56.0,US,USD,15550102135
ORD3136,2026-08-23 06:00:00,customer_2136@example.com,3,25.0,75.0,US,USD,15550102136
ORD3137,2026-08-23 06:15:00,customer_2137@example.com,3,16.0,48.0,US,USD,15550102137
ORD3138,2026-08-23 06:30:00,customer_2138@example.com,2,22.0,44.0,US,USD,15550102138
ORD3139,2026-08-23 06:45:00,customer_2139@example.com,1,17.0,17.0,US,USD,15550102139
ORD3140,2026-08-23 07:00:00,customer_2140@example.com,2,14.0,28.0,US,USD,15550102140
ORD3141,2026-08-23 07:15:00,customer_2141@example.com,2,10.0,20.0,US,USD,15550102141
ORD3142,2026-08-23 07:30:00,customer_2142@example.com,5,26.0,130.0,US,USD,15550102142
ORD3143,2026-08-23 07:45:00,customer_2143@example.com,2,13.0,26.0,US,USD,15550102143
ORD3144,2026-08-23 08:00:00,customer_2144@example.com,3,30.0,90.0,US,USD,15550102144
ORD3145,2026-08-23 08:15:00,customer_2145@example.com,1,22.0,22.0,US,USD,15550102145
ORD3146,2026-08-23 08:30:00,customer_2146@example.com,3,27.0,81.0,US,USD,15550102146
ORD3147,2026-08-23 08:45:00,customer_2147@example.com,5,11.0,55.0,US,USD,15550102147
ORD3148,2026-08-23 09:00:00,customer_2148@example.com,5,11.0,55.0,US,USD,15550102148
ORD3149,2026-08-23 09:15:00,customer_2149@example.com,1,30.0,30.0,US,USD,15550102149
ORD3150,2026-08-23 09:30:00,customer_2150@example.com,1,11.0,11.0,US,USD,15550102150
ORD3151,2026-08-23 09:45:00,customer_2151@example.com,1,23.0,23.0,US,USD,15550102151
ORD3152,2026-08-23 10:00:00,customer_2152@example.com,4,22.0,88.0,US,USD,15550102152
ORD3153,2026-08-23 10:15:00,customer_2153@example.com,1,27.0,27.0,US,USD,15550102153
ORD3154,2026-08-23 10:30:00,customer_2154@example.com,3,25.0,75.0,US,USD,15550102154
ORD3155,2026-08-23 10:45:00,customer_2155@example.com,2,16.0,32.0,US,USD,15550102155
ORD3156,2026-08-23 11:00:00,customer_2156@example.com,1,19.0,19.0,US,USD,15550102156
ORD3157,2026-08-23 11:15:00,customer_2157@example.com,4,13.0,52.0,US,USD,15550102157
ORD3158,2026-08-23 11:30:00,customer_2158@example.com,5,18.0,90.0,US,USD,15550102158
ORD3159,2026-08-23 11:45:00,customer_2159@example.com,5,29.0,145.0,US,USD,15550102159
ORD3160,2026-08-23 12:00:00,customer_2160@example.com,2,23.0,46.0,US,USD,15550102160
ORD3161,2026-08-23 12:15:00,customer_2161@example.com,1,26.0,26.0,US,USD,15550102161
ORD3162,2026-08-23 12:30:00,customer_2162@example.com,5,13.0,65.0,US,USD,15550102162
ORD3163,2026-08-23 12:45:00,customer_2163@example.com,3,13.0,39.0,US,USD,15550102163
ORD3164,2026-08-23 13:00:00,customer_2164@example.com,1,25.0,25.0,US,USD,15550102164
ORD3165,2026-08-23 13:15:00,customer_2165@example.com,2,29.0,58.0,US,USD,15550102165
ORD3166,2026-08-23 13:30:00,customer_2166@example.com,2,18.0,36.0,US,USD,15550102166
ORD3167,2026-08-23 13:45:00,customer_2167@example.com,5,16.0,80.0,US,USD,15550102167
ORD3168,2026-08-23 14:00:00,customer_2168@example.com,3,23.0,69.0,US,USD,15550102168
ORD3169,2026-08-23 14:15:00,customer_2169@example.com,3,15.0,45.0,US,USD,15550102169
ORD3170,2026-08-23 14:30:00,customer_2170@example.com,1,27.0,27.0,US,USD,15550102170
ORD3171,2026-08-23 14:45:00,customer_2171@example.com,4,16.0,64.0,US,USD,15550102171
ORD3172,2026-08-23 15:00:00,customer_2172@example.com,4,20.0,80.0,US,USD,15550102172
ORD3173,2026-08-23 15:15:00,customer_2173@example.com,2,10.0,20.0,US,USD,15550102173
ORD3174,2026-08-23 15:30:00,customer_2174@example.com,1,12.0,12.0,US,USD,15550102174
ORD3175,2026-08-23 15:45:00,customer_2175@example.com,1,28.0,28.0,US,USD,15550102175
ORD3176,2026-08-23 16:00:00,customer_2176@example.com,4,14.0,56.0,US,USD,15550102176
ORD3177,2026-08-23 16:15:00,customer_2177@example.com,1,26.0,26.0,US,USD,15550102177
ORD3178,2026-08-23 16:30:00,customer_2178@example.com,1,13.0,13.0,US,USD,15550102178
ORD3179,2026-08-23 16:45:00,customer_2179@example.com,3,30.0,90.0,US,USD,15550102179
ORD3180,2026-08-23 17:00:00,customer_2180@example.com,2,24.0,48.0,US,USD,15550102180
ORD3181,2026-08-23 17:15:00,customer_2181@example.com,3,18.0,54.0,US,USD,15550102181
ORD3182,2026-08-23 17:30:00,customer_2182@example.com,4,11.0,44.0,US,USD,15550102182
ORD3183,2026-08-23 17:45:00,customer_2183@example.com,1,15.0,15.0,US,USD,15550102183
ORD3184,2026-08-23 18:00:00,customer_2184@example.com,1,19.0,19.0,US,USD,15550102184
ORD3185,2026-08-23 18:15:00,customer_2185@example.com,3,20.0,60.0,US,USD,15550102185
ORD3186,2026-08-23 18:30:00,customer_2186@example.com,4,13.0,52.0,US,USD,15550102186
ORD3187,2026-08-23 18:45:00,customer_2187@example.com,1,11.0,11.0,US,USD,15550102187
ORD3188,2026-08-23 19:00:00,customer_2188@example.com,1,14.0,14.0,US,USD,15550102188
ORD3189,2026-08-23 19:15:00,customer_2189@example.com,2,20.0,40.0,US,USD,15550102189
ORD3190,2026-08-23 19:30:00,customer_2190@example.com,3,24.0,72.0,US,USD,15550102190
ORD3191,2026-08-23 19:45:00,customer_2191@example.com,5,18.0,90.0,US,USD,15550102191
ORD3192,2026-08-23 20:00:00,customer_2192@example.com,1,21.0,21.0,US,USD,15550102192
ORD3193,2026-08-23 20:15:00,customer_2193@example.com,3,15.0,45.0,US,USD,15550102193
ORD3194,2026-08-23 20:30:00,customer_2194@example.com,1,22.0,22.0,US,USD,15550102194
ORD3195,2026-08-23 20:45:00,customer_2195@example.com,4,24.0,96.0,US,USD,15550102195
ORD3196,2026-08-23 21:00:00,customer_2196@example.com,3,22.0,66.0,US,USD,15550102196
ORD3197,2026-08-23 21:15:00,customer_2197@example.com,4,23.0,92.0,US,USD,15550102197
ORD3198,2026-08-23 21:30:00,customer_2198@example.com,2,13.0,26.0,US,USD,15550102198
ORD3199,2026-08-23 21:45:00,customer_2199@example.com,2,11.0,22.0,US,USD,15550102199
ORD3200,2026-08-23 22:00:00,customer_2200@example.com,2,13.0,26.0,US,USD,15550102200
ORD3201,2026-08-23 22:15:00,customer_2201@example.com,4,28.0,112.0,US,USD,15550102201
ORD3202,2026-08-23 22:30:00,customer_2202@example.com,4,28.0,112.0,US,USD,15550102202
ORD3203,2026-08-23 22:45:00,customer_2203@example.com,4,15.0,60.0,US,USD,15550102203
ORD3204,2026-08-23 23:00:00,customer_2204@example.com,5,22.0,110.0,US,USD,15550102204
ORD3205,2026-08-23 23:15:00,customer_2205@example.com,3,29.0,87.0,US,USD,15550102205
ORD3206,2026-08-23 23:30:00,customer_2206@example.com,1,14.0,14.0,US,USD,15550102206
ORD3207,2026-08-23 23:45:00,customer_2207@example.com,4,25.0,100.0,US,USD,15550102207
ORD3208,2026-08-24 00:00:00,customer_2208@example.com,1,23.0,23.0,US,USD,15550102208
ORD3209,2026-08-24 00:15:00,customer_2209@example.com,4,11.0,44.0,US,USD,15550102209
ORD3210,2026-08-24 00:30:00,customer_2210@example.com,1,18.0,18.0,US,USD,15550102210
ORD3211,2026-08-24 00:45:00,customer_2211@example.com,3,10.0,30.0,US,USD,15550102211
ORD3212,2026-08-24 01:00:00,customer_2212@example.com,5,28.0,140.0,US,USD,15550102212
ORD3213,2026-08-24 01:15:00,customer_2213@example.com,5,17.0,85.0,US,USD,15550102213
ORD3214,2026-08-24 01:30:00,customer_2214@example.com,3,26.0,78.0,US,USD,15550102214
ORD3215,2026-08-24 01:45:00,customer_2215@example.com,5,29.0,145.0,US,USD,15550102215
ORD3216,2026-08-24 02:00:00,customer_2216@example.com,1,23.0,23.0,US,USD,15550102216
ORD3217,2026-08-24 02:15:00,customer_2217@example.com,2,25.0,50.0,US,USD,15550102217
ORD3218,2026-08-24 02:30:00,customer_2218@example.com,3,30.0,90.0,US,USD,15550102218
ORD3219,2026-08-24 02:45:00,customer_2219@example.com,4,14.0,56.0,US,USD,15550102219
ORD3220,2026-08-24 03:00:00,customer_2220@example.com,5,29.0,145.0,US,USD,15550102220
ORD3221,2026-08-24 03:15:00,customer_2221@example.com,1,10.0,10.0,US,USD,15550102221
ORD3222,2026-08-24 03:30:00,customer_2222@example.com,2,26.0,52.0,US,USD,15550102222
ORD3223,2026-08-24 03:45:00,customer_2223@example.com,4,25.0,100.0,US,USD,15550102223
ORD3224,2026-08-24 04:00:00,customer_2224@example.com,2,12.0,24.0,US,USD,15550102224
ORD3225,2026-08-24 04:15:00,customer_2225@example.com,4,20.0,80.0,US,USD,15550102225
ORD3226,2026-08-24 04:30:00,customer_2226@example.com,2,20.0,40.0,US,USD,15550102226
ORD3227,2026-08-24 04:45:00,customer_2227@example.com,3,11.0,33.0,US,USD,15550102227
ORD3228,2026-08-24 05:00:00,customer_2228@example.com,5,17.0,85.0,US,USD,15550102228
ORD3229,2026-08-24 05:15:00,customer_2229@example.com,5,30.0,150.0,US,USD,15550102229
ORD3230,2026-08-24 05:30:00,customer_2230@example.com,4,22.0,88.0,US,USD,15550102230
ORD3231,2026-08-24 05:45:00,customer_2231@example.com,2,12.0,24.0,US,USD,15550102231
ORD3232,2026-08-24 06:00:00,customer_2232@example.com,4,24.0,96.0,US,USD,15550102232
ORD3233,2026-08-24 06:15:00,customer_2233@example.com,5,24.0,120.0,US,USD,15550102233
ORD3234,2026-08-24 06:30:00,customer_2234@example.com,1,25.0,25.0,US,USD,15550102234
ORD3235,2026-08-24 06:45:00,customer_2235@example.com,4,20.0,80.0,US,USD,15550102235
ORD3236,2026-08-24 07:00:00,customer_2236@example.com,1,25.0,25.0,US,USD,15550102236
ORD3237,2026-08-24 07:15:00,customer_2237@example.com,1,13.0,13.0,US,USD,15550102237
ORD3238,2026-08-24 07:30:00,customer_2238@example.com,4,23.0,92.0,US,USD,15550102238
ORD3239,2026-08-24 07:45:00,customer_2239@example.com,1,27.0,27.0,US,USD,15550102239
ORD3240,2026-08-24 08:00:00,customer_2240@example.com,5,10.0,50.0,US,USD,15550102240
ORD3241,2026-08-24 08:15:00,customer_2241@example.com,1,29.0,29.0,US,USD,15550102241
ORD3242,2026-08-24 08:30:00,customer_2242@example.com,5,30.0,150.0,US,USD,15550102242
ORD3243,2026-08-24 08:45:00,customer_2243@example.com,3,26.0,78.0,US,USD,15550102243
ORD3244,2026-08-24 09:00:00,customer_2244@example.com,5,16.0,80.0,US,USD,15550102244
ORD3245,2026-08-24 09:15:00,customer_2245@example.com,4,20.0,80.0,US,USD,15550102245
ORD3246,2026-08-24 09:30:00,customer_2246@example.com,3,11.0,33.0,US,USD,15550102246
ORD3247,2026-08-24 09:45:00,customer_2247@example.com,2,24.0,48.0,US,USD,15550102247
ORD3248,2026-08-24 10:00:00,customer_2248@example.com,3,27.0,81.0,US,USD,15550102248
ORD3249,2026-08-24 10:15:00,customer_2249@example.com,5,29.0,145.0,US,USD,15550102249
ORD3250,2026-08-24 10:30:00,customer_2250@example.com,4,21.0,84.0,US,USD,15550102250
ORD3251,2026-08-24 10:45:00,customer_2251@example.com,4,13.0,52.0,US,USD,15550102251
ORD3252,2026-08-24 11:00:00,customer_2252@example.com,1,17.0,17.0,US,USD,15550102252
ORD3253,2026-08-24 11:15:00,customer_2253@example.com,1,20.0,20.0,US,USD,15550102253
ORD3254,2026-08-24 11:30:00,customer_2254@example.com,3,30.0,90.0,US,USD,15550102254
ORD3255,2026-08-24 11:45:00,customer_2255@example.com,3,27.0,81.0,US,USD,15550102255
ORD3256,2026-08-24 12:00:00,customer_2256@example.com,5,21.0,105.0,US,USD,15550102256
ORD3257,2026-08-24 12:15:00,customer_2257@example.com,1,11.0,11.0,US,USD,15550102257
ORD3258,2026-08-24 12:30:00,customer_2258@example.com,2,25.0,50.0,US,USD,15550102258
ORD3259,2026-08-24 12:45:00,customer_2259@example.com,2,23.0,46.0,US,USD,15550102259
ORD3260,2026-08-24 13:00:00,customer_2260@example.com,1,18.0,18.0,US,USD,15550102260
ORD3261,2026-08-24 13:15:00,customer_2261@example.com,5,16.0,80.0,US,USD,15550102261
ORD3262,2026-08-24 13:30:00,customer_2262@example.com,2,13.0,26.0,US,USD,15550102262
ORD3263,2026-08-24 13:45:00,customer_2263@example.com,4,16.0,64.0,US,USD,15550102263
ORD3264,2026-08-24 14:00:00,customer_2264@example.com,4,16.0,64.0,US,USD,15550102264
ORD3265,2026-08-24 14:15:00,customer_2265@example.com,3,13.0,39.0,US,USD,15550102265
ORD3266,2026-08-24 14:30:00,customer_2266@example.com,4,11.0,44.0,US,USD,15550102266
ORD3267,2026-08-24 14:45:00,customer_2267@example.com,5,13.0,65.0,US,USD,15550102267
ORD3268,2026-08-24 15:00:00,customer_2268@example.com,4,24.0,96.0,US,USD,15550102268
ORD3269,2026-08-24 15:15:00,customer_2269@example.com,5,26.0,130.0,US,USD,15550102269
ORD3270,2026-08-24 15:30:00,customer_2270@example.com,2,25.0,50.0,US,USD,15550102270
ORD3271,2026-08-24 15:45:00,customer_2271@example.com,1,26.0,26.0,US,USD,15550102271
ORD3272,2026-08-24 16:00:00,customer_2272@example.com,1,27.0,27.0,US,USD,15550102272
ORD3273,2026-08-24 16:15:00,customer_2273@example.com,4,28.0,112.0,US,USD,15550102273
ORD3274,2026-08-24 16:30:00,customer_2274@example.com,4,26.0,104.0,US,USD,15550102274
ORD3275,2026-08-24 16:45:00,customer_2275@example.com,2,28.0,56.0,US,USD,15550102275
ORD3276,2026-08-24 17:00:00,customer_2276@example.com,2,14.0,28.0,US,USD,15550102276
ORD3277,2026-08-24 17:15:00,customer_2277@example.com,1,22.0,22.0,US,USD,15550102277
ORD3278,2026-08-24 17:30:00,customer_2278@example.com,5,29.0,145.0,US,USD,15550102278
ORD3279,2026-08-24 17:45:00,customer_2279@example.com,3,26.0,78.0,US,USD,15550102279
ORD3280,2026-08-24 18:00:00,customer_2280@example.com,4,23.0,92.0,US,USD,15550102280
ORD3281,2026-08-24 18:15:00,customer_2281@example.com,5,17.0,85.0,US,USD,15550102281
ORD3282,2026-08-24 18:30:00,customer_2282@example.com,3,22.0,66.0,US,USD,15550102282
ORD3283,2026-08-24 18:45:00,customer_2283@example.com,3,19.0,57.0,US,USD,15550102283
ORD3284,2026-08-24 19:00:00,customer_2284@example.com,4,14.0,56.0,US,USD,15550102284
ORD3285,2026-08-24 19:15:00,customer_2285@example.com,2,23.0,46.0,US,USD,15550102285
ORD3286,2026-08-24 19:30:00,customer_2286@example.com,5,26.0,130.0,US,USD,15550102286
ORD3287,2026-08-24 19:45:00,customer_2287@example.com,3,27.0,81.0,US,USD,15550102287
ORD3288,2026-08-24 20:00:00,customer_2288@example.com,3,27.0,81.0,US,USD,15550102288
ORD3289,2026-08-24 20:15:00,customer_2289@example.com,2,16.0,32.0,US,USD,15550102289
ORD3290,2026-08-24 20:30:00,customer_2290@example.com,2,29.0,58.0,US,USD,15550102290
ORD3291,2026-08-24 20:45:00,customer_2291@example.com,3,21.0,63.0,US,USD,15550102291
ORD3292,2026-08-24 21:00:00,customer_2292@example.com,2,30.0,60.0,US,USD,15550102292
ORD3293,2026-08-24 21:15:00,customer_2293@example.com,2,26.0,52.0,US,USD,15550102293
ORD3294,2026-08-24 21:30:00,customer_2294@example.com,5,30.0,150.0,US,USD,15550102294
ORD3295,2026-08-24 21:45:00,customer_2295@example.com,3,13.0,39.0,US,USD,15550102295
ORD3296,2026-08-24 22:00:00,customer_2296@example.com,3,27.0,81.0,US,USD,15550102296
ORD3297,2026-08-24 22:15:00,customer_2297@example.com,4,28.0,112.0,US,USD,15550102297
ORD3298,2026-08-24 22:30:00,customer_2298@example.com,5,23.0,115.0,US,USD,15550102298
ORD3299,2026-08-24 22:45:00,customer_2299@example.com,5,19.0,95.0,US,USD,15550102299
ORD3300,2026-08-24 23:00:00,customer_2300@example.com,4,10.0,40.0,US,USD,15550102300
ORD3301,2026-08-24 23:15:00,customer_2301@example.com,5,13.0,65.0,US,USD,15550102301
ORD3302,2026-08-24 23:30:00,customer_2302@example.com,1,22.0,22.0,US,USD,15550102302
ORD3303,2026-08-24 23:45:00,customer_2303@example.com,2,11.0,22.0,US,USD,15550102303
ORD3304,2026-08-25 00:00:00,customer_2304@example.com,1,16.0,16.0,US,USD,15550102304
ORD3305,2026-08-25 00:15:00,customer_2305@example.com,3,15.0,45.0,US,USD,15550102305
ORD3306,2026-08-25 00:30:00,customer_2306@example.com,3,18.0,54.0,US,USD,15550102306
ORD3307,2026-08-25 00:45:00,customer_2307@example.com,2,11.0,22.0,US,USD,15550102307
ORD3308,2026-08-25 01:00:00,customer_2308@example.com,3,16.0,48.0,US,USD,15550102308
ORD3309,2026-08-25 01:15:00,customer_2309@example.com,5,11.0,55.0,US,USD,15550102309
ORD3310,2026-08-25 01:30:00,customer_2310@example.com,3,24.0,72.0,US,USD,15550102310
ORD3311,2026-08-25 01:45:00,customer_2311@example.com,1,29.0,29.0,US,USD,15550102311
ORD3312,2026-08-25 02:00:00,customer_2312@example.com,5,17.0,85.0,US,USD,15550102312
ORD3313,2026-08-25 02:15:00,customer_2313@example.com,5,22.0,110.0,US,USD,15550102313
ORD3314,2026-08-25 02:30:00,customer_2314@example.com,2,26.0,52.0,US,USD,15550102314
ORD3315,2026-08-25 02:45:00,customer_2315@example.com,3,11.0,33.0,US,USD,15550102315
ORD3316,2026-08-25 03:00:00,customer_2316@example.com,4,22.0,88.0,US,USD,15550102316
ORD3317,2026-08-25 03:15:00,customer_2317@example.com,4,20.0,80.0,US,USD,15550102317
ORD3318,2026-08-25 03:30:00,customer_2318@example.com,5,11.0,55.0,US,USD,15550102318
ORD3319,2026-08-25 03:45:00,customer_2319@example.com,1,18.0,18.0,US,USD,15550102319
ORD3320,2026-08-25 04:00:00,customer_2320@example.com,2,29.0,58.0,US,USD,15550102320
ORD3321,2026-08-25 04:15:00,customer_2321@example.com,4,17.0,68.0,US,USD,15550102321
ORD3322,2026-08-25 04:30:00,customer_2322@example.com,3,28.0,84.0,US,USD,15550102322
ORD3323,2026-08-25 04:45:00,customer_2323@example.com,5,29.0,145.0,US,USD,15550102323
ORD3324,2026-08-25 05:00:00,customer_2324@example.com,2,16.0,32.0,US,USD,15550102324
ORD3325,2026-08-25 05:15:00,customer_2325@example.com,3,24.0,72.0,US,USD,15550102325
ORD3326,2026-08-25 05:30:00,customer_2326@example.com,2,12.0,24.0,US,USD,15550102326
ORD3327,2026-08-25 05:45:00,customer_2327@example.com,2,15.0,30.0,US,USD,15550102327
ORD3328,2026-08-25 06:00:00,customer_2328@example.com,5,13.0,65.0,US,USD,15550102328
ORD3329,2026-08-25 06:15:00,customer_2329@example.com,4,11.0,44.0,US,USD,15550102329
ORD3330,2026-08-25 06:30:00,customer_2330@example.com,4,18.0,72.0,US,USD,15550102330
ORD3331,2026-08-25 06:45:00,customer_2331@example.com,5,18.0,90.0,US,USD,15550102331
ORD3332,2026-08-25 07:00:00,customer_2332@example.com,2,15.0,30.0,US,USD,15550102332
ORD3333,2026-08-25 07:15:00,customer_2333@example.com,5,18.0,90.0,US,USD,15550102333
ORD3334,2026-08-25 07:30:00,customer_2334@example.com,1,20.0,20.0,US,USD,15550102334
ORD3335,2026-08-25 07:45:00,customer_2335@example.com,4,14.0,56.0,US,USD,15550102335
ORD3336,2026-08-25 08:00:00,customer_2336@example.com,1,14.0,14.0,US,USD,15550102336
ORD3337,2026-08-25 08:15:00,customer_2337@example.com,3,29.0,87.0,US,USD,15550102337
ORD3338,2026-08-25 08:30:00,customer_2338@example.com,1,30.0,30.0,US,USD,15550102338
ORD3339,2026-08-25 08:45:00,customer_2339@example.com,5,19.0,95.0,US,USD,15550102339
ORD3340,2026-08-25 09:00:00,customer_2340@example.com,4,28.0,112.0,US,USD,15550102340
ORD3341,2026-08-25 09:15:00,customer_2341@example.com,5,21.0,105.0,US,USD,15550102341
ORD3342,2026-08-25 09:30:00,customer_2342@example.com,1,20.0,20.0,US,USD,15550102342
ORD3343,2026-08-25 09:45:00,customer_2343@example.com,5,17.0,85.0,US,USD,15550102343
ORD3344,2026-08-25 10:00:00,customer_2344@example.com,2,26.0,52.0,US,USD,15550102344
ORD3345,2026-08-25 10:15:00,customer_2345@example.com,1,26.0,26.0,US,USD,15550102345
ORD3346,2026-08-25 10:30:00,customer_2346@example.com,2,23.0,46.0,US,USD,15550102346
ORD3347,2026-08-25 10:45:00,customer_2347@example.com,5,27.0,135.0,US,USD,15550102347
ORD3348,2026-08-25 11:00:00,customer_2348@example.com,4,12.0,48.0,US,USD,15550102348
ORD3349,2026-08-25 11:15:00,customer_2349@example.com,3,17.0,51.0,US,USD,15550102349
ORD3350,2026-08-25 11:30:00,customer_2350@example.com,2,20.0,40.0,US,USD,15550102350
ORD3351,2026-08-25 11:45:00,customer_2351@example.com,3,21.0,63.0,US,USD,15550102351
ORD3352,2026-08-25 12:00:00,customer_2352@example.com,3,16.0,48.0,US,USD,15550102352
ORD3353,2026-08-25 12:15:00,customer_2353@example.com,5,26.0,130.0,US,USD,15550102353
ORD3354,2026-08-25 12:30:00,customer_2354@example.com,4,27.0,108.0,US,USD,15550102354
ORD3355,2026-08-25 12:45:00,customer_2355@example.com,1,13.0,13.0,US,USD,15550102355
ORD3356,2026-08-25 13:00:00,customer_2356@example.com,3,24.0,72.0,US,USD,15550102356
ORD3357,2026-08-25 13:15:00,customer_2357@example.com,2,30.0,60.0,US,USD,15550102357
ORD3358,2026-08-25 13:30:00,customer_2358@example.com,5,29.0,145.0,US,USD,15550102358
ORD3359,2026-08-25 13:45:00,customer_2359@example.com,2,11.0,22.0,US,USD,15550102359
ORD3360,2026-08-25 14:00:00,customer_2360@example.com,3,22.0,66.0,US,USD,15550102360
ORD3361,2026-08-25 14:15:00,customer_2361@example.com,1,22.0,22.0,US,USD,15550102361
ORD3362,2026-08-25 14:30:00,customer_2362@example.com,3,27.0,81.0,US,USD,15550102362
ORD3363,2026-08-25 14:45:00,customer_2363@example.com,3,10.0,30.0,US,USD,15550102363
ORD3364,2026-08-25 15:00:00,customer_2364@example.com,5,21.0,105.0,US,USD,15550102364
ORD3365,2026-08-25 15:15:00,customer_2365@example.com,5,26.0,130.0,US,USD,15550102365
ORD3366,2026-08-25 15:30:00,customer_2366@example.com,4,25.0,100.0,US,USD,15550102366
ORD3367,2026-08-25 15:45:00,customer_2367@example.com,1,19.0,19.0,US,USD,15550102367
ORD3368,2026-08-25 16:00:00,customer_2368@example.com,2,20.0,40.0,US,USD,15550102368
ORD3369,2026-08-25 16:15:00,customer_2369@example.com,5,12.0,60.0,US,USD,15550102369
ORD3370,2026-08-25 16:30:00,customer_2370@example.com,1,15.0,15.0,US,USD,15550102370
ORD3371,2026-08-25 16:45:00,customer_2371@example.com,5,27.0,135.0,US,USD,15550102371
ORD3372,2026-08-25 17:00:00,customer_2372@example.com,1,30.0,30.0,US,USD,15550102372
ORD3373,2026-08-25 17:15:00,customer_2373@example.com,1,16.0,16.0,US,USD,15550102373
ORD3374,2026-08-25 17:30:00,customer_2374@example.com,2,23.0,46.0,US,USD,15550102374
ORD3375,2026-08-25 17:45:00,customer_2375@example.com,1,16.0,16.0,US,USD,15550102375
ORD3376,2026-08-25 18:00:00,customer_2376@example.com,5,23.0,115.0,US,USD,15550102376
ORD3377,2026-08-25 18:15:00,customer_2377@example.com,1,14.0,14.0,US,USD,15550102377
ORD3378,2026-08-25 18:30:00,customer_2378@example.com,1,24.0,24.0,US,USD,15550102378
ORD3379,2026-08-25 18:45:00,customer_2379@example.com,3,11.0,33.0,US,USD,15550102379
ORD3380,2026-08-25 19:00:00,customer_2380@example.com,1,12.0,12.0,US,USD,15550102380
ORD3381,2026-08-25 19:15:00,customer_2381@example.com,1,15.0,15.0,US,USD,15550102381
ORD3382,2026-08-25 19:30:00,customer_2382@example.com,3,27.0,81.0,US,USD,15550102382
ORD3383,2026-08-25 19:45:00,customer_2383@example.com,1,28.0,28.0,US,USD,15550102383
ORD3384,2026-08-25 20:00:00,customer_2384@example.com,2,18.0,36.0,US,USD,15550102384
ORD3385,2026-08-25 20:15:00,customer_2385@example.com,4,22.0,88.0,US,USD,15550102385
ORD3386,2026-08-25 20:30:00,customer_2386@example.com,4,30.0,120.0,US,USD,15550102386
ORD3387,2026-08-25 20:45:00,customer_2387@example.com,4,23.0,92.0,US,USD,15550102387
ORD3388,2026-08-25 21:00:00,customer_2388@example.com,3,10.0,30.0,US,USD,15550102388
ORD3389,2026-08-25 21:15:00,customer_2389@example.com,4,13.0,52.0,US,USD,15550102389
ORD3390,2026-08-25 21:30:00,customer_2390@example.com,5,10.0,50.0,US,USD,15550102390
ORD3391,2026-08-25 21:45:00,customer_2391@example.com,5,12.0,60.0,US,USD,15550102391
ORD3392,2026-08-25 22:00:00,customer_2392@example.com,5,11.0,55.0,US,USD,15550102392
ORD3393,2026-08-25 22:15:00,customer_2393@example.com,1,21.0,21.0,US,USD,15550102393
ORD3394,2026-08-25 22:30:00,customer_2394@example.com,5,13.0,65.0,US,USD,15550102394
ORD3395,2026-08-25 22:45:00,customer_2395@example.com,3,19.0,57.0,US,USD,15550102395
ORD3396,2026-08-25 23:00:00,customer_2396@example.com,5,12.0,60.0,US,USD,15550102396
ORD3397,2026-08-25 23:15:00,customer_2397@example.com,3,24.0,72.0,US,USD,15550102397
ORD3398,2026-08-25 23:30:00,customer_2398@example.com,4,22.0,88.0,US,USD,15550102398
ORD3399,2026-08-25 23:45:00,customer_2399@example.com,1,25.0,25.0,US,USD,15550102399
ORD3400,2026-08-26 00:00:00,customer_2400@example.com,2,27.0,54.0,US,USD,15550102400
ORD3401,2026-08-26 00:15:00,customer_2401@example.com,2,14.0,28.0,US,USD,15550102401
ORD3402,2026-08-26 00:30:00,customer_2402@example.com,4,27.0,108.0,US,USD,15550102402
ORD3403,2026-08-26 00:45:00,customer_2403@example.com,3,30.0,90.0,US,USD,15550102403
ORD3404,2026-08-26 01:00:00,customer_2404@example.com,2,19.0,38.0,US,USD,15550102404
ORD3405,2026-08-26 01:15:00,customer_2405@example.com,3,10.0,30.0,US,USD,15550102405
ORD3406,2026-08-26 01:30:00,customer_2406@example.com,5,27.0,135.0,US,USD,15550102406
ORD3407,2026-08-26 01:45:00,customer_2407@example.com,2,13.0,26.0,US,USD,15550102407
ORD3408,2026-08-26 02:00:00,customer_2408@example.com,1,10.0,10.0,US,USD,15550102408
ORD3409,2026-08-26 02:15:00,customer_2409@example.com,5,29.0,145.0,US,USD,15550102409
ORD3410,2026-08-26 02:30:00,customer_2410@example.com,4,27.0,108.0,US,USD,15550102410
ORD3411,2026-08-26 02:45:00,customer_2411@example.com,5,12.0,60.0,US,USD,15550102411
ORD3412,2026-08-26 03:00:00,customer_2412@example.com,3,16.0,48.0,US,USD,15550102412
ORD3413,2026-08-26 03:15:00,customer_2413@example.com,3,16.0,48.0,US,USD,15550102413
ORD3414,2026-08-26 03:30:00,customer_2414@example.com,4,30.0,120.0,US,USD,15550102414
ORD3415,2026-08-26 03:45:00,customer_2415@example.com,5,14.0,70.0,US,USD,15550102415
ORD3416,2026-08-26 04:00:00,customer_2416@example.com,2,15.0,30.0,US,USD,15550102416
ORD3417,2026-08-26 04:15:00,customer_2417@example.com,2,29.0,58.0,US,USD,15550102417
ORD3418,2026-08-26 04:30:00,customer_2418@example.com,3,16.0,48.0,US,USD,15550102418
ORD3419,2026-08-26 04:45:00,customer_2419@example.com,1,15.0,15.0,US,USD,15550102419
ORD3420,2026-08-26 05:00:00,customer_2420@example.com,5,11.0,55.0,US,USD,15550102420
ORD3421,2026-08-26 05:15:00,customer_2421@example.com,5,24.0,120.0,US,USD,15550102421
ORD3422,2026-08-26 05:30:00,customer_2422@example.com,5,12.0,60.0,US,USD,15550102422
ORD3423,2026-08-26 05:45:00,customer_2423@example.com,3,12.0,36.0,US,USD,15550102423
ORD3424,2026-08-26 06:00:00,customer_2424@example.com,3,13.0,39.0,US,USD,15550102424
ORD3425,2026-08-26 06:15:00,customer_2425@example.com,2,28.0,56.0,US,USD,15550102425
ORD3426,2026-08-26 06:30:00,customer_2426@example.com,4,20.0,80.0,US,USD,15550102426
ORD3427,2026-08-26 06:45:00,customer_2427@example.com,3,14.0,42.0,US,USD,15550102427
ORD3428,2026-08-26 07:00:00,customer_2428@example.com,2,13.0,26.0,US,USD,15550102428
ORD3429,2026-08-26 07:15:00,customer_2429@example.com,3,29.0,87.0,US,USD,15550102429
ORD3430,2026-08-26 07:30:00,customer_2430@example.com,1,16.0,16.0,US,USD,15550102430
ORD3431,2026-08-26 07:45:00,customer_2431@example.com,3,25.0,75.0,US,USD,15550102431
ORD3432,2026-08-26 08:00:00,customer_2432@example.com,4,20.0,80.0,US,USD,15550102432
ORD3433,2026-08-26 08:15:00,customer_2433@example.com,5,19.0,95.0,US,USD,15550102433
ORD3434,2026-08-26 08:30:00,customer_2434@example.com,5,14.0,70.0,US,USD,15550102434
ORD3435,2026-08-26 08:45:00,customer_2435@example.com,5,28.0,140.0,US,USD,15550102435
ORD3436,2026-08-26 09:00:00,customer_2436@example.com,3,20.0,60.0,US,USD,15550102436
ORD3437,2026-08-26 09:15:00,customer_2437@example.com,4,15.0,60.0,US,USD,15550102437
ORD3438,2026-08-26 09:30:00,customer_2438@example.com,1,20.0,20.0,US,USD,15550102438
ORD3439,2026-08-26 09:45:00,customer_2439@example.com,2,17.0,34.0,US,USD,15550102439
ORD3440,2026-08-26 10:00:00,customer_2440@example.com,4,18.0,72.0,US,USD,15550102440
ORD3441,2026-08-26 10:15:00,customer_2441@example.com,3,14.0,42.0,US,USD,15550102441
ORD3442,2026-08-26 10:30:00,customer_2442@example.com,3,25.0,75.0,US,USD,15550102442
ORD3443,2026-08-26 10:45:00,customer_2443@example.com,4,24.0,96.0,US,USD,15550102443
ORD3444,2026-08-26 11:00:00,customer_2444@example.com,3,19.0,57.0,US,USD,15550102444
ORD3445,2026-08-26 11:15:00,customer_2445@example.com,4,27.0,108.0,US,USD,15550102445
ORD3446,2026-08-26 11:30:00,customer_2446@example.com,1,15.0,15.0,US,USD,15550102446
ORD3447,2026-08-26 11:45:00,customer_2447@example.com,5,12.0,60.0,US,USD,15550102447
ORD3448,2026-08-26 12:00:00,customer_2448@example.com,3,14.0,42.0,US,USD,15550102448
ORD3449,2026-08-26 12:15:00,customer_2449@example.com,5,16.0,80.0,US,USD,15550102449
ORD3450,2026-08-26 12:30:00,customer_2450@example.com,3,30.0,90.0,US,USD,15550102450
ORD3451,2026-08-26 12:45:00,customer_2451@example.com,1,12.0,12.0,US,USD,15550102451
ORD3452,2026-08-26 13:00:00,customer_2452@example.com,1,26.0,26.0,US,USD,15550102452
ORD3453,2026-08-26 13:15:00,customer_2453@example.com,1,28.0,28.0,US,USD,15550102453
ORD3454,2026-08-26 13:30:00,customer_2454@example.com,5,22.0,110.0,US,USD,15550102454
ORD3455,2026-08-26 13:45:00,customer_2455@example.com,5,16.0,80.0,US,USD,15550102455
ORD3456,2026-08-26 14:00:00,customer_2456@example.com,1,27.0,27.0,US,USD,15550102456
ORD3457,2026-08-26 14:15:00,customer_2457@example.com,3,27.0,81.0,US,USD,15550102457
ORD3458,2026-08-26 14:30:00,customer_2458@example.com,5,25.0,125.0,US,USD,15550102458
ORD3459,2026-08-26 14:45:00,customer_2459@example.com,2,21.0,42.0,US,USD,15550102459
ORD3460,2026-08-26 15:00:00,customer_2460@example.com,4,17.0,68.0,US,USD,15550102460
ORD3461,2026-08-26 15:15:00,customer_2461@example.com,5,19.0,95.0,US,USD,15550102461
ORD3462,2026-08-26 15:30:00,customer_2462@example.com,2,24.0,48.0,US,USD,15550102462
ORD3463,2026-08-26 15:45:00,customer_2463@example.com,5,26.0,130.0,US,USD,15550102463
ORD3464,2026-08-26 16:00:00,customer_2464@example.com,1,22.0,22.0,US,USD,15550102464
ORD3465,2026-08-26 16:15:00,customer_2465@example.com,3,26.0,78.0,US,USD,15550102465
ORD3466,2026-08-26 16:30:00,customer_2466@example.com,1,17.0,17.0,US,USD,15550102466
ORD3467,2026-08-26 16:45:00,customer_2467@example.com,5,15.0,75.0,US,USD,15550102467
ORD3468,2026-08-26 17:00:00,customer_2468@example.com,5,14.0,70.0,US,USD,15550102468
ORD3469,2026-08-26 17:15:00,customer_2469@example.com,4,15.0,60.0,US,USD,15550102469
ORD3470,2026-08-26 17:30:00,customer_2470@example.com,2,28.0,56.0,US,USD,15550102470
ORD3471,2026-08-26 17:45:00,customer_2471@example.com,5,14.0,70.0,US,USD,15550102471
ORD3472,2026-08-26 18:00:00,customer_2472@example.com,4,21.0,84.0,US,USD,15550102472
ORD3473,2026-08-26 18:15:00,customer_2473@example.com,1,17.0,17.0,US,USD,15550102473
ORD3474,2026-08-26 18:30:00,customer_2474@example.com,4,17.0,68.0,US,USD,15550102474
ORD3475,2026-08-26 18:45:00,customer_2475@example.com,1,18.0,18.0,US,USD,15550102475
ORD3476,2026-08-26 19:00:00,customer_2476@example.com,3,17.0,51.0,US,USD,15550102476
ORD3477,2026-08-26 19:15:00,customer_2477@example.com,1,16.0,16.0,US,USD,15550102477
ORD3478,2026-08-26 19:30:00,customer_2478@example.com,5,21.0,105.0,US,USD,15550102478
ORD3479,2026-08-26 19:45:00,customer_2479@example.com,4,25.0,100.0,US,USD,15550102479
ORD3480,2026-08-26 20:00:00,customer_2480@example.com,4,11.0,44.0,US,USD,15550102480
ORD3481,2026-08-26 20:15:00,customer_2481@example.com,1,30.0,30.0,US,USD,15550102481
ORD3482,2026-08-26 20:30:00,customer_2482@example.com,3,13.0,39.0,US,USD,15550102482
ORD3483,2026-08-26 20:45:00,customer_2483@example.com,5,30.0,150.0,US,USD,15550102483
ORD3484,2026-08-26 21:00:00,customer_2484@example.com,3,18.0,54.0,US,USD,15550102484
ORD3485,2026-08-26 21:15:00,customer_2485@example.com,5,27.0,135.0,US,USD,15550102485
ORD3486,2026-08-26 21:30:00,customer_2486@example.com,5,15.0,75.0,US,USD,15550102486
ORD3487,2026-08-26 21:45:00,customer_2487@example.com,4,30.0,120.0,US,USD,15550102487
ORD3488,2026-08-26 22:00:00,customer_2488@example.com,4,21.0,84.0,US,USD,15550102488
ORD3489,2026-08-26 22:15:00,customer_2489@example.com,5,30.0,150.0,US,USD,15550102489
ORD3490,2026-08-26 22:30:00,customer_2490@example.com,1,26.0,26.0,US,USD,15550102490
ORD3491,2026-08-26 22:45:00,customer_2491@example.com,3,22.0,66.0,US,USD,15550102491
ORD3492,2026-08-26 23:00:00,customer_2492@example.com,2,26.0,52.0,US,USD,15550102492
ORD3493,2026-08-26 23:15:00,customer_2493@example.com,4,21.0,84.0,US,USD,15550102493
ORD3494,2026-08-26 23:30:00,customer_2494@example.com,3,25.0,75.0,US,USD,15550102494
ORD3495,2026-08-26 23:45:00,customer_2495@example.com,4,29.0,116.0,US,USD,15550102495
ORD3496,2026-08-27 00:00:00,customer_2496@example.com,1,26.0,26.0,US,USD,15550102496
ORD3497,2026-08-27 00:15:00,customer_2497@example.com,2,24.0,48.0,US,USD,15550102497
ORD3498,2026-08-27 00:30:00,customer_2498@example.com,2,17.0,34.0,US,USD,15550102498
ORD3499,2026-08-27 00:45:00,customer_2499@example.com,1,26.0,26.0,US,USD,15550102499
ORD3500,2026-08-27 01:00:00,customer_2500@example.com,3,16.0,48.0,US,USD,15550102500
ORD3501,2026-08-27 01:15:00,customer_2501@example.com,2,15.0,30.0,US,USD,15550102501
ORD3502,2026-08-27 01:30:00,customer_2502@example.com,2,21.0,42.0,US,USD,15550102502
ORD3503,2026-08-27 01:45:00,customer_2503@example.com,5,13.0,65.0,US,USD,15550102503
ORD3504,2026-08-27 02:00:00,customer_2504@example.com,2,23.0,46.0,US,USD,15550102504
ORD3505,2026-08-27 02:15:00,customer_2505@example.com,3,13.0,39.0,US,USD,15550102505
ORD3506,2026-08-27 02:30:00,customer_2506@example.com,4,25.0,100.0,US,USD,15550102506
ORD3507,2026-08-27 02:45:00,customer_2507@example.com,4,16.0,64.0,US,USD,15550102507
ORD3508,2026-08-27 03:00:00,customer_2508@example.com,5,15.0,75.0,US,USD,15550102508
ORD3509,2026-08-27 03:15:00,customer_2509@example.com,4,10.0,40.0,US,USD,15550102509
ORD3510,2026-08-27 03:30:00,customer_2510@example.com,2,11.0,22.0,US,USD,15550102510
ORD3511,2026-08-27 03:45:00,customer_2511@example.com,2,28.0,56.0,US,USD,15550102511
ORD3512,2026-08-27 04:00:00,customer_2512@example.com,5,15.0,75.0,US,USD,15550102512
ORD3513,2026-08-27 04:15:00,customer_2513@example.com,2,30.0,60.0,US,USD,15550102513
ORD3514,2026-08-27 04:30:00,customer_2514@example.com,5,11.0,55.0,US,USD,15550102514
ORD3515,2026-08-27 04:45:00,customer_2515@example.com,5,14.0,70.0,US,USD,15550102515
ORD3516,2026-08-27 05:00:00,customer_2516@example.com,1,15.0,15.0,US,USD,15550102516
ORD3517,2026-08-27 05:15:00,customer_2517@example.com,3,15.0,45.0,US,USD,15550102517
ORD3518,2026-08-27 05:30:00,customer_2518@example.com,5,22.0,110.0,US,USD,15550102518
ORD3519,2026-08-27 05:45:00,customer_2519@example.com,5,28.0,140.0,US,USD,15550102519
ORD3520,2026-08-27 06:00:00,customer_2520@example.com,1,19.0,19.0,US,USD,15550102520
ORD3521,2026-08-27 06:15:00,customer_2521@example.com,1,16.0,16.0,US,USD,15550102521
ORD3522,2026-08-27 06:30:00,customer_2522@example.com,4,29.0,116.0,US,USD,15550102522
ORD3523,2026-08-27 06:45:00,customer_2523@example.com,4,25.0,100.0,US,USD,15550102523
ORD3524,2026-08-27 07:00:00,customer_2524@example.com,2,17.0,34.0,US,USD,15550102524
ORD3525,2026-08-27 07:15:00,customer_2525@example.com,4,29.0,116.0,US,USD,15550102525
ORD3526,2026-08-27 07:30:00,customer_2526@example.com,2,28.0,56.0,US,USD,15550102526
ORD3527,2026-08-27 07:45:00,customer_2527@example.com,2,29.0,58.0,US,USD,15550102527
ORD3528,2026-08-27 08:00:00,customer_2528@example.com,5,18.0,90.0,US,USD,15550102528
ORD3529,2026-08-27 08:15:00,customer_2529@example.com,2,20.0,40.0,US,USD,15550102529
ORD3530,2026-08-27 08:30:00,customer_2530@example.com,4,29.0,116.0,US,USD,15550102530
ORD3531,2026-08-27 08:45:00,customer_2531@example.com,5,12.0,60.0,US,USD,15550102531
ORD3532,2026-08-27 09:00:00,customer_2532@example.com,2,22.0,44.0,US,USD,15550102532
ORD3533,2026-08-27 09:15:00,customer_2533@example.com,4,14.0,56.0,US,USD,15550102533
ORD3534,2026-08-27 09:30:00,customer_2534@example.com,1,10.0,10.0,US,USD,15550102534
ORD3535,2026-08-27 09:45:00,customer_2535@example.com,2,26.0,52.0,US,USD,15550102535
ORD3536,2026-08-27 10:00:00,customer_2536@example.com,5,23.0,115.0,US,USD,15550102536
ORD3537,2026-08-27 10:15:00,customer_2537@example.com,2,29.0,58.0,US,USD,15550102537
ORD3538,2026-08-27 10:30:00,customer_2538@example.com,1,15.0,15.0,US,USD,15550102538
ORD3539,2026-08-27 10:45:00,customer_2539@example.com,4,29.0,116.0,US,USD,15550102539
ORD3540,2026-08-27 11:00:00,customer_2540@example.com,5,11.0,55.0,US,USD,15550102540
ORD3541,2026-08-27 11:15:00,customer_2541@example.com,5,26.0,130.0,US,USD,15550102541
ORD3542,2026-08-27 11:30:00,customer_2542@example.com,1,12.0,12.0,US,USD,15550102542
ORD3543,2026-08-27 11:45:00,customer_2543@example.com,4,14.0,56.0,US,USD,15550102543
ORD3544,2026-08-27 12:00:00,customer_2544@example.com,5,27.0,135.0,US,USD,15550102544
ORD3545,2026-08-27 12:15:00,customer_2545@example.com,1,30.0,30.0,US,USD,15550102545
ORD3546,2026-08-27 12:30:00,customer_2546@example.com,4,26.0,104.0,US,USD,15550102546
ORD3547,2026-08-27 12:45:00,customer_2547@example.com,4,21.0,84.0,US,USD,15550102547
ORD3548,2026-08-27 13:00:00,customer_2548@example.com,1,26.0,26.0,US,USD,15550102548
ORD3549,2026-08-27 13:15:00,customer_2549@example.com,4,17.0,68.0,US,USD,15550102549
ORD3550,2026-08-27 13:30:00,customer_2550@example.com,4,22.0,88.0,US,USD,15550102550
ORD3551,2026-08-27 13:45:00,customer_2551@example.com,3,28.0,84.0,US,USD,15550102551
ORD3552,2026-08-27 14:00:00,customer_2552@example.com,5,13.0,65.0,US,USD,15550102552
ORD3553,2026-08-27 14:15:00,customer_2553@example.com,4,14.0,56.0,US,USD,15550102553
ORD3554,2026-08-27 14:30:00,customer_2554@example.com,3,25.0,75.0,US,USD,15550102554
ORD3555,2026-08-27 14:45:00,customer_2555@example.com,2,12.0,24.0,US,USD,15550102555
ORD3556,2026-08-27 15:00:00,customer_2556@example.com,3,29.0,87.0,US,USD,15550102556
ORD3557,2026-08-27 15:15:00,customer_2557@example.com,5,23.0,115.0,US,USD,15550102557
ORD3558,2026-08-27 15:30:00,customer_2558@example.com,3,16.0,48.0,US,USD,15550102558
ORD3559,2026-08-27 15:45:00,customer_2559@example.com,1,10.0,10.0,US,USD,15550102559
ORD3560,2026-08-27 16:00:00,customer_2560@example.com,5,26.0,130.0,US,USD,15550102560
ORD3561,2026-08-27 16:15:00,customer_2561@example.com,1,26.0,26.0,US,USD,15550102561
ORD3562,2026-08-27 16:30:00,customer_2562@example.com,1,22.0,22.0,US,USD,15550102562
ORD3563,2026-08-27 16:45:00,customer_2563@example.com,2,20.0,40.0,US,USD,15550102563
ORD3564,2026-08-27 17:00:00,customer_2564@example.com,4,21.0,84.0,US,USD,15550102564
ORD3565,2026-08-27 17:15:00,customer_2565@example.com,1,14.0,14.0,US,USD,15550102565
ORD3566,2026-08-27 17:30:00,customer_2566@example.com,4,30.0,120.0,US,USD,15550102566
ORD3567,2026-08-27 17:45:00,customer_2567@example.com,5,18.0,90.0,US,USD,15550102567
ORD3568,2026-08-27 18:00:00,customer_2568@example.com,3,27.0,81.0,US,USD,15550102568
ORD3569,2026-08-27 18:15:00,customer_2569@example.com,4,28.0,112.0,US,USD,15550102569
ORD3570,2026-08-27 18:30:00,customer_2570@example.com,3,29.0,87.0,US,USD,15550102570
ORD3571,2026-08-27 18:45:00,customer_2571@example.com,3,22.0,66.0,US,USD,15550102571
ORD3572,2026-08-27 19:00:00,customer_2572@example.com,2,23.0,46.0,US,USD,15550102572
ORD3573,2026-08-27 19:15:00,customer_2573@example.com,5,27.0,135.0,US,USD,15550102573
ORD3574,2026-08-27 19:30:00,customer_2574@example.com,4,15.0,60.0,US,USD,15550102574
ORD3575,2026-08-27 19:45:00,customer_2575@example.com,3,27.0,81.0,US,USD,15550102575
ORD3576,2026-08-27 20:00:00,customer_2576@example.com,5,25.0,125.0,US,USD,15550102576
ORD3577,2026-08-27 20:15:00,customer_2577@example.com,3,19.0,57.0,US,USD,15550102577
ORD3578,2026-08-27 20:30:00,customer_2578@example.com,5,21.0,105.0,US,USD,15550102578
ORD3579,2026-08-27 20:45:00,customer_2579@example.com,4,14.0,56.0,US,USD,15550102579
ORD3580,2026-08-27 21:00:00,customer_2580@example.com,1,17.0,17.0,US,USD,15550102580
ORD3581,2026-08-27 21:15:00,customer_2581@example.com,4,15.0,60.0,US,USD,15550102581
ORD3582,2026-08-27 21:30:00,customer_2582@example.com,1,16.0,16.0,US,USD,15550102582
ORD3583,2026-08-27 21:45:00,customer_2583@example.com,5,22.0,110.0,US,USD,15550102583
ORD3584,2026-08-27 22:00:00,customer_2584@example.com,3,27.0,81.0,US,USD,15550102584
ORD3585,2026-08-27 22:15:00,customer_2585@example.com,5,11.0,55.0,US,USD,15550102585
ORD3586,2026-08-27 22:30:00,customer_2586@example.com,2,22.0,44.0,US,USD,15550102586
ORD3587,2026-08-27 22:45:00,customer_2587@example.com,1,12.0,12.0,US,USD,15550102587
ORD3588,2026-08-27 23:00:00,customer_2588@example.com,2,25.0,50.0,US,USD,15550102588
ORD3589,2026-08-27 23:15:00,customer_2589@example.com,5,23.0,115.0,US,USD,15550102589
ORD3590,2026-08-27 23:30:00,customer_2590@example.com,1,12.0,12.0,US,USD,15550102590
ORD3591,2026-08-27 23:45:00,customer_2591@example.com,3,17.0,51.0,US,USD,15550102591
ORD3592,2026-08-28 00:00:00,customer_2592@example.com,3,12.0,36.0,US,USD,15550102592
ORD3593,2026-08-28 00:15:00,customer_2593@example.com,5,11.0,55.0,US,USD,15550102593
ORD3594,2026-08-28 00:30:00,customer_2594@example.com,4,22.0,88.0,US,USD,15550102594
ORD3595,2026-08-28 00:45:00,customer_2595@example.com,5,30.0,150.0,US,USD,15550102595
ORD3596,2026-08-28 01:00:00,customer_2596@example.com,5,19.0,95.0,US,USD,15550102596
ORD3597,2026-08-28 01:15:00,customer_2597@example.com,5,11.0,55.0,US,USD,15550102597
ORD3598,2026-08-28 01:30:00,customer_2598@example.com,2,30.0,60.0,US,USD,15550102598
ORD3599,2026-08-28 01:45:00,customer_2599@example.com,4,24.0,96.0,US,USD,15550102599
ORD3600,2026-08-28 02:00:00,customer_2600@example.com,1,16.0,16.0,US,USD,15550102600
ORD3601,2026-08-28 02:15:00,customer_2601@example.com,5,19.0,95.0,US,USD,15550102601
ORD3602,2026-08-28 02:30:00,customer_2602@example.com,2,11.0,22.0,US,USD,15550102602
ORD3603,2026-08-28 02:45:00,customer_2603@example.com,5,26.0,130.0,US,USD,15550102603
ORD3604,2026-08-28 03:00:00,customer_2604@example.com,5,17.0,85.0,US,USD,15550102604
ORD3605,2026-08-28 03:15:00,customer_2605@example.com,5,15.0,75.0,US,USD,15550102605
ORD3606,2026-08-28 03:30:00,customer_2606@example.com,1,21.0,21.0,US,USD,15550102606
ORD3607,2026-08-28 03:45:00,customer_2607@example.com,2,30.0,60.0,US,USD,15550102607
ORD3608,2026-08-28 04:00:00,customer_2608@example.com,1,15.0,15.0,US,USD,15550102608
ORD3609,2026-08-28 04:15:00,customer_2609@example.com,1,18.0,18.0,US,USD,15550102609
ORD3610,2026-08-28 04:30:00,customer_2610@example.com,4,21.0,84.0,US,USD,15550102610
ORD3611,2026-08-28 04:45:00,customer_2611@example.com,4,22.0,88.0,US,USD,15550102611
ORD3612,2026-08-28 05:00:00,customer_2612@example.com,5,16.0,80.0,US,USD,15550102612
ORD3613,2026-08-28 05:15:00,customer_2613@example.com,5,10.0,50.0,US,USD,15550102613
ORD3614,2026-08-28 05:30:00,customer_2614@example.com,1,12.0,12.0,US,USD,15550102614
ORD3615,2026-08-28 05:45:00,customer_2615@example.com,5,19.0,95.0,US,USD,15550102615
ORD3616,2026-08-28 06:00:00,customer_2616@example.com,5,28.0,140.0,US,USD,15550102616
ORD3617,2026-08-28 06:15:00,customer_2617@example.com,3,21.0,63.0,US,USD,15550102617
ORD3618,2026-08-28 06:30:00,customer_2618@example.com,3,17.0,51.0,US,USD,15550102618
ORD3619,2026-08-28 06:45:00,customer_2619@example.com,5,16.0,80.0,US,USD,15550102619
ORD3620,2026-08-28 07:00:00,customer_2620@example.com,4,22.0,88.0,US,USD,15550102620
ORD3621,2026-08-28 07:15:00,customer_2621@example.com,5,10.0,50.0,US,USD,15550102621
ORD3622,2026-08-28 07:30:00,customer_2622@example.com,3,15.0,45.0,US,USD,15550102622
ORD3623,2026-08-28 07:45:00,customer_2623@example.com,4,26.0,104.0,US,USD,15550102623
ORD3624,2026-08-28 08:00:00,customer_2624@example.com,1,27.0,27.0,US,USD,15550102624
ORD3625,2026-08-28 08:15:00,customer_2625@example.com,1,26.0,26.0,US,USD,15550102625
ORD3626,2026-08-28 08:30:00,customer_2626@example.com,3,20.0,60.0,US,USD,15550102626
ORD3627,2026-08-28 08:45:00,customer_2627@example.com,1,26.0,26.0,US,USD,15550102627
ORD3628,2026-08-28 09:00:00,customer_2628@example.com,3,27.0,81.0,US,USD,15550102628
ORD3629,2026-08-28 09:15:00,customer_2629@example.com,5,18.0,90.0,US,USD,15550102629
ORD3630,2026-08-28 09:30:00,customer_2630@example.com,4,22.0,88.0,US,USD,15550102630
ORD3631,2026-08-28 09:45:00,customer_2631@example.com,5,25.0,125.0,US,USD,15550102631
ORD3632,2026-08-28 10:00:00,customer_2632@example.com,2,20.0,40.0,US,USD,15550102632
ORD3633,2026-08-28 10:15:00,customer_2633@example.com,4,24.0,96.0,US,USD,15550102633
ORD3634,2026-08-28 10:30:00,customer_2634@example.com,5,10.0,50.0,US,USD,15550102634
ORD3635,2026-08-28 10:45:00,customer_2635@example.com,4,13.0,52.0,US,USD,15550102635
ORD3636,2026-08-28 11:00:00,customer_2636@example.com,3,12.0,36.0,US,USD,15550102636
ORD3637,2026-08-28 11:15:00,customer_2637@example.com,4,30.0,120.0,US,USD,15550102637
ORD3638,2026-08-28 11:30:00,customer_2638@example.com,2,17.0,34.0,US,USD,15550102638
ORD3639,2026-08-28 11:45:00,customer_2639@example.com,3,23.0,69.0,US,USD,15550102639
ORD3640,2026-08-28 12:00:00,customer_2640@example.com,3,26.0,78.0,US,USD,15550102640
ORD3641,2026-08-28 12:15:00,customer_2641@example.com,5,10.0,50.0,US,USD,15550102641
ORD3642,2026-08-28 12:30:00,customer_2642@example.com,3,17.0,51.0,US,USD,15550102642
ORD3643,2026-08-28 12:45:00,customer_2643@example.com,3,12.0,36.0,US,USD,15550102643
ORD3644,2026-08-28 13:00:00,customer_2644@example.com,4,20.0,80.0,US,USD,15550102644
ORD3645,2026-08-28 13:15:00,customer_2645@example.com,1,27.0,27.0,US,USD,15550102645
ORD3646,2026-08-28 13:30:00,customer_2646@example.com,2,25.0,50.0,US,USD,15550102646
ORD3647,2026-08-28 13:45:00,customer_2647@example.com,3,21.0,63.0,US,USD,15550102647
ORD3648,2026-08-28 14:00:00,customer_2648@example.com,2,28.0,56.0,US,USD,15550102648
ORD3649,2026-08-28 14:15:00,customer_2649@example.com,3,15.0,45.0,US,USD,15550102649
ORD3650,2026-08-28 14:30:00,customer_2650@example.com,2,25.0,50.0,US,USD,15550102650
ORD3651,2026-08-28 14:45:00,customer_2651@example.com,2,17.0,34.0,US,USD,15550102651
ORD3652,2026-08-28 15:00:00,customer_2652@example.com,2,18.0,36.0,US,USD,15550102652
ORD3653,2026-08-28 15:15:00,customer_2653@example.com,2,17.0,34.0,US,USD,15550102653
ORD3654,2026-08-28 15:30:00,customer_2654@example.com,2,17.0,34.0,US,USD,15550102654
ORD3655,2026-08-28 15:45:00,customer_2655@example.com,5,21.0,105.0,US,USD,15550102655
ORD3656,2026-08-28 16:00:00,customer_2656@example.com,2,13.0,26.0,US,USD,15550102656
ORD3657,2026-08-28 16:15:00,customer_2657@example.com,1,12.0,12.0,US,USD,15550102657
ORD3658,2026-08-28 16:30:00,customer_2658@example.com,4,29.0,116.0,US,USD,15550102658
ORD3659,2026-08-28 16:45:00,customer_2659@example.com,1,27.0,27.0,US,USD,15550102659
ORD3660,2026-08-28 17:00:00,customer_2660@example.com,1,25.0,25.0,US,USD,15550102660
ORD3661,2026-08-28 17:15:00,customer_2661@example.com,3,29.0,87.0,US,USD,15550102661
ORD3662,2026-08-28 17:30:00,customer_2662@example.com,3,25.0,75.0,US,USD,15550102662
ORD3663,2026-08-28 17:45:00,customer_2663@example.com,5,18.0,90.0,US,USD,15550102663
ORD3664,2026-08-28 18:00:00,customer_2664@example.com,4,15.0,60.0,US,USD,15550102664
ORD3665,2026-08-28 18:15:00,customer_2665@example.com,5,18.0,90.0,US,USD,15550102665
ORD3666,2026-08-28 18:30:00,customer_2666@example.com,4,17.0,68.0,US,USD,15550102666
ORD3667,2026-08-28 18:45:00,customer_2667@example.com,5,14.0,70.0,US,USD,15550102667
ORD3668,2026-08-28 19:00:00,customer_2668@example.com,1,26.0,26.0,US,USD,15550102668
ORD3669,2026-08-28 19:15:00,customer_2669@example.com,4,25.0,100.0,US,USD,15550102669
ORD3670,2026-08-28 19:30:00,customer_2670@example.com,5,11.0,55.0,US,USD,15550102670
ORD3671,2026-08-28 19:45:00,customer_2671@example.com,5,21.0,105.0,US,USD,15550102671
ORD3672,2026-08-28 20:00:00,customer_2672@example.com,4,15.0,60.0,US,USD,15550102672
ORD3673,2026-08-28 20:15:00,customer_2673@example.com,4,13.0,52.0,US,USD,15550102673
ORD3674,2026-08-28 20:30:00,customer_2674@example.com,5,24.0,120.0,US,USD,15550102674
ORD3675,2026-08-28 20:45:00,customer_2675@example.com,3,10.0,30.0,US,USD,15550102675
ORD3676,2026-08-28 21:00:00,customer_2676@example.com,1,16.0,16.0,US,USD,15550102676
ORD3677,2026-08-28 21:15:00,customer_2677@example.com,4,28.0,112.0,US,USD,15550102677
ORD3678,2026-08-28 21:30:00,customer_2678@example.com,1,20.0,20.0,US,USD,15550102678
ORD3679,2026-08-28 21:45:00,customer_2679@example.com,3,29.0,87.0,US,USD,15550102679
ORD3680,2026-08-28 22:00:00,customer_2680@example.com,3,15.0,45.0,US,USD,15550102680
ORD3681,2026-08-28 22:15:00,customer_2681@example.com,5,18.0,90.0,US,USD,15550102681
ORD3682,2026-08-28 22:30:00,customer_2682@example.com,2,18.0,36.0,US,USD,15550102682
ORD3683,2026-08-28 22:45:00,customer_2683@example.com,4,29.0,116.0,US,USD,15550102683
ORD3684,2026-08-28 23:00:00,customer_2684@example.com,3,21.0,63.0,US,USD,15550102684
ORD3685,2026-08-28 23:15:00,customer_2685@example.com,2,25.0,50.0,US,USD,15550102685
ORD3686,2026-08-28 23:30:00,customer_2686@example.com,4,16.0,64.0,US,USD,15550102686
ORD3687,2026-08-28 23:45:00,customer_2687@example.com,4,21.0,84.0,US,USD,15550102687
ORD3688,2026-08-29 00:00:00,customer_2688@example.com,3,22.0,66.0,US,USD,15550102688
ORD3689,2026-08-29 00:15:00,customer_2689@example.com,3,24.0,72.0,US,USD,15550102689
ORD3690,2026-08-29 00:30:00,customer_2690@example.com,2,28.0,56.0,US,USD,15550102690
ORD3691,2026-08-29 00:45:00,customer_2691@example.com,2,28.0,56.0,US,USD,15550102691
ORD3692,2026-08-29 01:00:00,customer_2692@example.com,2,13.0,26.0,US,USD,15550102692
ORD3693,2026-08-29 01:15:00,customer_2693@example.com,3,17.0,51.0,US,USD,15550102693
ORD3694,2026-08-29 01:30:00,customer_2694@example.com,5,23.0,115.0,US,USD,15550102694
ORD3695,2026-08-29 01:45:00,customer_2695@example.com,4,16.0,64.0,US,USD,15550102695
ORD3696,2026-08-29 02:00:00,customer_2696@example.com,2,14.0,28.0,US,USD,15550102696
ORD3697,2026-08-29 02:15:00,customer_2697@example.com,4,10.0,40.0,US,USD,15550102697
ORD3698,2026-08-29 02:30:00,customer_2698@example.com,2,23.0,46.0,US,USD,15550102698
ORD3699,2026-08-29 02:45:00,customer_2699@example.com,4,14.0,56.0,US,USD,15550102699
ORD3700,2026-08-29 03:00:00,customer_2700@example.com,5,27.0,135.0,US,USD,15550102700
ORD3701,2026-08-29 03:15:00,customer_2701@example.com,3,25.0,75.0,US,USD,15550102701
ORD3702,2026-08-29 03:30:00,customer_2702@example.com,3,18.0,54.0,US,USD,15550102702
ORD3703,2026-08-29 03:45:00,customer_2703@example.com,5,28.0,140.0,US,USD,15550102703
ORD3704,2026-08-29 04:00:00,customer_2704@example.com,1,22.0,22.0,US,USD,15550102704
ORD3705,2026-08-29 04:15:00,customer_2705@example.com,1,15.0,15.0,US,USD,15550102705
ORD3706,2026-08-29 04:30:00,customer_2706@example.com,1,16.0,16.0,US,USD,15550102706
ORD3707,2026-08-29 04:45:00,customer_2707@example.com,3,25.0,75.0,US,USD,15550102707
ORD3708,2026-08-29 05:00:00,customer_2708@example.com,1,24.0,24.0,US,USD,15550102708
ORD3709,2026-08-29 05:15:00,customer_2709@example.com,3,18.0,54.0,US,USD,15550102709
ORD3710,2026-08-29 05:30:00,customer_2710@example.com,3,21.0,63.0,US,USD,15550102710
ORD3711,2026-08-29 05:45:00,customer_2711@example.com,5,27.0,135.0,US,USD,15550102711
ORD3712,2026-08-29 06:00:00,customer_2712@example.com,3,21.0,63.0,US,USD,15550102712
ORD3713,2026-08-29 06:15:00,customer_2713@example.com,1,23.0,23.0,US,USD,15550102713
ORD3714,2026-08-29 06:30:00,customer_2714@example.com,1,21.0,21.0,US,USD,15550102714
ORD3715,2026-08-29 06:45:00,customer_2715@example.com,5,16.0,80.0,US,USD,15550102715
ORD3716,2026-08-29 07:00:00,customer_2716@example.com,5,28.0,140.0,US,USD,15550102716
ORD3717,2026-08-29 07:15:00,customer_2717@example.com,5,15.0,75.0,US,USD,15550102717
ORD3718,2026-08-29 07:30:00,customer_2718@example.com,3,21.0,63.0,US,USD,15550102718
ORD3719,2026-08-29 07:45:00,customer_2719@example.com,3,26.0,78.0,US,USD,15550102719
ORD3720,2026-08-29 08:00:00,customer_2720@example.com,4,24.0,96.0,US,USD,15550102720
ORD3721,2026-08-29 08:15:00,customer_2721@example.com,1,22.0,22.0,US,USD,15550102721
ORD3722,2026-08-29 08:30:00,customer_2722@example.com,5,19.0,95.0,US,USD,15550102722
ORD3723,2026-08-29 08:45:00,customer_2723@example.com,4,30.0,120.0,US,USD,15550102723
ORD3724,2026-08-29 09:00:00,customer_2724@example.com,2,15.0,30.0,US,USD,15550102724
ORD3725,2026-08-29 09:15:00,customer_2725@example.com,3,23.0,69.0,US,USD,15550102725
ORD3726,2026-08-29 09:30:00,customer_2726@example.com,5,28.0,140.0,US,USD,15550102726
ORD3727,2026-08-29 09:45:00,customer_2727@example.com,4,12.0,48.0,US,USD,15550102727
ORD3728,2026-08-29 10:00:00,customer_2728@example.com,1,15.0,15.0,US,USD,15550102728
ORD3729,2026-08-29 10:15:00,customer_2729@example.com,3,17.0,51.0,US,USD,15550102729
ORD3730,2026-08-29 10:30:00,customer_2730@example.com,3,20.0,60.0,US,USD,15550102730
ORD3731,2026-08-29 10:45:00,customer_2731@example.com,3,18.0,54.0,US,USD,15550102731
ORD3732,2026-08-29 11:00:00,customer_2732@example.com,5,30.0,150.0,US,USD,15550102732
ORD3733,2026-08-29 11:15:00,customer_2733@example.com,4,18.0,72.0,US,USD,15550102733
ORD3734,2026-08-29 11:30:00,customer_2734@example.com,4,21.0,84.0,US,USD,15550102734
ORD3735,2026-08-29 11:45:00,customer_2735@example.com,5,26.0,130.0,US,USD,15550102735
ORD3736,2026-08-29 12:00:00,customer_2736@example.com,4,23.0,92.0,US,USD,15550102736
ORD3737,2026-08-29 12:15:00,customer_2737@example.com,2,15.0,30.0,US,USD,15550102737
ORD3738,2026-08-29 12:30:00,customer_2738@example.com,1,14.0,14.0,US,USD,15550102738
ORD3739,2026-08-29 12:45:00,customer_2739@example.com,2,18.0,36.0,US,USD,15550102739
ORD3740,2026-08-29 13:00:00,customer_2740@example.com,1,16.0,16.0,US,USD,15550102740
ORD3741,2026-08-29 13:15:00,customer_2741@example.com,2,22.0,44.0,US,USD,15550102741
ORD3742,2026-08-29 13:30:00,customer_2742@example.com,1,13.0,13.0,US,USD,15550102742
ORD3743,2026-08-29 13:45:00,customer_2743@example.com,1,25.0,25.0,US,USD,15550102743
ORD3744,2026-08-29 14:00:00,customer_2744@example.com,5,11.0,55.0,US,USD,15550102744
ORD3745,2026-08-29 14:15:00,customer_2745@example.com,1,22.0,22.0,US,USD,15550102745
ORD3746,2026-08-29 14:30:00,customer_2746@example.com,5,12.0,60.0,US,USD,15550102746
ORD3747,2026-08-29 14:45:00,customer_2747@example.com,1,18.0,18.0,US,USD,15550102747
ORD3748,2026-08-29 15:00:00,customer_2748@example.com,5,14.0,70.0,US,USD,15550102748
ORD3749,2026-08-29 15:15:00,customer_2749@example.com,1,30.0,30.0,US,USD,15550102749
ORD3750,2026-08-29 15:30:00,customer_2750@example.com,4,19.0,76.0,US,USD,15550102750
ORD3751,2026-08-29 15:45:00,customer_2751@example.com,2,17.0,34.0,US,USD,15550102751
ORD3752,2026-08-29 16:00:00,customer_2752@example.com,3,24.0,72.0,US,USD,15550102752
ORD3753,2026-08-29 16:15:00,customer_2753@example.com,2,14.0,28.0,US,USD,15550102753
ORD3754,2026-08-29 16:30:00,customer_2754@example.com,5,15.0,75.0,US,USD,15550102754
ORD3755,2026-08-29 16:45:00,customer_2755@example.com,1,11.0,11.0,US,USD,15550102755
ORD3756,2026-08-29 17:00:00,customer_2756@example.com,3,20.0,60.0,US,USD,15550102756
ORD3757,2026-08-29 17:15:00,customer_2757@example.com,4,24.0,96.0,US,USD,15550102757
ORD3758,2026-08-29 17:30:00,customer_2758@example.com,5,18.0,90.0,US,USD,15550102758
ORD3759,2026-08-29 17:45:00,customer_2759@example.com,5,24.0,120.0,US,USD,15550102759
ORD3760,2026-08-29 18:00:00,customer_2760@example.com,2,27.0,54.0,US,USD,15550102760
ORD3761,2026-08-29 18:15:00,customer_2761@example.com,2,28.0,56.0,US,USD,15550102761
ORD3762,2026-08-29 18:30:00,customer_2762@example.com,5,24.0,120.0,US,USD,15550102762
ORD3763,2026-08-29 18:45:00,customer_2763@example.com,5,23.0,115.0,US,USD,15550102763
ORD3764,2026-08-29 19:00:00,customer_2764@example.com,5,30.0,150.0,US,USD,15550102764
ORD3765,2026-08-29 19:15:00,customer_2765@example.com,5,19.0,95.0,US,USD,15550102765
ORD3766,2026-08-29 19:30:00,customer_2766@example.com,3,25.0,75.0,US,USD,15550102766
ORD3767,2026-08-29 19:45:00,customer_2767@example.com,5,17.0,85.0,US,USD,15550102767
ORD3768,2026-08-29 20:00:00,customer_2768@example.com,1,24.0,24.0,US,USD,15550102768
ORD3769,2026-08-29 20:15:00,customer_2769@example.com,3,21.0,63.0,US,USD,15550102769
ORD3770,2026-08-29 20:30:00,customer_2770@example.com,4,18.0,72.0,US,USD,15550102770
ORD3771,2026-08-29 20:45:00,customer_2771@example.com,2,19.0,38.0,US,USD,15550102771
ORD3772,2026-08-29 21:00:00,customer_2772@example.com,1,10.0,10.0,US,USD,15550102772
ORD3773,2026-08-29 21:15:00,customer_2773@example.com,5,14.0,70.0,US,USD,15550102773
ORD3774,2026-08-29 21:30:00,customer_2774@example.com,3,19.0,57.0,US,USD,15550102774
ORD3775,2026-08-29 21:45:00,customer_2775@example.com,4,27.0,108.0,US,USD,15550102775
ORD3776,2026-08-29 22:00:00,customer_2776@example.com,1,25.0,25.0,US,USD,15550102776
ORD3777,2026-08-29 22:15:00,customer_2777@example.com,4,19.0,76.0,US,USD,15550102777
ORD3778,2026-08-29 22:30:00,customer_2778@example.com,1,23.0,23.0,US,USD,15550102778
ORD3779,2026-08-29 22:45:00,customer_2779@example.com,3,29.0,87.0,US,USD,15550102779
ORD3780,2026-08-29 23:00:00,customer_2780@example.com,2,10.0,20.0,US,USD,15550102780
ORD3781,2026-08-29 23:15:00,customer_2781@example.com,5,21.0,105.0,US,USD,15550102781
ORD3782,2026-08-29 23:30:00,customer_2782@example.com,2,23.0,46.0,US,USD,15550102782
ORD3783,2026-08-29 23:45:00,customer_2783@example.com,5,23.0,115.0,US,USD,15550102783
ORD3784,2026-08-30 00:00:00,customer_2784@example.com,4,17.0,68.0,US,USD,15550102784
ORD3785,2026-08-30 00:15:00,customer_2785@example.com,2,30.0,60.0,US,USD,15550102785
ORD3786,2026-08-30 00:30:00,customer_2786@example.com,4,22.0,88.0,US,USD,15550102786
ORD3787,2026-08-30 00:45:00,customer_2787@example.com,2,18.0,36.0,US,USD,15550102787
ORD3788,2026-08-30 01:00:00,customer_2788@example.com,1,23.0,23.0,US,USD,15550102788
ORD3789,2026-08-30 01:15:00,customer_2789@example.com,2,26.0,52.0,US,USD,15550102789
ORD3790,2026-08-30 01:30:00,customer_2790@example.com,5,18.0,90.0,US,USD,15550102790
ORD3791,2026-08-30 01:45:00,customer_2791@example.com,3,30.0,90.0,US,USD,15550102791
ORD3792,2026-08-30 02:00:00,customer_2792@example.com,5,18.0,90.0,US,USD,15550102792
ORD3793,2026-08-30 02:15:00,customer_2793@example.com,4,16.0,64.0,US,USD,15550102793
ORD3794,2026-08-30 02:30:00,customer_2794@example.com,1,15.0,15.0,US,USD,15550102794
ORD3795,2026-08-30 02:45:00,customer_2795@example.com,2,19.0,38.0,US,USD,15550102795
ORD3796,2026-08-30 03:00:00,customer_2796@example.com,1,30.0,30.0,US,USD,15550102796
ORD3797,2026-08-30 03:15:00,customer_2797@example.com,4,29.0,116.0,US,USD,15550102797
ORD3798,2026-08-30 03:30:00,customer_2798@example.com,4,18.0,72.0,US,USD,15550102798
ORD3799,2026-08-30 03:45:00,customer_2799@example.com,5,25.0,125.0,US,USD,15550102799
ORD3800,2026-08-30 04:00:00,customer_2800@example.com,2,20.0,40.0,US,USD,15550102800
ORD3801,2026-08-30 04:15:00,customer_2801@example.com,1,14.0,14.0,US,USD,15550102801
ORD3802,2026-08-30 04:30:00,customer_2802@example.com,1,27.0,27.0,US,USD,15550102802
ORD3803,2026-08-30 04:45:00,customer_2803@example.com,1,15.0,15.0,US,USD,15550102803
ORD3804,2026-08-30 05:00:00,customer_2804@example.com,1,19.0,19.0,US,USD,15550102804
ORD3805,2026-08-30 05:15:00,customer_2805@example.com,3,14.0,42.0,US,USD,15550102805
ORD3806,2026-08-30 05:30:00,customer_2806@example.com,4,10.0,40.0,US,USD,15550102806
ORD3807,2026-08-30 05:45:00,customer_2807@example.com,2,12.0,24.0,US,USD,15550102807
ORD3808,2026-08-30 06:00:00,customer_2808@example.com,2,10.0,20.0,US,USD,15550102808
ORD3809,2026-08-30 06:15:00,customer_2809@example.com,4,16.0,64.0,US,USD,15550102809
ORD3810,2026-08-30 06:30:00,customer_2810@example.com,3,23.0,69.0,US,USD,15550102810
ORD3811,2026-08-30 06:45:00,customer_2811@example.com,3,25.0,75.0,US,USD,15550102811
ORD3812,2026-08-30 07:00:00,customer_2812@example.com,3,24.0,72.0,US,USD,15550102812
ORD3813,2026-08-30 07:15:00,customer_2813@example.com,1,20.0,20.0,US,USD,15550102813
ORD3814,2026-08-30 07:30:00,customer_2814@example.com,1,14.0,14.0,US,USD,15550102814
ORD3815,2026-08-30 07:45:00,customer_2815@example.com,1,18.0,18.0,US,USD,15550102815
ORD3816,2026-08-30 08:00:00,customer_2816@example.com,4,12.0,48.0,US,USD,15550102816
ORD3817,2026-08-30 08:15:00,customer_2817@example.com,5,25.0,125.0,US,USD,15550102817
ORD3818,2026-08-30 08:30:00,customer_2818@example.com,2,16.0,32.0,US,USD,15550102818
ORD3819,2026-08-30 08:45:00,customer_2819@example.com,3,22.0,66.0,US,USD,15550102819
ORD3820,2026-08-30 09:00:00,customer_2820@example.com,1,13.0,13.0,US,USD,15550102820
ORD3821,2026-08-30 09:15:00,customer_2821@example.com,2,22.0,44.0,US,USD,15550102821
ORD3822,2026-08-30 09:30:00,customer_2822@example.com,4,17.0,68.0,US,USD,15550102822
ORD3823,2026-08-30 09:45:00,customer_2823@example.com,1,16.0,16.0,US,USD,15550102823
ORD3824,2026-08-30 10:00:00,customer_2824@example.com,4,13.0,52.0,US,USD,15550102824
ORD3825,2026-08-30 10:15:00,customer_2825@example.com,5,16.0,80.0,US,USD,15550102825
ORD3826,2026-08-30 10:30:00,customer_2826@example.com,4,22.0,88.0,US,USD,15550102826
ORD3827,2026-08-30 10:45:00,customer_2827@example.com,3,20.0,60.0,US,USD,15550102827
ORD3828,2026-08-30 11:00:00,customer_2828@example.com,2,30.0,60.0,US,USD,15550102828
ORD3829,2026-08-30 11:15:00,customer_2829@example.com,1,27.0,27.0,US,USD,15550102829
ORD3830,2026-08-30 11:30:00,customer_2830@example.com,5,13.0,65.0,US,USD,15550102830
ORD3831,2026-08-30 11:45:00,customer_2831@example.com,3,25.0,75.0,US,USD,15550102831
ORD3832,2026-08-30 12:00:00,customer_2832@example.com,3,16.0,48.0,US,USD,15550102832
ORD3833,2026-08-30 12:15:00,customer_2833@example.com,3,11.0,33.0,US,USD,15550102833
ORD3834,2026-08-30 12:30:00,customer_2834@example.com,2,13.0,26.0,US,USD,15550102834
ORD3835,2026-08-30 12:45:00,customer_2835@example.com,2,30.0,60.0,US,USD,15550102835
ORD3836,2026-08-30 13:00:00,customer_2836@example.com,4,20.0,80.0,US,USD,15550102836
ORD3837,2026-08-30 13:15:00,customer_2837@example.com,1,15.0,15.0,US,USD,15550102837
ORD3838,2026-08-30 13:30:00,customer_2838@example.com,3,28.0,84.0,US,USD,15550102838
ORD3839,2026-08-30 13:45:00,customer_2839@example.com,1,22.0,22.0,US,USD,15550102839
ORD3840,2026-08-30 14:00:00,customer_2840@example.com,2,10.0,20.0,US,USD,15550102840
ORD3841,2026-08-30 14:15:00,customer_2841@example.com,1,28.0,28.0,US,USD,15550102841
ORD3842,2026-08-30 14:30:00,customer_2842@example.com,4,29.0,116.0,US,USD,15550102842
ORD3843,2026-08-30 14:45:00,customer_2843@example.com,2,21.0,42.0,US,USD,15550102843
ORD3844,2026-08-30 15:00:00,customer_2844@example.com,1,17.0,17.0,US,USD,15550102844
ORD3845,2026-08-30 15:15:00,customer_2845@example.com,2,25.0,50.0,US,USD,15550102845
ORD3846,2026-08-30 15:30:00,customer_2846@example.com,1,29.0,29.0,US,USD,15550102846
ORD3847,2026-08-30 15:45:00,customer_2847@example.com,3,30.0,90.0,US,USD,15550102847
ORD3848,2026-08-30 16:00:00,customer_2848@example.com,1,11.0,11.0,US,USD,15550102848
ORD3849,2026-08-30 16:15:00,customer_2849@example.com,3,30.0,90.0,US,USD,15550102849
ORD3850,2026-08-30 16:30:00,customer_2850@example.com,2,27.0,54.0,US,USD,15550102850
ORD3851,2026-08-30 16:45:00,customer_2851@example.com,1,14.0,14.0,US,USD,15550102851
ORD3852,2026-08-30 17:00:00,customer_2852@example.com,4,17.0,68.0,US,USD,15550102852
ORD3853,2026-08-30 17:15:00,customer_2853@example.com,3,27.0,81.0,US,USD,15550102853
ORD3854,2026-08-30 17:30:00,customer_2854@example.com,3,24.0,72.0,US,USD,15550102854
ORD3855,2026-08-30 17:45:00,customer_2855@example.com,2,10.0,20.0,US,USD,15550102855
ORD3856,2026-08-30 18:00:00,customer_2856@example.com,4,21.0,84.0,US,USD,15550102856
ORD3857,2026-08-30 18:15:00,customer_2857@example.com,2,18.0,36.0,US,USD,15550102857
ORD3858,2026-08-30 18:30:00,customer_2858@example.com,1,25.0,25.0,US,USD,15550102858
ORD3859,2026-08-30 18:45:00,customer_2859@example.com,4,27.0,108.0,US,USD,15550102859
ORD3860,2026-08-30 19:00:00,customer_2860@example.com,3,27.0,81.0,US,USD,15550102860
ORD3861,2026-08-30 19:15:00,customer_2861@example.com,4,16.0,64.0,US,USD,15550102861
ORD3862,2026-08-30 19:30:00,customer_2862@example.com,5,15.0,75.0,US,USD,15550102862
ORD3863,2026-08-30 19:45:00,customer_2863@example.com,5,21.0,105.0,US,USD,15550102863
ORD3864,2026-08-30 20:00:00,customer_2864@example.com,3,24.0,72.0,US,USD,15550102864
ORD3865,2026-08-30 20:15:00,customer_2865@example.com,3,29.0,87.0,US,USD,15550102865
ORD3866,2026-08-30 20:30:00,customer_2866@example.com,5,15.0,75.0,US,USD,15550102866
ORD3867,2026-08-30 20:45:00,customer_2867@example.com,1,26.0,26.0,US,USD,15550102867
ORD3868,2026-08-30 21:00:00,customer_2868@example.com,2,24.0,48.0,US,USD,15550102868
ORD3869,2026-08-30 21:15:00,customer_2869@example.com,3,18.0,54.0,US,USD,15550102869
ORD3870,2026-08-30 21:30:00,customer_2870@example.com,5,21.0,105.0,US,USD,15550102870
ORD3871,2026-08-30 21:45:00,customer_2871@example.com,4,10.0,40.0,US,USD,15550102871
ORD3872,2026-08-30 22:00:00,customer_2872@example.com,5,22.0,110.0,US,USD,15550102872
ORD3873,2026-08-30 22:15:00,customer_2873@example.com,2,10.0,20.0,US,USD,15550102873
ORD3874,2026-08-30 22:30:00,customer_2874@example.com,5,21.0,105.0,US,USD,15550102874
ORD3875,2026-08-30 22:45:00,customer_2875@example.com,5,17.0,85.0,US,USD,15550102875
ORD3876,2026-08-30 23:00:00,customer_2876@example.com,3,12.0,36.0,US,USD,15550102876
ORD3877,2026-08-30 23:15:00,customer_2877@example.com,5,22.0,110.0,US,USD,15550102877
ORD3878,2026-08-30 23:30:00,customer_2878@example.com,2,26.0,52.0,US,USD,15550102878
ORD3879,2026-08-30 23:45:00,customer_2879@example.com,4,27.0,108.0,US,USD,15550102879
ORD3880,2026-08-31 00:00:00,customer_2880@example.com,2,29.0,58.0,US,USD,15550102880
ORD3881,2026-08-31 00:15:00,customer_2881@example.com,3,20.0,60.0,US,USD,15550102881
ORD3882,2026-08-31 00:30:00,customer_2882@example.com,4,30.0,120.0,US,USD,15550102882
ORD3883,2026-08-31 00:45:00,customer_2883@example.com,3,13.0,39.0,US,USD,15550102883
ORD3884,2026-08-31 01:00:00,customer_2884@example.com,1,26.0,26.0,US,USD,15550102884
ORD3885,2026-08-31 01:15:00,customer_2885@example.com,1,11.0,11.0,US,USD,15550102885
ORD3886,2026-08-31 01:30:00,customer_2886@example.com,2,15.0,30.0,US,USD,15550102886
ORD3887,2026-08-31 01:45:00,customer_2887@example.com,1,16.0,16.0,US,USD,15550102887
ORD3888,2026-08-31 02:00:00,customer_2888@example.com,1,25.0,25.0,US,USD,15550102888
ORD3889,2026-08-31 02:15:00,customer_2889@example.com,2,13.0,26.0,US,USD,15550102889
ORD3890,2026-08-31 02:30:00,customer_2890@example.com,1,28.0,28.0,US,USD,15550102890
ORD3891,2026-08-31 02:45:00,customer_2891@example.com,4,25.0,100.0,US,USD,15550102891
ORD3892,2026-08-31 03:00:00,customer_2892@example.com,5,29.0,145.0,US,USD,15550102892
ORD3893,2026-08-31 03:15:00,customer_2893@example.com,5,18.0,90.0,US,USD,15550102893
ORD3894,2026-08-31 03:30:00,customer_2894@example.com,1,21.0,21.0,US,USD,15550102894
ORD3895,2026-08-31 03:45:00,customer_2895@example.com,2,29.0,58.0,US,USD,15550102895
ORD3896,2026-08-31 04:00:00,customer_2896@example.com,1,10.0,10.0,US,USD,15550102896
ORD3897,2026-08-31 04:15:00,customer_2897@example.com,2,30.0,60.0,US,USD,15550102897
ORD3898,2026-08-31 04:30:00,customer_2898@example.com,4,12.0,48.0,US,USD,15550102898
ORD3899,2026-08-31 04:45:00,customer_2899@example.com,4,30.0,120.0,US,USD,15550102899
ORD3900,2026-08-31 05:00:00,customer_2900@example.com,1,21.0,21.0,US,USD,15550102900
ORD3901,2026-08-31 05:15:00,customer_2901@example.com,5,23.0,115.0,US,USD,15550102901
ORD3902,2026-08-31 05:30:00,customer_2902@example.com,3,11.0,33.0,US,USD,15550102902
ORD3903,2026-08-31 05:45:00,customer_2903@example.com,5,18.0,90.0,US,USD,15550102903
ORD3904,2026-08-31 06:00:00,customer_2904@example.com,5,11.0,55.0,US,USD,15550102904
ORD3905,2026-08-31 06:15:00,customer_2905@example.com,1,19.0,19.0,US,USD,15550102905
ORD3906,2026-08-31 06:30:00,customer_2906@example.com,1,16.0,16.0,US,USD,15550102906
ORD3907,2026-08-31 06:45:00,customer_2907@example.com,5,13.0,65.0,US,USD,15550102907
ORD3908,2026-08-31 07:00:00,customer_2908@example.com,1,17.0,17.0,US,USD,15550102908
ORD3909,2026-08-31 07:15:00,customer_2909@example.com,5,22.0,110.0,US,USD,15550102909
ORD3910,2026-08-31 07:30:00,customer_2910@example.com,2,16.0,32.0,US,USD,15550102910
ORD3911,2026-08-31 07:45:00,customer_2911@example.com,5,17.0,85.0,US,USD,15550102911
ORD3912,2026-08-31 08:00:00,customer_2912@example.com,5,30.0,150.0,US,USD,15550102912
ORD3913,2026-08-31 08:15:00,customer_2913@example.com,2,27.0,54.0,US,USD,15550102913
ORD3914,2026-08-31 08:30:00,customer_2914@example.com,5,23.0,115.0,US,USD,15550102914
ORD3915,2026-08-31 08:45:00,customer_2915@example.com,1,30.0,30.0,US,USD,15550102915
ORD3916,2026-08-31 09:00:00,customer_2916@example.com,5,21.0,105.0,US,USD,15550102916
ORD3917,2026-08-31 09:15:00,customer_2917@example.com,4,23.0,92.0,US,USD,15550102917
ORD3918,2026-08-31 09:30:00,customer_2918@example.com,1,15.0,15.0,US,USD,15550102918
ORD3919,2026-08-31 09:45:00,customer_2919@example.com,2,27.0,54.0,US,USD,15550102919
ORD3920,2026-08-31 10:00:00,customer_2920@example.com,4,26.0,104.0,US,USD,15550102920
ORD3921,2026-08-31 10:15:00,customer_2921@example.com,3,15.0,45.0,US,USD,15550102921
ORD3922,2026-08-31 10:30:00,customer_2922@example.com,5,29.0,145.0,US,USD,15550102922
ORD3923,2026-08-31 10:45:00,customer_2923@example.com,4,21.0,84.0,US,USD,15550102923
ORD3924,2026-08-31 11:00:00,customer_2924@example.com,3,27.0,81.0,US,USD,15550102924
ORD3925,2026-08-31 11:15:00,customer_2925@example.com,3,21.0,63.0,US,USD,15550102925
ORD3926,2026-08-31 11:30:00,customer_2926@example.com,4,30.0,120.0,US,USD,15550102926
ORD3927,2026-08-31 11:45:00,customer_2927@example.com,4,20.0,80.0,US,USD,15550102927
ORD3928,2026-08-31 12:00:00,customer_2928@example.com,5,17.0,85.0,US,USD,15550102928
ORD3929,2026-08-31 12:15:00,customer_2929@example.com,5,27.0,135.0,US,USD,15550102929
ORD3930,2026-08-31 12:30:00,customer_2930@example.com,2,22.0,44.0,US,USD,15550102930
ORD3931,2026-08-31 12:45:00,customer_2931@example.com,5,18.0,90.0,US,USD,15550102931
ORD3932,2026-08-31 13:00:00,customer_2932@example.com,3,24.0,72.0,US,USD,15550102932
ORD3933,2026-08-31 13:15:00,customer_2933@example.com,4,22.0,88.0,US,USD,15550102933
ORD3934,2026-08-31 13:30:00,customer_2934@example.com,1,11.0,11.0,US,USD,15550102934
ORD3935,2026-08-31 13:45:00,customer_2935@example.com,3,29.0,87.0,US,USD,15550102935
ORD3936,2026-08-31 14:00:00,customer_2936@example.com,1,26.0,26.0,US,USD,15550102936
ORD3937,2026-08-31 14:15:00,customer_2937@example.com,2,19.0,38.0,US,USD,15550102937
ORD3938,2026-08-31 14:30:00,customer_2938@example.com,1,19.0,19.0,US,USD,15550102938
ORD3939,2026-08-31 14:45:00,customer_2939@example.com,2,16.0,32.0,US,USD,15550102939
ORD3940,2026-08-31 15:00:00,customer_2940@example.com,3,10.0,30.0,US,USD,15550102940
ORD3941,2026-08-31 15:15:00,customer_2941@example.com,3,27.0,81.0,US,USD,15550102941
ORD3942,2026-08-31 15:30:00,customer_2942@example.com,5,27.0,135.0,US,USD,15550102942
ORD3943,2026-08-31 15:45:00,customer_2943@example.com,5,28.0,140.0,US,USD,15550102943
ORD3944,2026-08-31 16:00:00,customer_2944@example.com,2,13.0,26.0,US,USD,15550102944
ORD3945,2026-08-31 16:15:00,customer_2945@example.com,1,24.0,24.0,US,USD,15550102945
ORD3946,2026-08-31 16:30:00,customer_2946@example.com,3,14.0,42.0,US,USD,15550102946
ORD3947,2026-08-31 16:45:00,customer_2947@example.com,2,18.0,36.0,US,USD,15550102947
ORD3948,2026-08-31 17:00:00,customer_2948@example.com,3,28.0,84.0,US,USD,15550102948
ORD3949,2026-08-31 17:15:00,customer_2949@example.com,2,17.0,34.0,US,USD,15550102949
ORD3950,2026-08-31 17:30:00,customer_2950@example.com,3,19.0,57.0,US,USD,15550102950
ORD3951,2026-08-31 17:45:00,customer_2951@example.com,1,28.0,28.0,US,USD,15550102951
ORD3952,2026-08-31 18:00:00,customer_2952@example.com,4,28.0,112.0,US,USD,15550102952
ORD3953,2026-08-31 18:15:00,customer_2953@example.com,2,12.0,24.0,US,USD,15550102953
ORD3954,2026-08-31 18:30:00,customer_2954@example.com,3,25.0,75.0,US,USD,15550102954
ORD3955,2026-08-31 18:45:00,customer_2955@example.com,2,25.0,50.0,US,USD,15550102955
ORD3956,2026-08-31 19:00:00,customer_2956@example.com,5,13.0,65.0,US,USD,15550102956
ORD3957,2026-08-31 19:15:00,customer_2957@example.com,5,30.0,150.0,US,USD,15550102957
ORD3958,2026-08-31 19:30:00,customer_2958@example.com,3,11.0,33.0,US,USD,15550102958
ORD3959,2026-08-31 19:45:00,customer_2959@example.com,5,22.0,110.0,US,USD,15550102959
ORD3960,2026-08-31 20:00:00,customer_2960@example.com,1,11.0,11.0,US,USD,15550102960
ORD3961,2026-08-31 20:15:00,customer_2961@example.com,3,21.0,63.0,US,USD,15550102961
ORD3962,2026-08-31 20:30:00,customer_2962@example.com,4,23.0,92.0,US,USD,15550102962
ORD3963,2026-08-31 20:45:00,customer_2963@example.com,1,17.0,17.0,US,USD,15550102963
ORD3964,2026-08-31 21:00:00,customer_2964@example.com,5,10.0,50.0,US,USD,15550102964
ORD3965,2026-08-31 21:15:00,customer_2965@example.com,4,11.0,44.0,US,USD,15550102965
ORD3966,2026-08-31 21:30:00,customer_2966@example.com,3,26.0,78.0,US,USD,15550102966
ORD3967,2026-08-31 21:45:00,customer_2967@example.com,1,20.0,20.0,US,USD,15550102967
ORD3968,2026-08-31 22:00:00,customer_2968@example.com,5,28.0,140.0,US,USD,15550102968
ORD3969,2026-08-31 22:15:00,customer_2969@example.com,2,20.0,40.0,US,USD,15550102969
ORD3970,2026-08-31 22:30:00,customer_2970@example.com,5,17.0,85.0,US,USD,15550102970
ORD3971,2026-08-31 22:45:00,customer_2971@example.com,2,11.0,22.0,US,USD,15550102971
ORD3972,2026-08-31 23:00:00,customer_2972@example.com,4,24.0,96.0,US,USD,15550102972
ORD3973,2026-08-31 23:15:00,customer_2973@example.com,5,28.0,140.0,US,USD,15550102973
ORD3974,2026-08-31 23:30:00,customer_2974@example.com,5,12.0,60.0,US,USD,15550102974
ORD3975,2026-08-31 23:45:00,customer_2975@example.com,2,23.0,46.0,US,USD,15550102975
ORD3976,2026-09-01 00:00:00,customer_2976@example.com,3,22.0,66.0,US,USD,15550102976
ORD3977,2026-09-01 00:15:00,customer_2977@example.com,2,14.0,28.0,US,USD,15550102977
ORD3978,2026-09-01 00:30:00,customer_2978@example.com,3,12.0,36.0,US,USD,15550102978
ORD3979,2026-09-01 00:45:00,customer_2979@example.com,4,28.0,112.0,US,USD,15550102979
ORD3980,2026-09-01 01:00:00,customer_2980@example.com,1,27.0,27.0,US,USD,15550102980
ORD3981,2026-09-01 01:15:00,customer_2981@example.com,4,18.0,72.0,US,USD,15550102981
ORD3982,2026-09-01 01:30:00,customer_2982@example.com,1,22.0,22.0,US,USD,15550102982
ORD3983,2026-09-01 01:45:00,customer_2983@example.com,5,23.0,115.0,US,USD,15550102983
ORD3984,2026-09-01 02:00:00,customer_2984@example.com,2,14.0,28.0,US,USD,15550102984
ORD3985,2026-09-01 02:15:00,customer_2985@example.com,4,27.0,108.0,US,USD,15550102985
ORD3986,2026-09-01 02:30:00,customer_2986@example.com,2,25.0,50.0,US,USD,15550102986
ORD3987,2026-09-01 02:45:00,customer_2987@example.com,4,30.0,120.0,US,USD,15550102987
ORD3988,2026-09-01 03:00:00,customer_2988@example.com,5,16.0,80.0,US,USD,15550102988
ORD3989,2026-09-01 03:15:00,customer_2989@example.com,5,29.0,145.0,US,USD,15550102989
ORD3990,2026-09-01 03:30:00,customer_2990@example.com,5,17.0,85.0,US,USD,15550102990
ORD3991,2026-09-01 03:45:00,customer_2991@example.com,2,12.0,24.0,US,USD,15550102991
ORD3992,2026-09-01 04:00:00,customer_2992@example.com,3,23.0,69.0,US,USD,15550102992
ORD3993,2026-09-01 04:15:00,customer_2993@example.com,3,28.0,84.0,US,USD,15550102993
ORD3994,2026-09-01 04:30:00,customer_2994@example.com,1,13.0,13.0,US,USD,15550102994
ORD3995,2026-09-01 04:45:00,customer_2995@example.com,4,23.0,92.0,US,USD,15550102995
ORD3996,2026-09-01 05:00:00,customer_2996@example.com,3,21.0,63.0,US,USD,15550102996
ORD3997,2026-09-01 05:15:00,customer_2997@example.com,2,20.0,40.0,US,USD,15550102997
ORD3998,2026-09-01 05:30:00,customer_2998@example.com,3,29.0,87.0,US,USD,15550102998
ORD3999,2026-09-01 05:45:00,customer_2999@example.com,1,19.0,19.0,US,USD,15550102999
ORD4000,2026-09-01 06:00:00,customer_3000@example.com,2,21.0,42.0,US,USD,15550103000
ORD4001,2026-09-01 06:15:00,customer_3001@example.com,5,24.0,120.0,US,USD,15550103001
ORD4002,2026-09-01 06:30:00,customer_3002@example.com,5,14.0,70.0,US,USD,15550103002
ORD4003,2026-09-01 06:45:00,customer_3003@example.com,4,11.0,44.0,US,USD,15550103003
ORD4004,2026-09-01 07:00:00,customer_3004@example.com,2,16.0,32.0,US,USD,15550103004
ORD4005,2026-09-01 07:15:00,customer_3005@example.com,3,14.0,42.0,US,USD,15550103005
ORD4006,2026-09-01 07:30:00,customer_3006@example.com,1,13.0,13.0,US,USD,15550103006
ORD4007,2026-09-01 07:45:00,customer_3007@example.com,1,17.0,17.0,US,USD,15550103007
ORD4008,2026-09-01 08:00:00,customer_3008@example.com,5,14.0,70.0,US,USD,15550103008
ORD4009,2026-09-01 08:15:00,customer_3009@example.com,3,10.0,30.0,US,USD,15550103009
ORD4010,2026-09-01 08:30:00,customer_3010@example.com,3,13.0,39.0,US,USD,15550103010
ORD4011,2026-09-01 08:45:00,customer_3011@example.com,3,24.0,72.0,US,USD,15550103011
ORD4012,2026-09-01 09:00:00,customer_3012@example.com,4,10.0,40.0,US,USD,15550103012
ORD4013,2026-09-01 09:15:00,customer_3013@example.com,3,16.0,48.0,US,USD,15550103013
ORD4014,2026-09-01 09:30:00,customer_3014@example.com,5,16.0,80.0,US,USD,15550103014
ORD4015,2026-09-01 09:45:00,customer_3015@example.com,2,27.0,54.0,US,USD,15550103015
ORD4016,2026-09-01 10:00:00,customer_3016@example.com,5,18.0,90.0,US,USD,15550103016
ORD4017,2026-09-01 10:15:00,customer_3017@example.com,5,25.0,125.0,US,USD,15550103017
ORD4018,2026-09-01 10:30:00,customer_3018@example.com,5,14.0,70.0,US,USD,15550103018
ORD4019,2026-09-01 10:45:00,customer_3019@example.com,1,22.0,22.0,US,USD,15550103019
ORD4020,2026-09-01 11:00:00,customer_3020@example.com,5,26.0,130.0,US,USD,15550103020
ORD4021,2026-09-01 11:15:00,customer_3021@example.com,1,18.0,18.0,US,USD,15550103021
ORD4022,2026-09-01 11:30:00,customer_3022@example.com,2,11.0,22.0,US,USD,15550103022
ORD4023,2026-09-01 11:45:00,customer_3023@example.com,3,16.0,48.0,US,USD,15550103023
ORD4024,2026-09-01 12:00:00,customer_3024@example.com,5,18.0,90.0,US,USD,15550103024
ORD4025,2026-09-01 12:15:00,customer_3025@example.com,1,24.0,24.0,US,USD,15550103025
ORD4026,2026-09-01 12:30:00,customer_3026@example.com,1,12.0,12.0,US,USD,15550103026
ORD4027,2026-09-01 12:45:00,customer_3027@example.com,4,18.0,72.0,US,USD,15550103027
ORD4028,2026-09-01 13:00:00,customer_3028@example.com,3,13.0,39.0,US,USD,15550103028
ORD4029,2026-09-01 13:15:00,customer_3029@example.com,1,19.0,19.0,US,USD,15550103029
ORD4030,2026-09-01 13:30:00,customer_3030@example.com,4,17.0,68.0,US,USD,15550103030
ORD4031,2026-09-01 13:45:00,customer_3031@example.com,4,26.0,104.0,US,USD,15550103031
ORD4032,2026-09-01 14:00:00,customer_3032@example.com,1,20.0,20.0,US,USD,15550103032
ORD4033,2026-09-01 14:15:00,customer_3033@example.com,4,29.0,116.0,US,USD,15550103033
ORD4034,2026-09-01 14:30:00,customer_3034@example.com,5,12.0,60.0,US,USD,15550103034
ORD4035,2026-09-01 14:45:00,customer_3035@example.com,2,16.0,32.0,US,USD,15550103035
ORD4036,2026-09-01 15:00:00,customer_3036@example.com,5,24.0,120.0,US,USD,15550103036
ORD4037,2026-09-01 15:15:00,customer_3037@example.com,5,10.0,50.0,US,USD,15550103037
ORD4038,2026-09-01 15:30:00,customer_3038@example.com,1,17.0,17.0,US,USD,15550103038
ORD4039,2026-09-01 15:45:00,customer_3039@example.com,5,19.0,95.0,US,USD,15550103039
ORD4040,2026-09-01 16:00:00,customer_3040@example.com,3,25.0,75.0,US,USD,15550103040
ORD4041,2026-09-01 16:15:00,customer_3041@example.com,4,15.0,60.0,US,USD,15550103041
ORD4042,2026-09-01 16:30:00,customer_3042@example.com,1,21.0,21.0,US,USD,15550103042
ORD4043,2026-09-01 16:45:00,customer_3043@example.com,3,21.0,63.0,US,USD,15550103043
ORD4044,2026-09-01 17:00:00,customer_3044@example.com,3,17.0,51.0,US,USD,15550103044
ORD4045,2026-09-01 17:15:00,customer_3045@example.com,5,18.0,90.0,US,USD,15550103045
ORD4046,2026-09-01 17:30:00,customer_3046@example.com,1,30.0,30.0,US,USD,15550103046
ORD4047,2026-09-01 17:45:00,customer_3047@example.com,3,22.0,66.0,US,USD,15550103047
ORD4048,2026-09-01 18:00:00,customer_3048@example.com,1,27.0,27.0,US,USD,15550103048
ORD4049,2026-09-01 18:15:00,customer_3049@example.com,3,17.0,51.0,US,USD,15550103049
ORD4050,2026-09-01 18:30:00,customer_3050@example.com,2,20.0,40.0,US,USD,15550103050
ORD4051,2026-09-01 18:45:00,customer_3051@example.com,4,14.0,56.0,US,USD,15550103051
ORD4052,2026-09-01 19:00:00,customer_3052@example.com,1,22.0,22.0,US,USD,15550103052
ORD4053,2026-09-01 19:15:00,customer_3053@example.com,5,29.0,145.0,US,USD,15550103053
ORD4054,2026-09-01 19:30:00,customer_3054@example.com,2,23.0,46.0,US,USD,15550103054
ORD4055,2026-09-01 19:45:00,customer_3055@example.com,2,28.0,56.0,US,USD,15550103055
ORD4056,2026-09-01 20:00:00,customer_3056@example.com,2,23.0,46.0,US,USD,15550103056
ORD4057,2026-09-01 20:15:00,customer_3057@example.com,3,29.0,87.0,US,USD,15550103057
ORD4058,2026-09-01 20:30:00,customer_3058@example.com,3,24.0,72.0,US,USD,15550103058
ORD4059,2026-09-01 20:45:00,customer_3059@example.com,5,14.0,70.0,US,USD,15550103059
ORD4060,2026-09-01 21:00:00,customer_3060@example.com,2,30.0,60.0,US,USD,15550103060
ORD4061,2026-09-01 21:15:00,customer_3061@example.com,2,28.0,56.0,US,USD,15550103061
ORD4062,2026-09-01 21:30:00,customer_3062@example.com,5,16.0,80.0,US,USD,15550103062
ORD4063,2026-09-01 21:45:00,customer_3063@example.com,2,19.0,38.0,US,USD,15550103063
ORD4064,2026-09-01 22:00:00,customer_3064@example.com,5,14.0,70.0,US,USD,15550103064
ORD4065,2026-09-01 22:15:00,customer_3065@example.com,4,14.0,56.0,US,USD,15550103065
ORD4066,2026-09-01 22:30:00,customer_3066@example.com,5,15.0,75.0,US,USD,15550103066
ORD4067,2026-09-01 22:45:00,customer_3067@example.com,3,12.0,36.0,US,USD,15550103067
ORD4068,2026-09-01 23:00:00,customer_3068@example.com,5,27.0,135.0,US,USD,15550103068
ORD4069,2026-09-01 23:15:00,customer_3069@example.com,1,15.0,15.0,US,USD,15550103069
ORD4070,2026-09-01 23:30:00,customer_3070@example.com,3,14.0,42.0,US,USD,15550103070
ORD4071,2026-09-01 23:45:00,customer_3071@example.com,1,20.0,20.0,US,USD,15550103071
ORD4072,2026-09-02 00:00:00,customer_3072@example.com,4,23.0,92.0,US,USD,15550103072
ORD4073,2026-09-02 00:15:00,customer_3073@example.com,3,24.0,72.0,US,USD,15550103073
ORD4074,2026-09-02 00:30:00,customer_3074@example.com,3,14.0,42.0,US,USD,15550103074
ORD4075,2026-09-02 00:45:00,customer_3075@example.com,2,13.0,26.0,US,USD,15550103075
ORD4076,2026-09-02 01:00:00,customer_3076@example.com,2,15.0,30.0,US,USD,15550103076
ORD4077,2026-09-02 01:15:00,customer_3077@example.com,1,29.0,29.0,US,USD,15550103077
ORD4078,2026-09-02 01:30:00,customer_3078@example.com,5,18.0,90.0,US,USD,15550103078
ORD4079,2026-09-02 01:45:00,customer_3079@example.com,5,28.0,140.0,US,USD,15550103079
ORD4080,2026-09-02 02:00:00,customer_3080@example.com,5,17.0,85.0,US,USD,15550103080
ORD4081,2026-09-02 02:15:00,customer_3081@example.com,5,17.0,85.0,US,USD,15550103081
ORD4082,2026-09-02 02:30:00,customer_3082@example.com,2,10.0,20.0,US,USD,15550103082
ORD4083,2026-09-02 02:45:00,customer_3083@example.com,3,12.0,36.0,US,USD,15550103083
ORD4084,2026-09-02 03:00:00,customer_3084@example.com,4,14.0,56.0,US,USD,15550103084
ORD4085,2026-09-02 03:15:00,customer_3085@example.com,5,29.0,145.0,US,USD,15550103085
ORD4086,2026-09-02 03:30:00,customer_3086@example.com,4,30.0,120.0,US,USD,15550103086
ORD4087,2026-09-02 03:45:00,customer_3087@example.com,3,15.0,45.0,US,USD,15550103087
ORD4088,2026-09-02 04:00:00,customer_3088@example.com,4,25.0,100.0,US,USD,15550103088
ORD4089,2026-09-02 04:15:00,customer_3089@example.com,4,14.0,56.0,US,USD,15550103089
ORD4090,2026-09-02 04:30:00,customer_3090@example.com,2,16.0,32.0,US,USD,15550103090
ORD4091,2026-09-02 04:45:00,customer_3091@example.com,2,11.0,22.0,US,USD,15550103091
ORD4092,2026-09-02 05:00:00,customer_3092@example.com,4,10.0,40.0,US,USD,15550103092
ORD4093,2026-09-02 05:15:00,customer_3093@example.com,3,23.0,69.0,US,USD,15550103093
ORD4094,2026-09-02 05:30:00,customer_3094@example.com,2,16.0,32.0,US,USD,15550103094
ORD4095,2026-09-02 05:45:00,customer_3095@example.com,2,12.0,24.0,US,USD,15550103095
ORD4096,2026-09-02 06:00:00,customer_3096@example.com,2,24.0,48.0,US,USD,15550103096
ORD4097,2026-09-02 06:15:00,customer_3097@example.com,5,25.0,125.0,US,USD,15550103097
ORD4098,2026-09-02 06:30:00,customer_3098@example.com,3,24.0,72.0,US,USD,15550103098
ORD4099,2026-09-02 06:45:00,customer_3099@example.com,2,23.0,46.0,US,USD,15550103099
ORD4100,2026-09-02 07:00:00,customer_3100@example.com,4,11.0,44.0,US,USD,15550103100
ORD4101,2026-09-02 07:15:00,customer_3101@example.com,5,22.0,110.0,US,USD,15550103101
ORD4102,2026-09-02 07:30:00,customer_3102@example.com,3,22.0,66.0,US,USD,15550103102
ORD4103,2026-09-02 07:45:00,customer_3103@example.com,5,28.0,140.0,US,USD,15550103103
ORD4104,2026-09-02 08:00:00,customer_3104@example.com,5,27.0,135.0,US,USD,15550103104
ORD4105,2026-09-02 08:15:00,customer_3105@example.com,5,30.0,150.0,US,USD,15550103105
ORD4106,2026-09-02 08:30:00,customer_3106@example.com,1,26.0,26.0,US,USD,15550103106
ORD4107,2026-09-02 08:45:00,customer_3107@example.com,1,24.0,24.0,US,USD,15550103107
ORD4108,2026-09-02 09:00:00,customer_3108@example.com,4,11.0,44.0,US,USD,15550103108
ORD4109,2026-09-02 09:15:00,customer_3109@example.com,2,26.0,52.0,US,USD,15550103109
ORD4110,2026-09-02 09:30:00,customer_3110@example.com,5,22.0,110.0,US,USD,15550103110
ORD4111,2026-09-02 09:45:00,customer_3111@example.com,1,27.0,27.0,US,USD,15550103111
ORD4112,2026-09-02 10:00:00,customer_3112@example.com,4,26.0,104.0,US,USD,15550103112
ORD4113,2026-09-02 10:15:00,customer_3113@example.com,1,16.0,16.0,US,USD,15550103113
ORD4114,2026-09-02 10:30:00,customer_3114@example.com,3,24.0,72.0,US,USD,15550103114
ORD4115,2026-09-02 10:45:00,customer_3115@example.com,4,19.0,76.0,US,USD,15550103115
ORD4116,2026-09-02 11:00:00,customer_3116@example.com,3,24.0,72.0,US,USD,15550103116
ORD4117,2026-09-02 11:15:00,customer_3117@example.com,2,23.0,46.0,US,USD,15550103117
ORD4118,2026-09-02 11:30:00,customer_3118@example.com,3,29.0,87.0,US,USD,15550103118
ORD4119,2026-09-02 11:45:00,customer_3119@example.com,1,26.0,26.0,US,USD,15550103119
ORD4120,2026-09-02 12:00:00,customer_3120@example.com,2,24.0,48.0,US,USD,15550103120
ORD4121,2026-09-02 12:15:00,customer_3121@example.com,4,12.0,48.0,US,USD,15550103121
ORD4122,2026-09-02 12:30:00,customer_3122@example.com,5,13.0,65.0,US,USD,15550103122
ORD4123,2026-09-02 12:45:00,customer_3123@example.com,2,28.0,56.0,US,USD,15550103123
ORD4124,2026-09-02 13:00:00,customer_3124@example.com,5,14.0,70.0,US,USD,15550103124
ORD4125,2026-09-02 13:15:00,customer_3125@example.com,4,23.0,92.0,US,USD,15550103125
ORD4126,2026-09-02 13:30:00,customer_3126@example.com,3,24.0,72.0,US,USD,15550103126
ORD4127,2026-09-02 13:45:00,customer_3127@example.com,1,15.0,15.0,US,USD,15550103127
ORD4128,2026-09-02 14:00:00,customer_3128@example.com,4,28.0,112.0,US,USD,15550103128
ORD4129,2026-09-02 14:15:00,customer_3129@example.com,2,24.0,48.0,US,USD,15550103129
ORD4130,2026-09-02 14:30:00,customer_3130@example.com,1,18.0,18.0,US,USD,15550103130
ORD4131,2026-09-02 14:45:00,customer_3131@example.com,3,30.0,90.0,US,USD,15550103131
ORD4132,2026-09-02 15:00:00,customer_3132@example.com,2,13.0,26.0,US,USD,15550103132
ORD4133,2026-09-02 15:15:00,customer_3133@example.com,1,13.0,13.0,US,USD,15550103133
ORD4134,2026-09-02 15:30:00,customer_3134@example.com,4,30.0,120.0,US,USD,15550103134
ORD4135,2026-09-02 15:45:00,customer_3135@example.com,3,12.0,36.0,US,USD,15550103135
ORD4136,2026-09-02 16:00:00,customer_3136@example.com,5,22.0,110.0,US,USD,15550103136
ORD4137,2026-09-02 16:15:00,customer_3137@example.com,5,29.0,145.0,US,USD,15550103137
ORD4138,2026-09-02 16:30:00,customer_3138@example.com,2,22.0,44.0,US,USD,15550103138
ORD4139,2026-09-02 16:45:00,customer_3139@example.com,5,22.0,110.0,US,USD,15550103139
ORD4140,2026-09-02 17:00:00,customer_3140@example.com,1,15.0,15.0,US,USD,15550103140
ORD4141,2026-09-02 17:15:00,customer_3141@example.com,3,28.0,84.0,US,USD,15550103141
ORD4142,2026-09-02 17:30:00,customer_3142@example.com,2,15.0,30.0,US,USD,15550103142
ORD4143,2026-09-02 17:45:00,customer_3143@example.com,2,15.0,30.0,US,USD,15550103143
ORD4144,2026-09-02 18:00:00,customer_3144@example.com,1,23.0,23.0,US,USD,15550103144
ORD4145,2026-09-02 18:15:00,customer_3145@example.com,3,19.0,57.0,US,USD,15550103145
ORD4146,2026-09-02 18:30:00,customer_3146@example.com,4,19.0,76.0,US,USD,15550103146
ORD4147,2026-09-02 18:45:00,customer_3147@example.com,2,13.0,26.0,US,USD,15550103147
ORD4148,2026-09-02 19:00:00,customer_3148@example.com,2,16.0,32.0,US,USD,15550103148
ORD4149,2026-09-02 19:15:00,customer_3149@example.com,1,29.0,29.0,US,USD,15550103149
ORD4150,2026-09-02 19:30:00,customer_3150@example.com,3,10.0,30.0,US,USD,15550103150
ORD4151,2026-09-02 19:45:00,customer_3151@example.com,4,25.0,100.0,US,USD,15550103151
ORD4152,2026-09-02 20:00:00,customer_3152@example.com,4,27.0,108.0,US,USD,15550103152
ORD4153,2026-09-02 20:15:00,customer_3153@example.com,1,29.0,29.0,US,USD,15550103153
ORD4154,2026-09-02 20:30:00,customer_3154@example.com,4,17.0,68.0,US,USD,15550103154
ORD4155,2026-09-02 20:45:00,customer_3155@example.com,2,28.0,56.0,US,USD,15550103155
ORD4156,2026-09-02 21:00:00,customer_3156@example.com,4,24.0,96.0,US,USD,15550103156
ORD4157,2026-09-02 21:15:00,customer_3157@example.com,4,24.0,96.0,US,USD,15550103157
ORD4158,2026-09-02 21:30:00,customer_3158@example.com,1,29.0,29.0,US,USD,15550103158
ORD4159,2026-09-02 21:45:00,customer_3159@example.com,5,10.0,50.0,US,USD,15550103159
ORD4160,2026-09-02 22:00:00,customer_3160@example.com,2,27.0,54.0,US,USD,15550103160
ORD4161,2026-09-02 22:15:00,customer_3161@example.com,3,29.0,87.0,US,USD,15550103161
ORD4162,2026-09-02 22:30:00,customer_3162@example.com,5,16.0,80.0,US,USD,15550103162
ORD4163,2026-09-02 22:45:00,customer_3163@example.com,1,15.0,15.0,US,USD,15550103163
ORD4164,2026-09-02 23:00:00,customer_3164@example.com,2,11.0,22.0,US,USD,15550103164
ORD4165,2026-09-02 23:15:00,customer_3165@example.com,3,11.0,33.0,US,USD,15550103165
ORD4166,2026-09-02 23:30:00,customer_3166@example.com,2,11.0,22.0,US,USD,15550103166
ORD4167,2026-09-02 23:45:00,customer_3167@example.com,5,29.0,145.0,US,USD,15550103167
ORD4168,2026-09-03 00:00:00,customer_3168@example.com,3,20.0,60.0,US,USD,15550103168
ORD4169,2026-09-03 00:15:00,customer_3169@example.com,1,11.0,11.0,US,USD,15550103169
ORD4170,2026-09-03 00:30:00,customer_3170@example.com,1,23.0,23.0,US,USD,15550103170
ORD4171,2026-09-03 00:45:00,customer_3171@example.com,2,15.0,30.0,US,USD,15550103171
ORD4172,2026-09-03 01:00:00,customer_3172@example.com,3,29.0,87.0,US,USD,15550103172
ORD4173,2026-09-03 01:15:00,customer_3173@example.com,5,28.0,140.0,US,USD,15550103173
ORD4174,2026-09-03 01:30:00,customer_3174@example.com,5,15.0,75.0,US,USD,15550103174
ORD4175,2026-09-03 01:45:00,customer_3175@example.com,4,28.0,112.0,US,USD,15550103175
ORD4176,2026-09-03 02:00:00,customer_3176@example.com,3,11.0,33.0,US,USD,15550103176
ORD4177,2026-09-03 02:15:00,customer_3177@example.com,1,19.0,19.0,US,USD,15550103177
ORD4178,2026-09-03 02:30:00,customer_3178@example.com,3,21.0,63.0,US,USD,15550103178
ORD4179,2026-09-03 02:45:00,customer_3179@example.com,4,12.0,48.0,US,USD,15550103179
ORD4180,2026-09-03 03:00:00,customer_3180@example.com,4,27.0,108.0,US,USD,15550103180
ORD4181,2026-09-03 03:15:00,customer_3181@example.com,1,19.0,19.0,US,USD,15550103181
ORD4182,2026-09-03 03:30:00,customer_3182@example.com,4,14.0,56.0,US,USD,15550103182
ORD4183,2026-09-03 03:45:00,customer_3183@example.com,1,18.0,18.0,US,USD,15550103183
ORD4184,2026-09-03 04:00:00,customer_3184@example.com,3,26.0,78.0,US,USD,15550103184
ORD4185,2026-09-03 04:15:00,customer_3185@example.com,4,26.0,104.0,US,USD,15550103185
ORD4186,2026-09-03 04:30:00,customer_3186@example.com,2,16.0,32.0,US,USD,15550103186
ORD4187,2026-09-03 04:45:00,customer_3187@example.com,5,11.0,55.0,US,USD,15550103187
ORD4188,2026-09-03 05:00:00,customer_3188@example.com,1,28.0,28.0,US,USD,15550103188
ORD4189,2026-09-03 05:15:00,customer_3189@example.com,5,12.0,60.0,US,USD,15550103189
ORD4190,2026-09-03 05:30:00,customer_3190@example.com,4,29.0,116.0,US,USD,15550103190
ORD4191,2026-09-03 05:45:00,customer_3191@example.com,3,23.0,69.0,US,USD,15550103191
ORD4192,2026-09-03 06:00:00,customer_3192@example.com,5,20.0,100.0,US,USD,15550103192
ORD4193,2026-09-03 06:15:00,customer_3193@example.com,3,26.0,78.0,US,USD,15550103193
ORD4194,2026-09-03 06:30:00,customer_3194@example.com,5,29.0,145.0,US,USD,15550103194
ORD4195,2026-09-03 06:45:00,customer_3195@example.com,3,14.0,42.0,US,USD,15550103195
ORD4196,2026-09-03 07:00:00,customer_3196@example.com,5,28.0,140.0,US,USD,15550103196
ORD4197,2026-09-03 07:15:00,customer_3197@example.com,4,26.0,104.0,US,USD,15550103197
ORD4198,2026-09-03 07:30:00,customer_3198@example.com,4,25.0,100.0,US,USD,15550103198
ORD4199,2026-09-03 07:45:00,customer_3199@example.com,2,29.0,58.0,US,USD,15550103199
ORD4200,2026-09-03 08:00:00,customer_3200@example.com,2,19.0,38.0,US,USD,15550103200
ORD4201,2026-09-03 08:15:00,customer_3201@example.com,2,10.0,20.0,US,USD,15550103201
ORD4202,2026-09-03 08:30:00,customer_3202@example.com,1,10.0,10.0,US,USD,15550103202
ORD4203,2026-09-03 08:45:00,customer_3203@example.com,4,30.0,120.0,US,USD,15550103203
ORD4204,2026-09-03 09:00:00,customer_3204@example.com,1,16.0,16.0,US,USD,15550103204
ORD4205,2026-09-03 09:15:00,customer_3205@example.com,5,23.0,115.0,US,USD,15550103205
ORD4206,2026-09-03 09:30:00,customer_3206@example.com,4,11.0,44.0,US,USD,15550103206
ORD4207,2026-09-03 09:45:00,customer_3207@example.com,3,21.0,63.0,US,USD,15550103207
ORD4208,2026-09-03 10:00:00,customer_3208@example.com,5,30.0,150.0,US,USD,15550103208
ORD4209,2026-09-03 10:15:00,customer_3209@example.com,2,10.0,20.0,US,USD,15550103209
ORD4210,2026-09-03 10:30:00,customer_3210@example.com,2,19.0,38.0,US,USD,15550103210
ORD4211,2026-09-03 10:45:00,customer_3211@example.com,3,12.0,36.0,US,USD,15550103211
ORD4212,2026-09-03 11:00:00,customer_3212@example.com,3,19.0,57.0,US,USD,15550103212
ORD4213,2026-09-03 11:15:00,customer_3213@example.com,5,27.0,135.0,US,USD,15550103213
ORD4214,2026-09-03 11:30:00,customer_3214@example.com,3,10.0,30.0,US,USD,15550103214
ORD4215,2026-09-03 11:45:00,customer_3215@example.com,1,20.0,20.0,US,USD,15550103215
ORD4216,2026-09-03 12:00:00,customer_3216@example.com,3,22.0,66.0,US,USD,15550103216
ORD4217,2026-09-03 12:15:00,customer_3217@example.com,5,29.0,145.0,US,USD,15550103217
ORD4218,2026-09-03 12:30:00,customer_3218@example.com,1,15.0,15.0,US,USD,15550103218
ORD4219,2026-09-03 12:45:00,customer_3219@example.com,2,20.0,40.0,US,USD,15550103219
ORD4220,2026-09-03 13:00:00,customer_3220@example.com,3,25.0,75.0,US,USD,15550103220
ORD4221,2026-09-03 13:15:00,customer_3221@example.com,4,11.0,44.0,US,USD,15550103221
ORD4222,2026-09-03 13:30:00,customer_3222@example.com,2,25.0,50.0,US,USD,15550103222
ORD4223,2026-09-03 13:45:00,customer_3223@example.com,2,30.0,60.0,US,USD,15550103223
ORD4224,2026-09-03 14:00:00,customer_3224@example.com,4,27.0,108.0,US,USD,15550103224
ORD4225,2026-09-03 14:15:00,customer_3225@example.com,3,24.0,72.0,US,USD,15550103225
ORD4226,2026-09-03 14:30:00,customer_3226@example.com,4,11.0,44.0,US,USD,15550103226
ORD4227,2026-09-03 14:45:00,customer_3227@example.com,5,19.0,95.0,US,USD,15550103227
ORD4228,2026-09-03 15:00:00,customer_3228@example.com,5,20.0,100.0,US,USD,15550103228
ORD4229,2026-09-03 15:15:00,customer_3229@example.com,5,27.0,135.0,US,USD,15550103229
ORD4230,2026-09-03 15:30:00,customer_3230@example.com,1,16.0,16.0,US,USD,15550103230
ORD4231,2026-09-03 15:45:00,customer_3231@example.com,5,20.0,100.0,US,USD,15550103231
ORD4232,2026-09-03 16:00:00,customer_3232@example.com,3,12.0,36.0,US,USD,15550103232
ORD4233,2026-09-03 16:15:00,customer_3233@example.com,2,18.0,36.0,US,USD,15550103233
ORD4234,2026-09-03 16:30:00,customer_3234@example.com,1,20.0,20.0,US,USD,15550103234
ORD4235,2026-09-03 16:45:00,customer_3235@example.com,4,30.0,120.0,US,USD,15550103235
ORD4236,2026-09-03 17:00:00,customer_3236@example.com,5,15.0,75.0,US,USD,15550103236
ORD4237,2026-09-03 17:15:00,customer_3237@example.com,5,29.0,145.0,US,USD,15550103237
ORD4238,2026-09-03 17:30:00,customer_3238@example.com,4,15.0,60.0,US,USD,15550103238
ORD4239,2026-09-03 17:45:00,customer_3239@example.com,5,13.0,65.0,US,USD,15550103239
ORD4240,2026-09-03 18:00:00,customer_3240@example.com,3,20.0,60.0,US,USD,15550103240
ORD4241,2026-09-03 18:15:00,customer_3241@example.com,1,18.0,18.0,US,USD,15550103241
ORD4242,2026-09-03 18:30:00,customer_3242@example.com,4,12.0,48.0,US,USD,15550103242
ORD4243,2026-09-03 18:45:00,customer_3243@example.com,4,17.0,68.0,US,USD,15550103243
ORD4244,2026-09-03 19:00:00,customer_3244@example.com,3,24.0,72.0,US,USD,15550103244
ORD4245,2026-09-03 19:15:00,customer_3245@example.com,3,16.0,48.0,US,USD,15550103245
ORD4246,2026-09-03 19:30:00,customer_3246@example.com,5,19.0,95.0,US,USD,15550103246
ORD4247,2026-09-03 19:45:00,customer_3247@example.com,2,13.0,26.0,US,USD,15550103247
ORD4248,2026-09-03 20:00:00,customer_3248@example.com,3,11.0,33.0,US,USD,15550103248
ORD4249,2026-09-03 20:15:00,customer_3249@example.com,2,12.0,24.0,US,USD,15550103249
ORD4250,2026-09-03 20:30:00,customer_3250@example.com,4,26.0,104.0,US,USD,15550103250
ORD4251,2026-09-03 20:45:00,customer_3251@example.com,1,25.0,25.0,US,USD,15550103251
ORD4252,2026-09-03 21:00:00,customer_3252@example.com,5,14.0,70.0,US,USD,15550103252
ORD4253,2026-09-03 21:15:00,customer_3253@example.com,2,20.0,40.0,US,USD,15550103253
ORD4254,2026-09-03 21:30:00,customer_3254@example.com,4,26.0,104.0,US,USD,15550103254
ORD4255,2026-09-03 21:45:00,customer_3255@example.com,3,20.0,60.0,US,USD,15550103255
ORD4256,2026-09-03 22:00:00,customer_3256@example.com,2,13.0,26.0,US,USD,15550103256
ORD4257,2026-09-03 22:15:00,customer_3257@example.com,5,14.0,70.0,US,USD,15550103257
ORD4258,2026-09-03 22:30:00,customer_3258@example.com,2,11.0,22.0,US,USD,15550103258
ORD4259,2026-09-03 22:45:00,customer_3259@example.com,4,22.0,88.0,US,USD,15550103259
ORD4260,2026-09-03 23:00:00,customer_3260@example.com,5,13.0,65.0,US,USD,15550103260
ORD4261,2026-09-03 23:15:00,customer_3261@example.com,1,19.0,19.0,US,USD,15550103261
ORD4262,2026-09-03 23:30:00,customer_3262@example.com,1,29.0,29.0,US,USD,15550103262
ORD4263,2026-09-03 23:45:00,customer_3263@example.com,1,20.0,20.0,US,USD,15550103263
ORD4264,2026-09-04 00:00:00,customer_3264@example.com,4,11.0,44.0,US,USD,15550103264
ORD4265,2026-09-04 00:15:00,customer_3265@example.com,1,26.0,26.0,US,USD,15550103265
ORD4266,2026-09-04 00:30:00,customer_3266@example.com,3,10.0,30.0,US,USD,15550103266
ORD4267,2026-09-04 00:45:00,customer_3267@example.com,5,19.0,95.0,US,USD,15550103267
ORD4268,2026-09-04 01:00:00,customer_3268@example.com,2,20.0,40.0,US,USD,15550103268
ORD4269,2026-09-04 01:15:00,customer_3269@example.com,2,16.0,32.0,US,USD,15550103269
ORD4270,2026-09-04 01:30:00,customer_3270@example.com,3,18.0,54.0,US,USD,15550103270
ORD4271,2026-09-04 01:45:00,customer_3271@example.com,5,20.0,100.0,US,USD,15550103271
ORD4272,2026-09-04 02:00:00,customer_3272@example.com,4,13.0,52.0,US,USD,15550103272
ORD4273,2026-09-04 02:15:00,customer_3273@example.com,3,14.0,42.0,US,USD,15550103273
ORD4274,2026-09-04 02:30:00,customer_3274@example.com,2,18.0,36.0,US,USD,15550103274
ORD4275,2026-09-04 02:45:00,customer_3275@example.com,1,10.0,10.0,US,USD,15550103275
ORD4276,2026-09-04 03:00:00,customer_3276@example.com,5,27.0,135.0,US,USD,15550103276
ORD4277,2026-09-04 03:15:00,customer_3277@example.com,5,13.0,65.0,US,USD,15550103277
ORD4278,2026-09-04 03:30:00,customer_3278@example.com,2,27.0,54.0,US,USD,15550103278
ORD4279,2026-09-04 03:45:00,customer_3279@example.com,3,27.0,81.0,US,USD,15550103279
ORD4280,2026-09-04 04:00:00,customer_3280@example.com,3,18.0,54.0,US,USD,15550103280
ORD4281,2026-09-04 04:15:00,customer_3281@example.com,2,19.0,38.0,US,USD,15550103281
ORD4282,2026-09-04 04:30:00,customer_3282@example.com,5,17.0,85.0,US,USD,15550103282
ORD4283,2026-09-04 04:45:00,customer_3283@example.com,2,12.0,24.0,US,USD,15550103283
ORD4284,2026-09-04 05:00:00,customer_3284@example.com,3,29.0,87.0,US,USD,15550103284
ORD4285,2026-09-04 05:15:00,customer_3285@example.com,3,27.0,81.0,US,USD,15550103285
ORD4286,2026-09-04 05:30:00,customer_3286@example.com,4,11.0,44.0,US,USD,15550103286
ORD4287,2026-09-04 05:45:00,customer_3287@example.com,2,10.0,20.0,US,USD,15550103287
ORD4288,2026-09-04 06:00:00,customer_3288@example.com,4,11.0,44.0,US,USD,15550103288
ORD4289,2026-09-04 06:15:00,customer_3289@example.com,1,22.0,22.0,US,USD,15550103289
ORD4290,2026-09-04 06:30:00,customer_3290@example.com,1,12.0,12.0,US,USD,15550103290
ORD4291,2026-09-04 06:45:00,customer_3291@example.com,4,22.0,88.0,US,USD,15550103291
ORD4292,2026-09-04 07:00:00,customer_3292@example.com,2,29.0,58.0,US,USD,15550103292
ORD4293,2026-09-04 07:15:00,customer_3293@example.com,5,30.0,150.0,US,USD,15550103293
ORD4294,2026-09-04 07:30:00,customer_3294@example.com,4,29.0,116.0,US,USD,15550103294
ORD4295,2026-09-04 07:45:00,customer_3295@example.com,3,19.0,57.0,US,USD,15550103295
ORD4296,2026-09-04 08:00:00,customer_3296@example.com,3,16.0,48.0,US,USD,15550103296
ORD4297,2026-09-04 08:15:00,customer_3297@example.com,5,12.0,60.0,US,USD,15550103297
ORD4298,2026-09-04 08:30:00,customer_3298@example.com,4,28.0,112.0,US,USD,15550103298
ORD4299,2026-09-04 08:45:00,customer_3299@example.com,2,12.0,24.0,US,USD,15550103299
ORD4300,2026-09-04 09:00:00,customer_3300@example.com,4,13.0,52.0,US,USD,15550103300
ORD4301,2026-09-04 09:15:00,customer_3301@example.com,4,19.0,76.0,US,USD,15550103301
ORD4302,2026-09-04 09:30:00,customer_3302@example.com,4,25.0,100.0,US,USD,15550103302
ORD4303,2026-09-04 09:45:00,customer_3303@example.com,2,17.0,34.0,US,USD,15550103303
ORD4304,2026-09-04 10:00:00,customer_3304@example.com,2,29.0,58.0,US,USD,15550103304
ORD4305,2026-09-04 10:15:00,customer_3305@example.com,3,21.0,63.0,US,USD,15550103305
ORD4306,2026-09-04 10:30:00,customer_3306@example.com,4,15.0,60.0,US,USD,15550103306
ORD4307,2026-09-04 10:45:00,customer_3307@example.com,3,20.0,60.0,US,USD,15550103307
ORD4308,2026-09-04 11:00:00,customer_3308@example.com,4,25.0,100.0,US,USD,15550103308
ORD4309,2026-09-04 11:15:00,customer_3309@example.com,1,12.0,12.0,US,USD,15550103309
ORD4310,2026-09-04 11:30:00,customer_3310@example.com,4,13.0,52.0,US,USD,15550103310
ORD4311,2026-09-04 11:45:00,customer_3311@example.com,3,25.0,75.0,US,USD,15550103311
ORD4312,2026-09-04 12:00:00,customer_3312@example.com,4,15.0,60.0,US,USD,15550103312
ORD4313,2026-09-04 12:15:00,customer_3313@example.com,3,21.0,63.0,US,USD,15550103313
ORD4314,2026-09-04 12:30:00,customer_3314@example.com,5,28.0,140.0,US,USD,15550103314
ORD4315,2026-09-04 12:45:00,customer_3315@example.com,2,26.0,52.0,US,USD,15550103315
ORD4316,2026-09-04 13:00:00,customer_3316@example.com,1,22.0,22.0,US,USD,15550103316
ORD4317,2026-09-04 13:15:00,customer_3317@example.com,1,20.0,20.0,US,USD,15550103317
ORD4318,2026-09-04 13:30:00,customer_3318@example.com,5,30.0,150.0,US,USD,15550103318
ORD4319,2026-09-04 13:45:00,customer_3319@example.com,1,19.0,19.0,US,USD,15550103319
ORD4320,2026-09-04 14:00:00,customer_3320@example.com,5,24.0,120.0,US,USD,15550103320
ORD4321,2026-09-04 14:15:00,customer_3321@example.com,4,28.0,112.0,US,USD,15550103321
ORD4322,2026-09-04 14:30:00,customer_3322@example.com,4,17.0,68.0,US,USD,15550103322
ORD4323,2026-09-04 14:45:00,customer_3323@example.com,5,17.0,85.0,US,USD,15550103323
ORD4324,2026-09-04 15:00:00,customer_3324@example.com,5,15.0,75.0,US,USD,15550103324
ORD4325,2026-09-04 15:15:00,customer_3325@example.com,4,22.0,88.0,US,USD,15550103325
ORD4326,2026-09-04 15:30:00,customer_3326@example.com,1,20.0,20.0,US,USD,15550103326
ORD4327,2026-09-04 15:45:00,customer_3327@example.com,2,28.0,56.0,US,USD,15550103327
ORD4328,2026-09-04 16:00:00,customer_3328@example.com,4,23.0,92.0,US,USD,15550103328
ORD4329,2026-09-04 16:15:00,customer_3329@example.com,5,20.0,100.0,US,USD,15550103329
ORD4330,2026-09-04 16:30:00,customer_3330@example.com,5,17.0,85.0,US,USD,15550103330
ORD4331,2026-09-04 16:45:00,customer_3331@example.com,2,12.0,24.0,US,USD,15550103331
ORD4332,2026-09-04 17:00:00,customer_3332@example.com,5,25.0,125.0,US,USD,15550103332
ORD4333,2026-09-04 17:15:00,customer_3333@example.com,1,28.0,28.0,US,USD,15550103333
ORD4334,2026-09-04 17:30:00,customer_3334@example.com,5,24.0,120.0,US,USD,15550103334
ORD4335,2026-09-04 17:45:00,customer_3335@example.com,3,27.0,81.0,US,USD,15550103335
ORD4336,2026-09-04 18:00:00,customer_3336@example.com,1,24.0,24.0,US,USD,15550103336
ORD4337,2026-09-04 18:15:00,customer_3337@example.com,2,19.0,38.0,US,USD,15550103337
ORD4338,2026-09-04 18:30:00,customer_3338@example.com,4,12.0,48.0,US,USD,15550103338
ORD4339,2026-09-04 18:45:00,customer_3339@example.com,5,13.0,65.0,US,USD,15550103339
ORD4340,2026-09-04 19:00:00,customer_3340@example.com,5,22.0,110.0,US,USD,15550103340
ORD4341,2026-09-04 19:15:00,customer_3341@example.com,3,25.0,75.0,US,USD,15550103341
ORD4342,2026-09-04 19:30:00,customer_3342@example.com,1,12.0,12.0,US,USD,15550103342
ORD4343,2026-09-04 19:45:00,customer_3343@example.com,2,14.0,28.0,US,USD,15550103343
ORD4344,2026-09-04 20:00:00,customer_3344@example.com,5,30.0,150.0,US,USD,15550103344
ORD4345,2026-09-04 20:15:00,customer_3345@example.com,1,14.0,14.0,US,USD,15550103345
ORD4346,2026-09-04 20:30:00,customer_3346@example.com,2,24.0,48.0,US,USD,15550103346
ORD4347,2026-09-04 20:45:00,customer_3347@example.com,5,19.0,95.0,US,USD,15550103347
ORD4348,2026-09-04 21:00:00,customer_3348@example.com,4,29.0,116.0,US,USD,15550103348
ORD4349,2026-09-04 21:15:00,customer_3349@example.com,5,24.0,120.0,US,USD,15550103349
ORD4350,2026-09-04 21:30:00,customer_3350@example.com,2,16.0,32.0,US,USD,15550103350
ORD4351,2026-09-04 21:45:00,customer_3351@example.com,3,19.0,57.0,US,USD,15550103351
ORD4352,2026-09-04 22:00:00,customer_3352@example.com,5,19.0,95.0,US,USD,15550103352
ORD4353,2026-09-04 22:15:00,customer_3353@example.com,4,21.0,84.0,US,USD,15550103353
ORD4354,2026-09-04 22:30:00,customer_3354@example.com,1,28.0,28.0,US,USD,15550103354
ORD4355,2026-09-04 22:45:00,customer_3355@example.com,1,29.0,29.0,US,USD,15550103355
ORD4356,2026-09-04 23:00:00,customer_3356@example.com,5,22.0,110.0,US,USD,15550103356
ORD4357,2026-09-04 23:15:00,customer_3357@example.com,2,19.0,38.0,US,USD,15550103357
ORD4358,2026-09-04 23:30:00,customer_3358@example.com,1,21.0,21.0,US,USD,15550103358
ORD4359,2026-09-04 23:45:00,customer_3359@example.com,5,11.0,55.0,US,USD,15550103359
ORD4360,2026-09-05 00:00:00,customer_3360@example.com,1,27.0,27.0,US,USD,15550103360
ORD4361,2026-09-05 00:15:00,customer_3361@example.com,3,13.0,39.0,US,USD,15550103361
ORD4362,2026-09-05 00:30:00,customer_3362@example.com,3,10.0,30.0,US,USD,15550103362
ORD4363,2026-09-05 00:45:00,customer_3363@example.com,2,23.0,46.0,US,USD,15550103363
ORD4364,2026-09-05 01:00:00,customer_3364@example.com,5,22.0,110.0,US,USD,15550103364
ORD4365,2026-09-05 01:15:00,customer_3365@example.com,3,22.0,66.0,US,USD,15550103365
ORD4366,2026-09-05 01:30:00,customer_3366@example.com,4,22.0,88.0,US,USD,15550103366
ORD4367,2026-09-05 01:45:00,customer_3367@example.com,4,27.0,108.0,US,USD,15550103367
ORD4368,2026-09-05 02:00:00,customer_3368@example.com,2,15.0,30.0,US,USD,15550103368
ORD4369,2026-09-05 02:15:00,customer_3369@example.com,4,14.0,56.0,US,USD,15550103369
ORD4370,2026-09-05 02:30:00,customer_3370@example.com,2,27.0,54.0,US,USD,15550103370
ORD4371,2026-09-05 02:45:00,customer_3371@example.com,4,21.0,84.0,US,USD,15550103371
ORD4372,2026-09-05 03:00:00,customer_3372@example.com,4,14.0,56.0,US,USD,15550103372
ORD4373,2026-09-05 03:15:00,customer_3373@example.com,3,14.0,42.0,US,USD,15550103373
ORD4374,2026-09-05 03:30:00,customer_3374@example.com,2,10.0,20.0,US,USD,15550103374
ORD4375,2026-09-05 03:45:00,customer_3375@example.com,1,30.0,30.0,US,USD,15550103375
ORD4376,2026-09-05 04:00:00,customer_3376@example.com,1,14.0,14.0,US,USD,15550103376
ORD4377,2026-09-05 04:15:00,customer_3377@example.com,4,23.0,92.0,US,USD,15550103377
ORD4378,2026-09-05 04:30:00,customer_3378@example.com,2,12.0,24.0,US,USD,15550103378
ORD4379,2026-09-05 04:45:00,customer_3379@example.com,2,30.0,60.0,US,USD,15550103379
ORD4380,2026-09-05 05:00:00,customer_3380@example.com,4,24.0,96.0,US,USD,15550103380
ORD4381,2026-09-05 05:15:00,customer_3381@example.com,5,23.0,115.0,US,USD,15550103381
ORD4382,2026-09-05 05:30:00,customer_3382@example.com,5,15.0,75.0,US,USD,15550103382
ORD4383,2026-09-05 05:45:00,customer_3383@example.com,4,26.0,104.0,US,USD,15550103383
ORD4384,2026-09-05 06:00:00,customer_3384@example.com,4,27.0,108.0,US,USD,15550103384
ORD4385,2026-09-05 06:15:00,customer_3385@example.com,4,22.0,88.0,US,USD,15550103385
ORD4386,2026-09-05 06:30:00,customer_3386@example.com,3,17.0,51.0,US,USD,15550103386
ORD4387,2026-09-05 06:45:00,customer_3387@example.com,2,23.0,46.0,US,USD,15550103387
ORD4388,2026-09-05 07:00:00,customer_3388@example.com,5,10.0,50.0,US,USD,15550103388
ORD4389,2026-09-05 07:15:00,customer_3389@example.com,5,25.0,125.0,US,USD,15550103389
ORD4390,2026-09-05 07:30:00,customer_3390@example.com,2,26.0,52.0,US,USD,15550103390
ORD4391,2026-09-05 07:45:00,customer_3391@example.com,3,23.0,69.0,US,USD,15550103391
ORD4392,2026-09-05 08:00:00,customer_3392@example.com,5,28.0,140.0,US,USD,15550103392
ORD4393,2026-09-05 08:15:00,customer_3393@example.com,3,11.0,33.0,US,USD,15550103393
ORD4394,2026-09-05 08:30:00,customer_3394@example.com,1,28.0,28.0,US,USD,15550103394
ORD4395,2026-09-05 08:45:00,customer_3395@example.com,4,21.0,84.0,US,USD,15550103395
ORD4396,2026-09-05 09:00:00,customer_3396@example.com,1,28.0,28.0,US,USD,15550103396
ORD4397,2026-09-05 09:15:00,customer_3397@example.com,4,12.0,48.0,US,USD,15550103397
ORD4398,2026-09-05 09:30:00,customer_3398@example.com,2,26.0,52.0,US,USD,15550103398
ORD4399,2026-09-05 09:45:00,customer_3399@example.com,3,24.0,72.0,US,USD,15550103399
ORD4400,2026-09-05 10:00:00,customer_3400@example.com,5,12.0,60.0,US,USD,15550103400
ORD4401,2026-09-05 10:15:00,customer_3401@example.com,5,29.0,145.0,US,USD,15550103401
ORD4402,2026-09-05 10:30:00,customer_3402@example.com,1,17.0,17.0,US,USD,15550103402
ORD4403,2026-09-05 10:45:00,customer_3403@example.com,4,30.0,120.0,US,USD,15550103403
ORD4404,2026-09-05 11:00:00,customer_3404@example.com,1,30.0,30.0,US,USD,15550103404
ORD4405,2026-09-05 11:15:00,customer_3405@example.com,5,28.0,140.0,US,USD,15550103405
ORD4406,2026-09-05 11:30:00,customer_3406@example.com,3,29.0,87.0,US,USD,15550103406
ORD4407,2026-09-05 11:45:00,customer_3407@example.com,1,20.0,20.0,US,USD,15550103407
ORD4408,2026-09-05 12:00:00,customer_3408@example.com,5,10.0,50.0,US,USD,15550103408
ORD4409,2026-09-05 12:15:00,customer_3409@example.com,4,24.0,96.0,US,USD,15550103409
ORD4410,2026-09-05 12:30:00,customer_3410@example.com,5,25.0,125.0,US,USD,15550103410
ORD4411,2026-09-05 12:45:00,customer_3411@example.com,5,20.0,100.0,US,USD,15550103411
ORD4412,2026-09-05 13:00:00,customer_3412@example.com,4,21.0,84.0,US,USD,15550103412
ORD4413,2026-09-05 13:15:00,customer_3413@example.com,3,19.0,57.0,US,USD,15550103413
ORD4414,2026-09-05 13:30:00,customer_3414@example.com,2,11.0,22.0,US,USD,15550103414
ORD4415,2026-09-05 13:45:00,customer_3415@example.com,5,19.0,95.0,US,USD,15550103415
ORD4416,2026-09-05 14:00:00,customer_3416@example.com,5,18.0,90.0,US,USD,15550103416
ORD4417,2026-09-05 14:15:00,customer_3417@example.com,1,30.0,30.0,US,USD,15550103417
ORD4418,2026-09-05 14:30:00,customer_3418@example.com,4,28.0,112.0,US,USD,15550103418
ORD4419,2026-09-05 14:45:00,customer_3419@example.com,2,28.0,56.0,US,USD,15550103419
ORD4420,2026-09-05 15:00:00,customer_3420@example.com,1,19.0,19.0,US,USD,15550103420
ORD4421,2026-09-05 15:15:00,customer_3421@example.com,5,10.0,50.0,US,USD,15550103421
ORD4422,2026-09-05 15:30:00,customer_3422@example.com,3,25.0,75.0,US,USD,15550103422
ORD4423,2026-09-05 15:45:00,customer_3423@example.com,1,14.0,14.0,US,USD,15550103423
ORD4424,2026-09-05 16:00:00,customer_3424@example.com,5,12.0,60.0,US,USD,15550103424
ORD4425,2026-09-05 16:15:00,customer_3425@example.com,3,18.0,54.0,US,USD,15550103425
ORD4426,2026-09-05 16:30:00,customer_3426@example.com,2,29.0,58.0,US,USD,15550103426
ORD4427,2026-09-05 16:45:00,customer_3427@example.com,3,18.0,54.0,US,USD,15550103427
ORD4428,2026-09-05 17:00:00,customer_3428@example.com,3,10.0,30.0,US,USD,15550103428
ORD4429,2026-09-05 17:15:00,customer_3429@example.com,1,29.0,29.0,US,USD,15550103429
ORD4430,2026-09-05 17:30:00,customer_3430@example.com,2,28.0,56.0,US,USD,15550103430
ORD4431,2026-09-05 17:45:00,customer_3431@example.com,2,24.0,48.0,US,USD,15550103431
ORD4432,2026-09-05 18:00:00,customer_3432@example.com,3,15.0,45.0,US,USD,15550103432
ORD4433,2026-09-05 18:15:00,customer_3433@example.com,3,17.0,51.0,US,USD,15550103433
ORD4434,2026-09-05 18:30:00,customer_3434@example.com,4,15.0,60.0,US,USD,15550103434
ORD4435,2026-09-05 18:45:00,customer_3435@example.com,5,11.0,55.0,US,USD,15550103435
ORD4436,2026-09-05 19:00:00,customer_3436@example.com,3,12.0,36.0,US,USD,15550103436
ORD4437,2026-09-05 19:15:00,customer_3437@example.com,2,29.0,58.0,US,USD,15550103437
ORD4438,2026-09-05 19:30:00,customer_3438@example.com,2,25.0,50.0,US,USD,15550103438
ORD4439,2026-09-05 19:45:00,customer_3439@example.com,4,22.0,88.0,US,USD,15550103439
ORD4440,2026-09-05 20:00:00,customer_3440@example.com,2,24.0,48.0,US,USD,15550103440
ORD4441,2026-09-05 20:15:00,customer_3441@example.com,2,16.0,32.0,US,USD,15550103441
ORD4442,2026-09-05 20:30:00,customer_3442@example.com,5,21.0,105.0,US,USD,15550103442
ORD4443,2026-09-05 20:45:00,customer_3443@example.com,1,30.0,30.0,US,USD,15550103443
ORD4444,2026-09-05 21:00:00,customer_3444@example.com,3,13.0,39.0,US,USD,15550103444
ORD4445,2026-09-05 21:15:00,customer_3445@example.com,1,15.0,15.0,US,USD,15550103445
ORD4446,2026-09-05 21:30:00,customer_3446@example.com,4,22.0,88.0,US,USD,15550103446
ORD4447,2026-09-05 21:45:00,customer_3447@example.com,4,19.0,76.0,US,USD,15550103447
ORD4448,2026-09-05 22:00:00,customer_3448@example.com,4,27.0,108.0,US,USD,15550103448
ORD4449,2026-09-05 22:15:00,customer_3449@example.com,2,22.0,44.0,US,USD,15550103449
ORD4450,2026-09-05 22:30:00,customer_3450@example.com,4,25.0,100.0,US,USD,15550103450
ORD4451,2026-09-05 22:45:00,customer_3451@example.com,3,14.0,42.0,US,USD,15550103451
ORD4452,2026-09-05 23:00:00,customer_3452@example.com,5,23.0,115.0,US,USD,15550103452
ORD4453,2026-09-05 23:15:00,customer_3453@example.com,1,19.0,19.0,US,USD,15550103453
ORD4454,2026-09-05 23:30:00,customer_3454@example.com,4,22.0,88.0,US,USD,15550103454
ORD4455,2026-09-05 23:45:00,customer_3455@example.com,3,26.0,78.0,US,USD,15550103455
ORD4456,2026-09-06 00:00:00,customer_3456@example.com,1,13.0,13.0,US,USD,15550103456
ORD4457,2026-09-06 00:15:00,customer_3457@example.com,5,30.0,150.0,US,USD,15550103457
ORD4458,2026-09-06 00:30:00,customer_3458@example.com,3,23.0,69.0,US,USD,15550103458
ORD4459,2026-09-06 00:45:00,customer_3459@example.com,5,30.0,150.0,US,USD,15550103459
ORD4460,2026-09-06 01:00:00,customer_3460@example.com,3,20.0,60.0,US,USD,15550103460
ORD4461,2026-09-06 01:15:00,customer_3461@example.com,3,18.0,54.0,US,USD,15550103461
ORD4462,2026-09-06 01:30:00,customer_3462@example.com,1,18.0,18.0,US,USD,15550103462
ORD4463,2026-09-06 01:45:00,customer_3463@example.com,5,22.0,110.0,US,USD,15550103463
ORD4464,2026-09-06 02:00:00,customer_3464@example.com,4,17.0,68.0,US,USD,15550103464
ORD4465,2026-09-06 02:15:00,customer_3465@example.com,5,16.0,80.0,US,USD,15550103465
ORD4466,2026-09-06 02:30:00,customer_3466@example.com,5,20.0,100.0,US,USD,15550103466
ORD4467,2026-09-06 02:45:00,customer_3467@example.com,2,20.0,40.0,US,USD,15550103467
ORD4468,2026-09-06 03:00:00,customer_3468@example.com,5,10.0,50.0,US,USD,15550103468
ORD4469,2026-09-06 03:15:00,customer_3469@example.com,1,12.0,12.0,US,USD,15550103469
ORD4470,2026-09-06 03:30:00,customer_3470@example.com,1,23.0,23.0,US,USD,15550103470
ORD4471,2026-09-06 03:45:00,customer_3471@example.com,1,26.0,26.0,US,USD,15550103471
ORD4472,2026-09-06 04:00:00,customer_3472@example.com,1,24.0,24.0,US,USD,15550103472
ORD4473,2026-09-06 04:15:00,customer_3473@example.com,3,17.0,51.0,US,USD,15550103473
ORD4474,2026-09-06 04:30:00,customer_3474@example.com,3,18.0,54.0,US,USD,15550103474
ORD4475,2026-09-06 04:45:00,customer_3475@example.com,2,11.0,22.0,US,USD,15550103475
ORD4476,2026-09-06 05:00:00,customer_3476@example.com,1,29.0,29.0,US,USD,15550103476
ORD4477,2026-09-06 05:15:00,customer_3477@example.com,1,11.0,11.0,US,USD,15550103477
ORD4478,2026-09-06 05:30:00,customer_3478@example.com,5,16.0,80.0,US,USD,15550103478
ORD4479,2026-09-06 05:45:00,customer_3479@example.com,5,30.0,150.0,US,USD,15550103479
ORD4480,2026-09-06 06:00:00,customer_3480@example.com,1,13.0,13.0,US,USD,15550103480
ORD4481,2026-09-06 06:15:00,customer_3481@example.com,1,29.0,29.0,US,USD,15550103481
ORD4482,2026-09-06 06:30:00,customer_3482@example.com,2,22.0,44.0,US,USD,15550103482
ORD4483,2026-09-06 06:45:00,customer_3483@example.com,5,15.0,75.0,US,USD,15550103483
ORD4484,2026-09-06 07:00:00,customer_3484@example.com,1,15.0,15.0,US,USD,15550103484
ORD4485,2026-09-06 07:15:00,customer_3485@example.com,3,19.0,57.0,US,USD,15550103485
ORD4486,2026-09-06 07:30:00,customer_3486@example.com,4,12.0,48.0,US,USD,15550103486
ORD4487,2026-09-06 07:45:00,customer_3487@example.com,4,18.0,72.0,US,USD,15550103487
ORD4488,2026-09-06 08:00:00,customer_3488@example.com,4,20.0,80.0,US,USD,15550103488
ORD4489,2026-09-06 08:15:00,customer_3489@example.com,3,15.0,45.0,US,USD,15550103489
ORD4490,2026-09-06 08:30:00,customer_3490@example.com,1,18.0,18.0,US,USD,15550103490
ORD4491,2026-09-06 08:45:00,customer_3491@example.com,1,22.0,22.0,US,USD,15550103491
ORD4492,2026-09-06 09:00:00,customer_3492@example.com,4,20.0,80.0,US,USD,15550103492
ORD4493,2026-09-06 09:15:00,customer_3493@example.com,1,18.0,18.0,US,USD,15550103493
ORD4494,2026-09-06 09:30:00,customer_3494@example.com,3,15.0,45.0,US,USD,15550103494
ORD4495,2026-09-06 09:45:00,customer_3495@example.com,4,12.0,48.0,US,USD,15550103495
ORD4496,2026-09-06 10:00:00,customer_3496@example.com,4,16.0,64.0,US,USD,15550103496
ORD4497,2026-09-06 10:15:00,customer_3497@example.com,5,22.0,110.0,US,USD,15550103497
ORD4498,2026-09-06 10:30:00,customer_3498@example.com,2,30.0,60.0,US,USD,15550103498
ORD4499,2026-09-06 10:45:00,customer_3499@example.com,4,13.0,52.0,US,USD,15550103499
ORD4500,2026-09-06 11:00:00,customer_3500@example.com,2,27.0,54.0,US,USD,15550103500
ORD4501,2026-09-06 11:15:00,customer_3501@example.com,4,16.0,64.0,US,USD,15550103501
ORD4502,2026-09-06 11:30:00,customer_3502@example.com,5,30.0,150.0,US,USD,15550103502
ORD4503,2026-09-06 11:45:00,customer_3503@example.com,1,24.0,24.0,US,USD,15550103503
ORD4504,2026-09-06 12:00:00,customer_3504@example.com,3,13.0,39.0,US,USD,15550103504
ORD4505,2026-09-06 12:15:00,customer_3505@example.com,1,12.0,12.0,US,USD,15550103505
ORD4506,2026-09-06 12:30:00,customer_3506@example.com,1,28.0,28.0,US,USD,15550103506
ORD4507,2026-09-06 12:45:00,customer_3507@example.com,3,24.0,72.0,US,USD,15550103507
ORD4508,2026-09-06 13:00:00,customer_3508@example.com,1,25.0,25.0,US,USD,15550103508
ORD4509,2026-09-06 13:15:00,customer_3509@example.com,2,30.0,60.0,US,USD,15550103509
ORD4510,2026-09-06 13:30:00,customer_3510@example.com,1,11.0,11.0,US,USD,15550103510
ORD4511,2026-09-06 13:45:00,customer_3511@example.com,4,18.0,72.0,US,USD,15550103511
ORD4512,2026-09-06 14:00:00,customer_3512@example.com,2,20.0,40.0,US,USD,15550103512
ORD4513,2026-09-06 14:15:00,customer_3513@example.com,4,28.0,112.0,US,USD,15550103513
ORD4514,2026-09-06 14:30:00,customer_3514@example.com,1,26.0,26.0,US,USD,15550103514
ORD4515,2026-09-06 14:45:00,customer_3515@example.com,4,25.0,100.0,US,USD,15550103515
ORD4516,2026-09-06 15:00:00,customer_3516@example.com,4,22.0,88.0,US,USD,15550103516
ORD4517,2026-09-06 15:15:00,customer_3517@example.com,1,27.0,27.0,US,USD,15550103517
ORD4518,2026-09-06 15:30:00,customer_3518@example.com,2,10.0,20.0,US,USD,15550103518
ORD4519,2026-09-06 15:45:00,customer_3519@example.com,4,25.0,100.0,US,USD,15550103519
ORD4520,2026-09-06 16:00:00,customer_3520@example.com,1,28.0,28.0,US,USD,15550103520
ORD4521,2026-09-06 16:15:00,customer_3521@example.com,5,21.0,105.0,US,USD,15550103521
ORD4522,2026-09-06 16:30:00,customer_3522@example.com,3,19.0,57.0,US,USD,15550103522
ORD4523,2026-09-06 16:45:00,customer_3523@example.com,4,11.0,44.0,US,USD,15550103523
ORD4524,2026-09-06 17:00:00,customer_3524@example.com,1,21.0,21.0,US,USD,15550103524
ORD4525,2026-09-06 17:15:00,customer_3525@example.com,5,20.0,100.0,US,USD,15550103525
ORD4526,2026-09-06 17:30:00,customer_3526@example.com,1,24.0,24.0,US,USD,15550103526
ORD4527,2026-09-06 17:45:00,customer_3527@example.com,3,30.0,90.0,US,USD,15550103527
ORD4528,2026-09-06 18:00:00,customer_3528@example.com,2,15.0,30.0,US,USD,15550103528
ORD4529,2026-09-06 18:15:00,customer_3529@example.com,5,11.0,55.0,US,USD,15550103529
ORD4530,2026-09-06 18:30:00,customer_3530@example.com,4,16.0,64.0,US,USD,15550103530
ORD4531,2026-09-06 18:45:00,customer_3531@example.com,3,22.0,66.0,US,USD,15550103531
ORD4532,2026-09-06 19:00:00,customer_3532@example.com,1,30.0,30.0,US,USD,15550103532
ORD4533,2026-09-06 19:15:00,customer_3533@example.com,3,25.0,75.0,US,USD,15550103533
ORD4534,2026-09-06 19:30:00,customer_3534@example.com,1,30.0,30.0,US,USD,15550103534
ORD4535,2026-09-06 19:45:00,customer_3535@example.com,4,16.0,64.0,US,USD,15550103535
ORD4536,2026-09-06 20:00:00,customer_3536@example.com,2,11.0,22.0,US,USD,15550103536
ORD4537,2026-09-06 20:15:00,customer_3537@example.com,2,10.0,20.0,US,USD,15550103537
ORD4538,2026-09-06 20:30:00,customer_3538@example.com,5,17.0,85.0,US,USD,15550103538
ORD4539,2026-09-06 20:45:00,customer_3539@example.com,4,22.0,88.0,US,USD,15550103539
ORD4540,2026-09-06 21:00:00,customer_3540@example.com,1,27.0,27.0,US,USD,15550103540
ORD4541,2026-09-06 21:15:00,customer_3541@example.com,3,25.0,75.0,US,USD,15550103541
ORD4542,2026-09-06 21:30:00,customer_3542@example.com,5,24.0,120.0,US,USD,15550103542
ORD4543,2026-09-06 21:45:00,customer_3543@example.com,1,11.0,11.0,US,USD,15550103543
ORD4544,2026-09-06 22:00:00,customer_3544@example.com,3,11.0,33.0,US,USD,15550103544
ORD4545,2026-09-06 22:15:00,customer_3545@example.com,3,11.0,33.0,US,USD,15550103545
ORD4546,2026-09-06 22:30:00,customer_3546@example.com,4,13.0,52.0,US,USD,15550103546
ORD4547,2026-09-06 22:45:00,customer_3547@example.com,2,30.0,60.0,US,USD,15550103547
ORD4548,2026-09-06 23:00:00,customer_3548@example.com,5,24.0,120.0,US,USD,15550103548
ORD4549,2026-09-06 23:15:00,customer_3549@example.com,5,14.0,70.0,US,USD,15550103549
ORD4550,2026-09-06 23:30:00,customer_3550@example.com,5,17.0,85.0,US,USD,15550103550
ORD4551,2026-09-06 23:45:00,customer_3551@example.com,1,11.0,11.0,US,USD,15550103551
ORD4552,2026-09-07 00:00:00,customer_3552@example.com,2,25.0,50.0,US,USD,15550103552
ORD4553,2026-09-07 00:15:00,customer_3553@example.com,1,25.0,25.0,US,USD,15550103553
ORD4554,2026-09-07 00:30:00,customer_3554@example.com,5,11.0,55.0,US,USD,15550103554
ORD4555,2026-09-07 00:45:00,customer_3555@example.com,2,30.0,60.0,US,USD,15550103555
ORD4556,2026-09-07 01:00:00,customer_3556@example.com,2,10.0,20.0,US,USD,15550103556
ORD4557,2026-09-07 01:15:00,customer_3557@example.com,2,30.0,60.0,US,USD,15550103557
ORD4558,2026-09-07 01:30:00,customer_3558@example.com,1,19.0,19.0,US,USD,15550103558
ORD4559,2026-09-07 01:45:00,customer_3559@example.com,1,24.0,24.0,US,USD,15550103559
ORD4560,2026-09-07 02:00:00,customer_3560@example.com,5,15.0,75.0,US,USD,15550103560
ORD4561,2026-09-07 02:15:00,customer_3561@example.com,5,12.0,60.0,US,USD,15550103561
ORD4562,2026-09-07 02:30:00,customer_3562@example.com,1,13.0,13.0,US,USD,15550103562
ORD4563,2026-09-07 02:45:00,customer_3563@example.com,4,29.0,116.0,US,USD,15550103563
ORD4564,2026-09-07 03:00:00,customer_3564@example.com,5,17.0,85.0,US,USD,15550103564
ORD4565,2026-09-07 03:15:00,customer_3565@example.com,1,16.0,16.0,US,USD,15550103565
ORD4566,2026-09-07 03:30:00,customer_3566@example.com,4,20.0,80.0,US,USD,15550103566
ORD4567,2026-09-07 03:45:00,customer_3567@example.com,4,20.0,80.0,US,USD,15550103567
ORD4568,2026-09-07 04:00:00,customer_3568@example.com,1,28.0,28.0,US,USD,15550103568
ORD4569,2026-09-07 04:15:00,customer_3569@example.com,5,14.0,70.0,US,USD,15550103569
ORD4570,2026-09-07 04:30:00,customer_3570@example.com,3,16.0,48.0,US,USD,15550103570
ORD4571,2026-09-07 04:45:00,customer_3571@example.com,1,28.0,28.0,US,USD,15550103571
ORD4572,2026-09-07 05:00:00,customer_3572@example.com,2,20.0,40.0,US,USD,15550103572
ORD4573,2026-09-07 05:15:00,customer_3573@example.com,1,13.0,13.0,US,USD,15550103573
ORD4574,2026-09-07 05:30:00,customer_3574@example.com,3,14.0,42.0,US,USD,15550103574
ORD4575,2026-09-07 05:45:00,customer_3575@example.com,4,15.0,60.0,US,USD,15550103575
ORD4576,2026-09-07 06:00:00,customer_3576@example.com,3,27.0,81.0,US,USD,15550103576
ORD4577,2026-09-07 06:15:00,customer_3577@example.com,2,24.0,48.0,US,USD,15550103577
ORD4578,2026-09-07 06:30:00,customer_3578@example.com,2,28.0,56.0,US,USD,15550103578
ORD4579,2026-09-07 06:45:00,customer_3579@example.com,1,14.0,14.0,US,USD,15550103579
ORD4580,2026-09-07 07:00:00,customer_3580@example.com,1,30.0,30.0,US,USD,15550103580
ORD4581,2026-09-07 07:15:00,customer_3581@example.com,5,22.0,110.0,US,USD,15550103581
ORD4582,2026-09-07 07:30:00,customer_3582@example.com,2,10.0,20.0,US,USD,15550103582
ORD4583,2026-09-07 07:45:00,customer_3583@example.com,4,12.0,48.0,US,USD,15550103583
ORD4584,2026-09-07 08:00:00,customer_3584@example.com,1,10.0,10.0,US,USD,15550103584
ORD4585,2026-09-07 08:15:00,customer_3585@example.com,2,12.0,24.0,US,USD,15550103585
ORD4586,2026-09-07 08:30:00,customer_3586@example.com,5,19.0,95.0,US,USD,15550103586
ORD4587,2026-09-07 08:45:00,customer_3587@example.com,4,25.0,100.0,US,USD,15550103587
ORD4588,2026-09-07 09:00:00,customer_3588@example.com,2,16.0,32.0,US,USD,15550103588
ORD4589,2026-09-07 09:15:00,customer_3589@example.com,2,30.0,60.0,US,USD,15550103589
ORD4590,2026-09-07 09:30:00,customer_3590@example.com,3,26.0,78.0,US,USD,15550103590
ORD4591,2026-09-07 09:45:00,customer_3591@example.com,4,23.0,92.0,US,USD,15550103591
ORD4592,2026-09-07 10:00:00,customer_3592@example.com,2,15.0,30.0,US,USD,15550103592
ORD4593,2026-09-07 10:15:00,customer_3593@example.com,5,11.0,55.0,US,USD,15550103593
ORD4594,2026-09-07 10:30:00,customer_3594@example.com,5,15.0,75.0,US,USD,15550103594
ORD4595,2026-09-07 10:45:00,customer_3595@example.com,4,29.0,116.0,US,USD,15550103595
ORD4596,2026-09-07 11:00:00,customer_3596@example.com,1,30.0,30.0,US,USD,15550103596
ORD4597,2026-09-07 11:15:00,customer_3597@example.com,3,21.0,63.0,US,USD,15550103597
ORD4598,2026-09-07 11:30:00,customer_3598@example.com,4,10.0,40.0,US,USD,15550103598
ORD4599,2026-09-07 11:45:00,customer_3599@example.com,5,17.0,85.0,US,USD,15550103599
ORD4600,2026-09-07 12:00:00,customer_3600@example.com,2,13.0,26.0,US,USD,15550103600
ORD4601,2026-09-07 12:15:00,customer_3601@example.com,5,13.0,65.0,US,USD,15550103601
ORD4602,2026-09-07 12:30:00,customer_3602@example.com,5,21.0,105.0,US,USD,15550103602
ORD4603,2026-09-07 12:45:00,customer_3603@example.com,5,26.0,130.0,US,USD,15550103603
ORD4604,2026-09-07 13:00:00,customer_3604@example.com,2,24.0,48.0,US,USD,15550103604
ORD4605,2026-09-07 13:15:00,customer_3605@example.com,2,18.0,36.0,US,USD,15550103605
ORD4606,2026-09-07 13:30:00,customer_3606@example.com,1,16.0,16.0,US,USD,15550103606
ORD4607,2026-09-07 13:45:00,customer_3607@example.com,1,14.0,14.0,US,USD,15550103607
ORD4608,2026-09-07 14:00:00,customer_3608@example.com,4,25.0,100.0,US,USD,15550103608
ORD4609,2026-09-07 14:15:00,customer_3609@example.com,2,15.0,30.0,US,USD,15550103609
ORD4610,2026-09-07 14:30:00,customer_3610@example.com,1,11.0,11.0,US,USD,15550103610
ORD4611,2026-09-07 14:45:00,customer_3611@example.com,3,19.0,57.0,US,USD,15550103611
ORD4612,2026-09-07 15:00:00,customer_3612@example.com,2,23.0,46.0,US,USD,15550103612
ORD4613,2026-09-07 15:15:00,customer_3613@example.com,3,20.0,60.0,US,USD,15550103613
ORD4614,2026-09-07 15:30:00,customer_3614@example.com,5,24.0,120.0,US,USD,15550103614
ORD4615,2026-09-07 15:45:00,customer_3615@example.com,1,13.0,13.0,US,USD,15550103615
ORD4616,2026-09-07 16:00:00,customer_3616@example.com,1,27.0,27.0,US,USD,15550103616
ORD4617,2026-09-07 16:15:00,customer_3617@example.com,2,15.0,30.0,US,USD,15550103617
ORD4618,2026-09-07 16:30:00,customer_3618@example.com,1,25.0,25.0,US,USD,15550103618
ORD4619,2026-09-07 16:45:00,customer_3619@example.com,5,13.0,65.0,US,USD,15550103619
ORD4620,2026-09-07 17:00:00,customer_3620@example.com,1,17.0,17.0,US,USD,15550103620
ORD4621,2026-09-07 17:15:00,customer_3621@example.com,4,28.0,112.0,US,USD,15550103621
ORD4622,2026-09-07 17:30:00,customer_3622@example.com,5,20.0,100.0,US,USD,15550103622
ORD4623,2026-09-07 17:45:00,customer_3623@example.com,4,16.0,64.0,US,USD,15550103623
ORD4624,2026-09-07 18:00:00,customer_3624@example.com,3,17.0,51.0,US,USD,15550103624
ORD4625,2026-09-07 18:15:00,customer_3625@example.com,1,20.0,20.0,US,USD,15550103625
ORD4626,2026-09-07 18:30:00,customer_3626@example.com,2,13.0,26.0,US,USD,15550103626
ORD4627,2026-09-07 18:45:00,customer_3627@example.com,2,23.0,46.0,US,USD,15550103627
ORD4628,2026-09-07 19:00:00,customer_3628@example.com,2,22.0,44.0,US,USD,15550103628
ORD4629,2026-09-07 19:15:00,customer_3629@example.com,2,12.0,24.0,US,USD,15550103629
ORD4630,2026-09-07 19:30:00,customer_3630@example.com,4,28.0,112.0,US,USD,15550103630
ORD4631,2026-09-07 19:45:00,customer_3631@example.com,4,11.0,44.0,US,USD,15550103631
ORD4632,2026-09-07 20:00:00,customer_3632@example.com,4,14.0,56.0,US,USD,15550103632
ORD4633,2026-09-07 20:15:00,customer_3633@example.com,2,29.0,58.0,US,USD,15550103633
ORD4634,2026-09-07 20:30:00,customer_3634@example.com,4,15.0,60.0,US,USD,15550103634
ORD4635,2026-09-07 20:45:00,customer_3635@example.com,4,21.0,84.0,US,USD,15550103635
ORD4636,2026-09-07 21:00:00,customer_3636@example.com,2,24.0,48.0,US,USD,15550103636
ORD4637,2026-09-07 21:15:00,customer_3637@example.com,2,30.0,60.0,US,USD,15550103637
ORD4638,2026-09-07 21:30:00,customer_3638@example.com,3,18.0,54.0,US,USD,15550103638
ORD4639,2026-09-07 21:45:00,customer_3639@example.com,2,20.0,40.0,US,USD,15550103639
ORD4640,2026-09-07 22:00:00,customer_3640@example.com,2,11.0,22.0,US,USD,15550103640
ORD4641,2026-09-07 22:15:00,customer_3641@example.com,5,11.0,55.0,US,USD,15550103641
ORD4642,2026-09-07 22:30:00,customer_3642@example.com,3,14.0,42.0,US,USD,15550103642
ORD4643,2026-09-07 22:45:00,customer_3643@example.com,1,24.0,24.0,US,USD,15550103643
ORD4644,2026-09-07 23:00:00,customer_3644@example.com,4,23.0,92.0,US,USD,15550103644
ORD4645,2026-09-07 23:15:00,customer_3645@example.com,2,20.0,40.0,US,USD,15550103645
ORD4646,2026-09-07 23:30:00,customer_3646@example.com,2,19.0,38.0,US,USD,15550103646
ORD4647,2026-09-07 23:45:00,customer_3647@example.com,5,15.0,75.0,US,USD,15550103647
ORD4648,2026-09-08 00:00:00,customer_3648@example.com,5,15.0,75.0,US,USD,15550103648
ORD4649,2026-09-08 00:15:00,customer_3649@example.com,5,27.0,135.0,US,USD,15550103649
ORD4650,2026-09-08 00:30:00,customer_3650@example.com,2,12.0,24.0,US,USD,15550103650
ORD4651,2026-09-08 00:45:00,customer_3651@example.com,4,26.0,104.0,US,USD,15550103651
ORD4652,2026-09-08 01:00:00,customer_3652@example.com,4,16.0,64.0,US,USD,15550103652
ORD4653,2026-09-08 01:15:00,customer_3653@example.com,5,25.0,125.0,US,USD,15550103653
ORD4654,2026-09-08 01:30:00,customer_3654@example.com,4,18.0,72.0,US,USD,15550103654
ORD4655,2026-09-08 01:45:00,customer_3655@example.com,1,23.0,23.0,US,USD,15550103655
ORD4656,2026-09-08 02:00:00,customer_3656@example.com,2,17.0,34.0,US,USD,15550103656
ORD4657,2026-09-08 02:15:00,customer_3657@example.com,3,23.0,69.0,US,USD,15550103657
ORD4658,2026-09-08 02:30:00,customer_3658@example.com,5,17.0,85.0,US,USD,15550103658
ORD4659,2026-09-08 02:45:00,customer_3659@example.com,5,14.0,70.0,US,USD,15550103659
ORD4660,2026-09-08 03:00:00,customer_3660@example.com,5,10.0,50.0,US,USD,15550103660
ORD4661,2026-09-08 03:15:00,customer_3661@example.com,4,11.0,44.0,US,USD,15550103661
ORD4662,2026-09-08 03:30:00,customer_3662@example.com,1,25.0,25.0,US,USD,15550103662
ORD4663,2026-09-08 03:45:00,customer_3663@example.com,5,11.0,55.0,US,USD,15550103663
ORD4664,2026-09-08 04:00:00,customer_3664@example.com,4,26.0,104.0,US,USD,15550103664
ORD4665,2026-09-08 04:15:00,customer_3665@example.com,4,25.0,100.0,US,USD,15550103665
ORD4666,2026-09-08 04:30:00,customer_3666@example.com,1,24.0,24.0,US,USD,15550103666
ORD4667,2026-09-08 04:45:00,customer_3667@example.com,4,17.0,68.0,US,USD,15550103667
ORD4668,2026-09-08 05:00:00,customer_3668@example.com,1,27.0,27.0,US,USD,15550103668
ORD4669,2026-09-08 05:15:00,customer_3669@example.com,1,23.0,23.0,US,USD,15550103669
ORD4670,2026-09-08 05:30:00,customer_3670@example.com,2,14.0,28.0,US,USD,15550103670
ORD4671,2026-09-08 05:45:00,customer_3671@example.com,3,19.0,57.0,US,USD,15550103671
ORD4672,2026-09-08 06:00:00,customer_3672@example.com,2,30.0,60.0,US,USD,15550103672
ORD4673,2026-09-08 06:15:00,customer_3673@example.com,1,10.0,10.0,US,USD,15550103673
ORD4674,2026-09-08 06:30:00,customer_3674@example.com,4,19.0,76.0,US,USD,15550103674
ORD4675,2026-09-08 06:45:00,customer_3675@example.com,2,24.0,48.0,US,USD,15550103675
ORD4676,2026-09-08 07:00:00,customer_3676@example.com,5,28.0,140.0,US,USD,15550103676
ORD4677,2026-09-08 07:15:00,customer_3677@example.com,1,24.0,24.0,US,USD,15550103677
ORD4678,2026-09-08 07:30:00,customer_3678@example.com,4,14.0,56.0,US,USD,15550103678
ORD4679,2026-09-08 07:45:00,customer_3679@example.com,4,15.0,60.0,US,USD,15550103679
ORD4680,2026-09-08 08:00:00,customer_3680@example.com,3,30.0,90.0,US,USD,15550103680
ORD4681,2026-09-08 08:15:00,customer_3681@example.com,4,30.0,120.0,US,USD,15550103681
ORD4682,2026-09-08 08:30:00,customer_3682@example.com,1,30.0,30.0,US,USD,15550103682
ORD4683,2026-09-08 08:45:00,customer_3683@example.com,1,22.0,22.0,US,USD,15550103683
ORD4684,2026-09-08 09:00:00,customer_3684@example.com,3,26.0,78.0,US,USD,15550103684
ORD4685,2026-09-08 09:15:00,customer_3685@example.com,1,19.0,19.0,US,USD,15550103685
ORD4686,2026-09-08 09:30:00,customer_3686@example.com,4,18.0,72.0,US,USD,15550103686
ORD4687,2026-09-08 09:45:00,customer_3687@example.com,5,27.0,135.0,US,USD,15550103687
ORD4688,2026-09-08 10:00:00,customer_3688@example.com,5,16.0,80.0,US,USD,15550103688
ORD4689,2026-09-08 10:15:00,customer_3689@example.com,1,29.0,29.0,US,USD,15550103689
ORD4690,2026-09-08 10:30:00,customer_3690@example.com,3,11.0,33.0,US,USD,15550103690
ORD4691,2026-09-08 10:45:00,customer_3691@example.com,5,21.0,105.0,US,USD,15550103691
ORD4692,2026-09-08 11:00:00,customer_3692@example.com,1,13.0,13.0,US,USD,15550103692
ORD4693,2026-09-08 11:15:00,customer_3693@example.com,4,21.0,84.0,US,USD,15550103693
ORD4694,2026-09-08 11:30:00,customer_3694@example.com,4,29.0,116.0,US,USD,15550103694
ORD4695,2026-09-08 11:45:00,customer_3695@example.com,1,21.0,21.0,US,USD,15550103695
ORD4696,2026-09-08 12:00:00,customer_3696@example.com,3,15.0,45.0,US,USD,15550103696
ORD4697,2026-09-08 12:15:00,customer_3697@example.com,5,12.0,60.0,US,USD,15550103697
ORD4698,2026-09-08 12:30:00,customer_3698@example.com,5,16.0,80.0,US,USD,15550103698
ORD4699,2026-09-08 12:45:00,customer_3699@example.com,2,20.0,40.0,US,USD,15550103699
ORD4700,2026-09-08 13:00:00,customer_3700@example.com,2,27.0,54.0,US,USD,15550103700
ORD4701,2026-09-08 13:15:00,customer_3701@example.com,1,30.0,30.0,US,USD,15550103701
ORD4702,2026-09-08 13:30:00,customer_3702@example.com,4,28.0,112.0,US,USD,15550103702
ORD4703,2026-09-08 13:45:00,customer_3703@example.com,2,17.0,34.0,US,USD,15550103703
ORD4704,2026-09-08 14:00:00,customer_3704@example.com,3,21.0,63.0,US,USD,15550103704
ORD4705,2026-09-08 14:15:00,customer_3705@example.com,3,26.0,78.0,US,USD,15550103705
ORD4706,2026-09-08 14:30:00,customer_3706@example.com,4,18.0,72.0,US,USD,15550103706
ORD4707,2026-09-08 14:45:00,customer_3707@example.com,1,12.0,12.0,US,USD,15550103707
ORD4708,2026-09-08 15:00:00,customer_3708@example.com,3,21.0,63.0,US,USD,15550103708
ORD4709,2026-09-08 15:15:00,customer_3709@example.com,4,25.0,100.0,US,USD,15550103709
ORD4710,2026-09-08 15:30:00,customer_3710@example.com,5,26.0,130.0,US,USD,15550103710
ORD4711,2026-09-08 15:45:00,customer_3711@example.com,1,25.0,25.0,US,USD,15550103711
ORD4712,2026-09-08 16:00:00,customer_3712@example.com,5,27.0,135.0,US,USD,15550103712
ORD4713,2026-09-08 16:15:00,customer_3713@example.com,3,24.0,72.0,US,USD,15550103713
ORD4714,2026-09-08 16:30:00,customer_3714@example.com,5,21.0,105.0,US,USD,15550103714
ORD4715,2026-09-08 16:45:00,customer_3715@example.com,1,16.0,16.0,US,USD,15550103715
ORD4716,2026-09-08 17:00:00,customer_3716@example.com,4,12.0,48.0,US,USD,15550103716
ORD4717,2026-09-08 17:15:00,customer_3717@example.com,1,22.0,22.0,US,USD,15550103717
ORD4718,2026-09-08 17:30:00,customer_3718@example.com,2,19.0,38.0,US,USD,15550103718
ORD4719,2026-09-08 17:45:00,customer_3719@example.com,1,13.0,13.0,US,USD,15550103719
ORD4720,2026-09-08 18:00:00,customer_3720@example.com,2,18.0,36.0,US,USD,15550103720
ORD4721,2026-09-08 18:15:00,customer_3721@example.com,1,14.0,14.0,US,USD,15550103721
ORD4722,2026-09-08 18:30:00,customer_3722@example.com,4,14.0,56.0,US,USD,15550103722
ORD4723,2026-09-08 18:45:00,customer_3723@example.com,2,26.0,52.0,US,USD,15550103723
ORD4724,2026-09-08 19:00:00,customer_3724@example.com,1,19.0,19.0,US,USD,15550103724
ORD4725,2026-09-08 19:15:00,customer_3725@example.com,4,27.0,108.0,US,USD,15550103725
ORD4726,2026-09-08 19:30:00,customer_3726@example.com,2,25.0,50.0,US,USD,15550103726
ORD4727,2026-09-08 19:45:00,customer_3727@example.com,3,23.0,69.0,US,USD,15550103727
ORD4728,2026-09-08 20:00:00,customer_3728@example.com,4,30.0,120.0,US,USD,15550103728
ORD4729,2026-09-08 20:15:00,customer_3729@example.com,1,19.0,19.0,US,USD,15550103729
ORD4730,2026-09-08 20:30:00,customer_3730@example.com,2,12.0,24.0,US,USD,15550103730
ORD4731,2026-09-08 20:45:00,customer_3731@example.com,1,17.0,17.0,US,USD,15550103731
ORD4732,2026-09-08 21:00:00,customer_3732@example.com,5,30.0,150.0,US,USD,15550103732
ORD4733,2026-09-08 21:15:00,customer_3733@example.com,3,23.0,69.0,US,USD,15550103733
ORD4734,2026-09-08 21:30:00,customer_3734@example.com,5,20.0,100.0,US,USD,15550103734
ORD4735,2026-09-08 21:45:00,customer_3735@example.com,3,25.0,75.0,US,USD,15550103735
ORD4736,2026-09-08 22:00:00,customer_3736@example.com,5,26.0,130.0,US,USD,15550103736
ORD4737,2026-09-08 22:15:00,customer_3737@example.com,5,24.0,120.0,US,USD,15550103737
ORD4738,2026-09-08 22:30:00,customer_3738@example.com,4,19.0,76.0,US,USD,15550103738
ORD4739,2026-09-08 22:45:00,customer_3739@example.com,5,14.0,70.0,US,USD,15550103739
ORD4740,2026-09-08 23:00:00,customer_3740@example.com,3,15.0,45.0,US,USD,15550103740
ORD4741,2026-09-08 23:15:00,customer_3741@example.com,3,17.0,51.0,US,USD,15550103741
ORD4742,2026-09-08 23:30:00,customer_3742@example.com,4,21.0,84.0,US,USD,15550103742
ORD4743,2026-09-08 23:45:00,customer_3743@example.com,3,11.0,33.0,US,USD,15550103743
ORD4744,2026-09-09 00:00:00,customer_3744@example.com,2,21.0,42.0,US,USD,15550103744
ORD4745,2026-09-09 00:15:00,customer_3745@example.com,3,24.0,72.0,US,USD,15550103745
ORD4746,2026-09-09 00:30:00,customer_3746@example.com,2,29.0,58.0,US,USD,15550103746
ORD4747,2026-09-09 00:45:00,customer_3747@example.com,2,27.0,54.0,US,USD,15550103747
ORD4748,2026-09-09 01:00:00,customer_3748@example.com,3,15.0,45.0,US,USD,15550103748
ORD4749,2026-09-09 01:15:00,customer_3749@example.com,2,14.0,28.0,US,USD,15550103749
ORD4750,2026-09-09 01:30:00,customer_3750@example.com,2,17.0,34.0,US,USD,15550103750
ORD4751,2026-09-09 01:45:00,customer_3751@example.com,1,11.0,11.0,US,USD,15550103751
ORD4752,2026-09-09 02:00:00,customer_3752@example.com,3,28.0,84.0,US,USD,15550103752
ORD4753,2026-09-09 02:15:00,customer_3753@example.com,2,24.0,48.0,US,USD,15550103753
ORD4754,2026-09-09 02:30:00,customer_3754@example.com,3,21.0,63.0,US,USD,15550103754
ORD4755,2026-09-09 02:45:00,customer_3755@example.com,2,16.0,32.0,US,USD,15550103755
ORD4756,2026-09-09 03:00:00,customer_3756@example.com,5,11.0,55.0,US,USD,15550103756
ORD4757,2026-09-09 03:15:00,customer_3757@example.com,3,21.0,63.0,US,USD,15550103757
ORD4758,2026-09-09 03:30:00,customer_3758@example.com,2,21.0,42.0,US,USD,15550103758
ORD4759,2026-09-09 03:45:00,customer_3759@example.com,4,27.0,108.0,US,USD,15550103759
ORD4760,2026-09-09 04:00:00,customer_3760@example.com,2,27.0,54.0,US,USD,15550103760
ORD4761,2026-09-09 04:15:00,customer_3761@example.com,3,13.0,39.0,US,USD,15550103761
ORD4762,2026-09-09 04:30:00,customer_3762@example.com,1,22.0,22.0,US,USD,15550103762
ORD4763,2026-09-09 04:45:00,customer_3763@example.com,4,14.0,56.0,US,USD,15550103763
ORD4764,2026-09-09 05:00:00,customer_3764@example.com,4,20.0,80.0,US,USD,15550103764
ORD4765,2026-09-09 05:15:00,customer_3765@example.com,2,10.0,20.0,US,USD,15550103765
ORD4766,2026-09-09 05:30:00,customer_3766@example.com,5,26.0,130.0,US,USD,15550103766
ORD4767,2026-09-09 05:45:00,customer_3767@example.com,3,30.0,90.0,US,USD,15550103767
ORD4768,2026-09-09 06:00:00,customer_3768@example.com,3,25.0,75.0,US,USD,15550103768
ORD4769,2026-09-09 06:15:00,customer_3769@example.com,3,28.0,84.0,US,USD,15550103769
ORD4770,2026-09-09 06:30:00,customer_3770@example.com,2,28.0,56.0,US,USD,15550103770
ORD4771,2026-09-09 06:45:00,customer_3771@example.com,4,20.0,80.0,US,USD,15550103771
ORD4772,2026-09-09 07:00:00,customer_3772@example.com,1,25.0,25.0,US,USD,15550103772
ORD4773,2026-09-09 07:15:00,customer_3773@example.com,1,14.0,14.0,US,USD,15550103773
ORD4774,2026-09-09 07:30:00,customer_3774@example.com,5,13.0,65.0,US,USD,15550103774
ORD4775,2026-09-09 07:45:00,customer_3775@example.com,3,10.0,30.0,US,USD,15550103775
ORD4776,2026-09-09 08:00:00,customer_3776@example.com,4,29.0,116.0,US,USD,15550103776
ORD4777,2026-09-09 08:15:00,customer_3777@example.com,2,24.0,48.0,US,USD,15550103777
ORD4778,2026-09-09 08:30:00,customer_3778@example.com,3,12.0,36.0,US,USD,15550103778
ORD4779,2026-09-09 08:45:00,customer_3779@example.com,3,11.0,33.0,US,USD,15550103779
ORD4780,2026-09-09 09:00:00,customer_3780@example.com,5,30.0,150.0,US,USD,15550103780
ORD4781,2026-09-09 09:15:00,customer_3781@example.com,2,28.0,56.0,US,USD,15550103781
ORD4782,2026-09-09 09:30:00,customer_3782@example.com,5,17.0,85.0,US,USD,15550103782
ORD4783,2026-09-09 09:45:00,customer_3783@example.com,3,16.0,48.0,US,USD,15550103783
ORD4784,2026-09-09 10:00:00,customer_3784@example.com,1,12.0,12.0,US,USD,15550103784
ORD4785,2026-09-09 10:15:00,customer_3785@example.com,5,24.0,120.0,US,USD,15550103785
ORD4786,2026-09-09 10:30:00,customer_3786@example.com,1,26.0,26.0,US,USD,15550103786
ORD4787,2026-09-09 10:45:00,customer_3787@example.com,4,16.0,64.0,US,USD,15550103787
ORD4788,2026-09-09 11:00:00,customer_3788@example.com,4,20.0,80.0,US,USD,15550103788
ORD4789,2026-09-09 11:15:00,customer_3789@example.com,5,29.0,145.0,US,USD,15550103789
ORD4790,2026-09-09 11:30:00,customer_3790@example.com,5,11.0,55.0,US,USD,15550103790
ORD4791,2026-09-09 11:45:00,customer_3791@example.com,3,22.0,66.0,US,USD,15550103791
ORD4792,2026-09-09 12:00:00,customer_3792@example.com,2,23.0,46.0,US,USD,15550103792
ORD4793,2026-09-09 12:15:00,customer_3793@example.com,3,22.0,66.0,US,USD,15550103793
ORD4794,2026-09-09 12:30:00,customer_3794@example.com,3,10.0,30.0,US,USD,15550103794
ORD4795,2026-09-09 12:45:00,customer_3795@example.com,3,21.0,63.0,US,USD,15550103795
ORD4796,2026-09-09 13:00:00,customer_3796@example.com,3,19.0,57.0,US,USD,15550103796
ORD4797,2026-09-09 13:15:00,customer_3797@example.com,4,27.0,108.0,US,USD,15550103797
ORD4798,2026-09-09 13:30:00,customer_3798@example.com,1,16.0,16.0,US,USD,15550103798
ORD4799,2026-09-09 13:45:00,customer_3799@example.com,4,23.0,92.0,US,USD,15550103799
ORD4800,2026-09-09 14:00:00,customer_3800@example.com,4,19.0,76.0,US,USD,15550103800
ORD4801,2026-09-09 14:15:00,customer_3801@example.com,2,23.0,46.0,US,USD,15550103801
ORD4802,2026-09-09 14:30:00,customer_3802@example.com,4,14.0,56.0,US,USD,15550103802
ORD4803,2026-09-09 14:45:00,customer_3803@example.com,5,29.0,145.0,US,USD,15550103803
ORD4804,2026-09-09 15:00:00,customer_3804@example.com,1,14.0,14.0,US,USD,15550103804
ORD4805,2026-09-09 15:15:00,customer_3805@example.com,2,19.0,38.0,US,USD,15550103805
ORD4806,2026-09-09 15:30:00,customer_3806@example.com,4,26.0,104.0,US,USD,15550103806
ORD4807,2026-09-09 15:45:00,customer_3807@example.com,3,12.0,36.0,US,USD,15550103807
ORD4808,2026-09-09 16:00:00,customer_3808@example.com,5,22.0,110.0,US,USD,15550103808
ORD4809,2026-09-09 16:15:00,customer_3809@example.com,1,10.0,10.0,US,USD,15550103809
ORD4810,2026-09-09 16:30:00,customer_3810@example.com,4,30.0,120.0,US,USD,15550103810
ORD4811,2026-09-09 16:45:00,customer_3811@example.com,3,23.0,69.0,US,USD,15550103811
ORD4812,2026-09-09 17:00:00,customer_3812@example.com,2,27.0,54.0,US,USD,15550103812
ORD4813,2026-09-09 17:15:00,customer_3813@example.com,4,28.0,112.0,US,USD,15550103813
ORD4814,2026-09-09 17:30:00,customer_3814@example.com,2,16.0,32.0,US,USD,15550103814
ORD4815,2026-09-09 17:45:00,customer_3815@example.com,2,22.0,44.0,US,USD,15550103815
ORD4816,2026-09-09 18:00:00,customer_3816@example.com,3,27.0,81.0,US,USD,15550103816
ORD4817,2026-09-09 18:15:00,customer_3817@example.com,4,11.0,44.0,US,USD,15550103817
ORD4818,2026-09-09 18:30:00,customer_3818@example.com,3,28.0,84.0,US,USD,15550103818
ORD4819,2026-09-09 18:45:00,customer_3819@example.com,3,25.0,75.0,US,USD,15550103819
ORD4820,2026-09-09 19:00:00,customer_3820@example.com,5,24.0,120.0,US,USD,15550103820
ORD4821,2026-09-09 19:15:00,customer_3821@example.com,2,10.0,20.0,US,USD,15550103821
ORD4822,2026-09-09 19:30:00,customer_3822@example.com,1,14.0,14.0,US,USD,15550103822
ORD4823,2026-09-09 19:45:00,customer_3823@example.com,3,19.0,57.0,US,USD,15550103823
ORD4824,2026-09-09 20:00:00,customer_3824@example.com,4,13.0,52.0,US,USD,15550103824
ORD4825,2026-09-09 20:15:00,customer_3825@example.com,3,23.0,69.0,US,USD,15550103825
ORD4826,2026-09-09 20:30:00,customer_3826@example.com,2,25.0,50.0,US,USD,15550103826
ORD4827,2026-09-09 20:45:00,customer_3827@example.com,2,10.0,20.0,US,USD,15550103827
ORD4828,2026-09-09 21:00:00,customer_3828@example.com,1,18.0,18.0,US,USD,15550103828
ORD4829,2026-09-09 21:15:00,customer_3829@example.com,4,12.0,48.0,US,USD,15550103829
ORD4830,2026-09-09 21:30:00,customer_3830@example.com,5,21.0,105.0,US,USD,15550103830
ORD4831,2026-09-09 21:45:00,customer_3831@example.com,5,25.0,125.0,US,USD,15550103831
ORD4832,2026-09-09 22:00:00,customer_3832@example.com,5,23.0,115.0,US,USD,15550103832
ORD4833,2026-09-09 22:15:00,customer_3833@example.com,3,30.0,90.0,US,USD,15550103833
ORD4834,2026-09-09 22:30:00,customer_3834@example.com,4,13.0,52.0,US,USD,15550103834
ORD4835,2026-09-09 22:45:00,customer_3835@example.com,3,26.0,78.0,US,USD,15550103835
ORD4836,2026-09-09 23:00:00,customer_3836@example.com,5,10.0,50.0,US,USD,15550103836
ORD4837,2026-09-09 23:15:00,customer_3837@example.com,3,15.0,45.0,US,USD,15550103837
ORD4838,2026-09-09 23:30:00,customer_3838@example.com,5,11.0,55.0,US,USD,15550103838
ORD4839,2026-09-09 23:45:00,customer_3839@example.com,2,20.0,40.0,US,USD,15550103839
ORD4840,2026-09-10 00:00:00,customer_3840@example.com,4,14.0,56.0,US,USD,15550103840
ORD4841,2026-09-10 00:15:00,customer_3841@example.com,3,15.0,45.0,US,USD,15550103841
ORD4842,2026-09-10 00:30:00,customer_3842@example.com,1,18.0,18.0,US,USD,15550103842
ORD4843,2026-09-10 00:45:00,customer_3843@example.com,3,23.0,69.0,US,USD,15550103843
ORD4844,2026-09-10 01:00:00,customer_3844@example.com,3,11.0,33.0,US,USD,15550103844
ORD4845,2026-09-10 01:15:00,customer_3845@example.com,3,19.0,57.0,US,USD,15550103845
ORD4846,2026-09-10 01:30:00,customer_3846@example.com,5,30.0,150.0,US,USD,15550103846
ORD4847,2026-09-10 01:45:00,customer_3847@example.com,1,26.0,26.0,US,USD,15550103847
ORD4848,2026-09-10 02:00:00,customer_3848@example.com,2,30.0,60.0,US,USD,15550103848
ORD4849,2026-09-10 02:15:00,customer_3849@example.com,2,13.0,26.0,US,USD,15550103849
ORD4850,2026-09-10 02:30:00,customer_3850@example.com,5,15.0,75.0,US,USD,15550103850
ORD4851,2026-09-10 02:45:00,customer_3851@example.com,5,20.0,100.0,US,USD,15550103851
ORD4852,2026-09-10 03:00:00,customer_3852@example.com,3,19.0,57.0,US,USD,15550103852
ORD4853,2026-09-10 03:15:00,customer_3853@example.com,3,21.0,63.0,US,USD,15550103853
ORD4854,2026-09-10 03:30:00,customer_3854@example.com,1,27.0,27.0,US,USD,15550103854
ORD4855,2026-09-10 03:45:00,customer_3855@example.com,5,21.0,105.0,US,USD,15550103855
ORD4856,2026-09-10 04:00:00,customer_3856@example.com,2,10.0,20.0,US,USD,15550103856
ORD4857,2026-09-10 04:15:00,customer_3857@example.com,2,26.0,52.0,US,USD,15550103857
ORD4858,2026-09-10 04:30:00,customer_3858@example.com,3,21.0,63.0,US,USD,15550103858
ORD4859,2026-09-10 04:45:00,customer_3859@example.com,4,23.0,92.0,US,USD,15550103859
ORD4860,2026-09-10 05:00:00,customer_3860@example.com,3,15.0,45.0,US,USD,15550103860
ORD4861,2026-09-10 05:15:00,customer_3861@example.com,1,16.0,16.0,US,USD,15550103861
ORD4862,2026-09-10 05:30:00,customer_3862@example.com,2,26.0,52.0,US,USD,15550103862
ORD4863,2026-09-10 05:45:00,customer_3863@example.com,2,16.0,32.0,US,USD,15550103863
ORD4864,2026-09-10 06:00:00,customer_3864@example.com,5,29.0,145.0,US,USD,15550103864
ORD4865,2026-09-10 06:15:00,customer_3865@example.com,5,27.0,135.0,US,USD,15550103865
ORD4866,2026-09-10 06:30:00,customer_3866@example.com,5,13.0,65.0,US,USD,15550103866
ORD4867,2026-09-10 06:45:00,customer_3867@example.com,4,24.0,96.0,US,USD,15550103867
ORD4868,2026-09-10 07:00:00,customer_3868@example.com,1,13.0,13.0,US,USD,15550103868
ORD4869,2026-09-10 07:15:00,customer_3869@example.com,2,10.0,20.0,US,USD,15550103869
ORD4870,2026-09-10 07:30:00,customer_3870@example.com,4,21.0,84.0,US,USD,15550103870
ORD4871,2026-09-10 07:45:00,customer_3871@example.com,3,21.0,63.0,US,USD,15550103871
ORD4872,2026-09-10 08:00:00,customer_3872@example.com,2,24.0,48.0,US,USD,15550103872
ORD4873,2026-09-10 08:15:00,customer_3873@example.com,5,26.0,130.0,US,USD,15550103873
ORD4874,2026-09-10 08:30:00,customer_3874@example.com,3,15.0,45.0,US,USD,15550103874
ORD4875,2026-09-10 08:45:00,customer_3875@example.com,3,10.0,30.0,US,USD,15550103875
ORD4876,2026-09-10 09:00:00,customer_3876@example.com,1,17.0,17.0,US,USD,15550103876
ORD4877,2026-09-10 09:15:00,customer_3877@example.com,2,14.0,28.0,US,USD,15550103877
ORD4878,2026-09-10 09:30:00,customer_3878@example.com,2,19.0,38.0,US,USD,15550103878
ORD4879,2026-09-10 09:45:00,customer_3879@example.com,2,16.0,32.0,US,USD,15550103879
ORD4880,2026-09-10 10:00:00,customer_3880@example.com,2,12.0,24.0,US,USD,15550103880
ORD4881,2026-09-10 10:15:00,customer_3881@example.com,4,13.0,52.0,US,USD,15550103881
ORD4882,2026-09-10 10:30:00,customer_3882@example.com,1,10.0,10.0,US,USD,15550103882
ORD4883,2026-09-10 10:45:00,customer_3883@example.com,4,23.0,92.0,US,USD,15550103883
ORD4884,2026-09-10 11:00:00,customer_3884@example.com,1,16.0,16.0,US,USD,15550103884
ORD4885,2026-09-10 11:15:00,customer_3885@example.com,1,11.0,11.0,US,USD,15550103885
ORD4886,2026-09-10 11:30:00,customer_3886@example.com,5,28.0,140.0,US,USD,15550103886
ORD4887,2026-09-10 11:45:00,customer_3887@example.com,1,25.0,25.0,US,USD,15550103887
ORD4888,2026-09-10 12:00:00,customer_3888@example.com,1,18.0,18.0,US,USD,15550103888
ORD4889,2026-09-10 12:15:00,customer_3889@example.com,1,12.0,12.0,US,USD,15550103889
ORD4890,2026-09-10 12:30:00,customer_3890@example.com,3,10.0,30.0,US,USD,15550103890
ORD4891,2026-09-10 12:45:00,customer_3891@example.com,1,13.0,13.0,US,USD,15550103891
ORD4892,2026-09-10 13:00:00,customer_3892@example.com,5,16.0,80.0,US,USD,15550103892
ORD4893,2026-09-10 13:15:00,customer_3893@example.com,5,16.0,80.0,US,USD,15550103893
ORD4894,2026-09-10 13:30:00,customer_3894@example.com,2,21.0,42.0,US,USD,15550103894
ORD4895,2026-09-10 13:45:00,customer_3895@example.com,1,12.0,12.0,US,USD,15550103895
ORD4896,2026-09-10 14:00:00,customer_3896@example.com,2,18.0,36.0,US,USD,15550103896
ORD4897,2026-09-10 14:15:00,customer_3897@example.com,5,21.0,105.0,US,USD,15550103897
ORD4898,2026-09-10 14:30:00,customer_3898@example.com,3,15.0,45.0,US,USD,15550103898
ORD4899,2026-09-10 14:45:00,customer_3899@example.com,5,29.0,145.0,US,USD,15550103899
ORD4900,2026-09-10 15:00:00,customer_3900@example.com,2,26.0,52.0,US,USD,15550103900
ORD4901,2026-09-10 15:15:00,customer_3901@example.com,5,12.0,60.0,US,USD,15550103901
ORD4902,2026-09-10 15:30:00,customer_3902@example.com,1,28.0,28.0,US,USD,15550103902
ORD4903,2026-09-10 15:45:00,customer_3903@example.com,1,26.0,26.0,US,USD,15550103903
ORD4904,2026-09-10 16:00:00,customer_3904@example.com,2,16.0,32.0,US,USD,15550103904
ORD4905,2026-09-10 16:15:00,customer_3905@example.com,3,15.0,45.0,US,USD,15550103905
ORD4906,2026-09-10 16:30:00,customer_3906@example.com,5,10.0,50.0,US,USD,15550103906
ORD4907,2026-09-10 16:45:00,customer_3907@example.com,1,16.0,16.0,US,USD,15550103907
ORD4908,2026-09-10 17:00:00,customer_3908@example.com,5,25.0,125.0,US,USD,15550103908
ORD4909,2026-09-10 17:15:00,customer_3909@example.com,3,28.0,84.0,US,USD,15550103909
ORD4910,2026-09-10 17:30:00,customer_3910@example.com,2,24.0,48.0,US,USD,15550103910
ORD4911,2026-09-10 17:45:00,customer_3911@example.com,1,15.0,15.0,US,USD,15550103911
ORD4912,2026-09-10 18:00:00,customer_3912@example.com,3,22.0,66.0,US,USD,15550103912
ORD4913,2026-09-10 18:15:00,customer_3913@example.com,4,16.0,64.0,US,USD,15550103913
ORD4914,2026-09-10 18:30:00,customer_3914@example.com,5,17.0,85.0,US,USD,15550103914
ORD4915,2026-09-10 18:45:00,customer_3915@example.com,4,13.0,52.0,US,USD,15550103915
ORD4916,2026-09-10 19:00:00,customer_3916@example.com,3,13.0,39.0,US,USD,15550103916
ORD4917,2026-09-10 19:15:00,customer_3917@example.com,4,13.0,52.0,US,USD,15550103917
ORD4918,2026-09-10 19:30:00,customer_3918@example.com,5,14.0,70.0,US,USD,15550103918
ORD4919,2026-09-10 19:45:00,customer_3919@example.com,4,21.0,84.0,US,USD,15550103919
ORD4920,2026-09-10 20:00:00,customer_3920@example.com,3,27.0,81.0,US,USD,15550103920
ORD4921,2026-09-10 20:15:00,customer_3921@example.com,1,12.0,12.0,US,USD,15550103921
ORD4922,2026-09-10 20:30:00,customer_3922@example.com,3,25.0,75.0,US,USD,15550103922
ORD4923,2026-09-10 20:45:00,customer_3923@example.com,1,22.0,22.0,US,USD,15550103923
ORD4924,2026-09-10 21:00:00,customer_3924@example.com,3,24.0,72.0,US,USD,15550103924
ORD4925,2026-09-10 21:15:00,customer_3925@example.com,5,19.0,95.0,US,USD,15550103925
ORD4926,2026-09-10 21:30:00,customer_3926@example.com,4,17.0,68.0,US,USD,15550103926
ORD4927,2026-09-10 21:45:00,customer_3927@example.com,5,23.0,115.0,US,USD,15550103927
ORD4928,2026-09-10 22:00:00,customer_3928@example.com,3,23.0,69.0,US,USD,15550103928
ORD4929,2026-09-10 22:15:00,customer_3929@example.com,2,12.0,24.0,US,USD,15550103929
ORD4930,2026-09-10 22:30:00,customer_3930@example.com,4,21.0,84.0,US,USD,15550103930
ORD4931,2026-09-10 22:45:00,customer_3931@example.com,2,10.0,20.0,US,USD,15550103931
ORD4932,2026-09-10 23:00:00,customer_3932@example.com,4,13.0,52.0,US,USD,15550103932
ORD4933,2026-09-10 23:15:00,customer_3933@example.com,4,24.0,96.0,US,USD,15550103933
ORD4934,2026-09-10 23:30:00,customer_3934@example.com,5,12.0,60.0,US,USD,15550103934
ORD4935,2026-09-10 23:45:00,customer_3935@example.com,1,14.0,14.0,US,USD,15550103935
ORD4936,2026-09-11 00:00:00,customer_3936@example.com,4,22.0,88.0,US,USD,15550103936
ORD4937,2026-09-11 00:15:00,customer_3937@example.com,5,13.0,65.0,US,USD,15550103937
ORD4938,2026-09-11 00:30:00,customer_3938@example.com,2,12.0,24.0,US,USD,15550103938
ORD4939,2026-09-11 00:45:00,customer_3939@example.com,3,16.0,48.0,US,USD,15550103939
ORD4940,2026-09-11 01:00:00,customer_3940@example.com,3,16.0,48.0,US,USD,15550103940
ORD4941,2026-09-11 01:15:00,customer_3941@example.com,5,22.0,110.0,US,USD,15550103941
ORD4942,2026-09-11 01:30:00,customer_3942@example.com,1,17.0,17.0,US,USD,15550103942
ORD4943,2026-09-11 01:45:00,customer_3943@example.com,4,25.0,100.0,US,USD,15550103943
ORD4944,2026-09-11 02:00:00,customer_3944@example.com,3,28.0,84.0,US,USD,15550103944
ORD4945,2026-09-11 02:15:00,customer_3945@example.com,5,18.0,90.0,US,USD,15550103945
ORD4946,2026-09-11 02:30:00,customer_3946@example.com,4,21.0,84.0,US,USD,15550103946
ORD4947,2026-09-11 02:45:00,customer_3947@example.com,4,29.0,116.0,US,USD,15550103947
ORD4948,2026-09-11 03:00:00,customer_3948@example.com,4,25.0,100.0,US,USD,15550103948
ORD4949,2026-09-11 03:15:00,customer_3949@example.com,5,18.0,90.0,US,USD,15550103949
ORD4950,2026-09-11 03:30:00,customer_3950@example.com,2,24.0,48.0,US,USD,15550103950
ORD4951,2026-09-11 03:45:00,customer_3951@example.com,1,13.0,13.0,US,USD,15550103951
ORD4952,2026-09-11 04:00:00,customer_3952@example.com,3,25.0,75.0,US,USD,15550103952
ORD4953,2026-09-11 04:15:00,customer_3953@example.com,4,17.0,68.0,US,USD,15550103953
ORD4954,2026-09-11 04:30:00,customer_3954@example.com,2,10.0,20.0,US,USD,15550103954
ORD4955,2026-09-11 04:45:00,customer_3955@example.com,1,11.0,11.0,US,USD,15550103955
ORD4956,2026-09-11 05:00:00,customer_3956@example.com,1,25.0,25.0,US,USD,15550103956
ORD4957,2026-09-11 05:15:00,customer_3957@example.com,1,15.0,15.0,US,USD,15550103957
ORD4958,2026-09-11 05:30:00,customer_3958@example.com,4,29.0,116.0,US,USD,15550103958
ORD4959,2026-09-11 05:45:00,customer_3959@example.com,3,14.0,42.0,US,USD,15550103959
ORD4960,2026-09-11 06:00:00,customer_3960@example.com,3,29.0,87.0,US,USD,15550103960
ORD4961,2026-09-11 06:15:00,customer_3961@example.com,5,13.0,65.0,US,USD,15550103961
ORD4962,2026-09-11 06:30:00,customer_3962@example.com,1,26.0,26.0,US,USD,15550103962
ORD4963,2026-09-11 06:45:00,customer_3963@example.com,4,24.0,96.0,US,USD,15550103963
ORD4964,2026-09-11 07:00:00,customer_3964@example.com,2,19.0,38.0,US,USD,15550103964
ORD4965,2026-09-11 07:15:00,customer_3965@example.com,4,25.0,100.0,US,USD,15550103965
ORD4966,2026-09-11 07:30:00,customer_3966@example.com,5,18.0,90.0,US,USD,15550103966
ORD4967,2026-09-11 07:45:00,customer_3967@example.com,5,20.0,100.0,US,USD,15550103967
ORD4968,2026-09-11 08:00:00,customer_3968@example.com,5,27.0,135.0,US,USD,15550103968
ORD4969,2026-09-11 08:15:00,customer_3969@example.com,1,11.0,11.0,US,USD,15550103969
ORD4970,2026-09-11 08:30:00,customer_3970@example.com,4,13.0,52.0,US,USD,15550103970
ORD4971,2026-09-11 08:45:00,customer_3971@example.com,4,24.0,96.0,US,USD,15550103971
ORD4972,2026-09-11 09:00:00,customer_3972@example.com,3,22.0,66.0,US,USD,15550103972
ORD4973,2026-09-11 09:15:00,customer_3973@example.com,4,24.0,96.0,US,USD,15550103973
ORD4974,2026-09-11 09:30:00,customer_3974@example.com,1,11.0,11.0,US,USD,15550103974
ORD4975,2026-09-11 09:45:00,customer_3975@example.com,2,27.0,54.0,US,USD,15550103975
ORD4976,2026-09-11 10:00:00,customer_3976@example.com,3,15.0,45.0,US,USD,15550103976
ORD4977,2026-09-11 10:15:00,customer_3977@example.com,4,23.0,92.0,US,USD,15550103977
ORD4978,2026-09-11 10:30:00,customer_3978@example.com,2,19.0,38.0,US,USD,15550103978
ORD4979,2026-09-11 10:45:00,customer_3979@example.com,4,25.0,100.0,US,USD,15550103979
ORD4980,2026-09-11 11:00:00,customer_3980@example.com,1,28.0,28.0,US,USD,15550103980
ORD4981,2026-09-11 11:15:00,customer_3981@example.com,4,27.0,108.0,US,USD,15550103981
ORD4982,2026-09-11 11:30:00,customer_3982@example.com,5,28.0,140.0,US,USD,15550103982
ORD4983,2026-09-11 11:45:00,customer_3983@example.com,4,25.0,100.0,US,USD,15550103983
ORD4984,2026-09-11 12:00:00,customer_3984@example.com,5,15.0,75.0,US,USD,15550103984
ORD4985,2026-09-11 12:15:00,customer_3985@example.com,5,11.0,55.0,US,USD,15550103985
ORD4986,2026-09-11 12:30:00,customer_3986@example.com,4,18.0,72.0,US,USD,15550103986
ORD4987,2026-09-11 12:45:00,customer_3987@example.com,4,28.0,112.0,US,USD,15550103987
ORD4988,2026-09-11 13:00:00,customer_3988@example.com,4,29.0,116.0,US,USD,15550103988
ORD4989,2026-09-11 13:15:00,customer_3989@example.com,3,19.0,57.0,US,USD,15550103989
ORD4990,2026-09-11 13:30:00,customer_3990@example.com,3,11.0,33.0,US,USD,15550103990
ORD4991,2026-09-11 13:45:00,customer_3991@example.com,1,28.0,28.0,US,USD,15550103991
ORD4992,2026-09-11 14:00:00,customer_3992@example.com,1,14.0,14.0,US,USD,15550103992
ORD4993,2026-09-11 14:15:00,customer_3993@example.com,3,21.0,63.0,US,USD,15550103993
ORD4994,2026-09-11 14:30:00,customer_3994@example.com,5,10.0,50.0,US,USD,15550103994
ORD4995,2026-09-11 14:45:00,customer_3995@example.com,3,22.0,66.0,US,USD,15550103995
ORD4996,2026-09-11 15:00:00,customer_3996@example.com,1,23.0,23.0,US,USD,15550103996
ORD4997,2026-09-11 15:15:00,customer_3997@example.com,3,21.0,63.0,US,USD,15550103997
ORD4998,2026-09-11 15:30:00,customer_3998@example.com,4,21.0,84.0,US,USD,15550103998
ORD4999,2026-09-11 15:45:00,customer_3999@example.com,1,17.0,17.0,US,USD,15550103999
ORD5000,2026-09-11 16:00:00,customer_4000@example.com,2,17.0,34.0,US,USD,15550104000
ORD5001,2026-09-11 16:15:00,customer_4001@example.com,3,28.0,84.0,US,USD,15550104001
ORD5002,2026-09-11 16:30:00,customer_4002@example.com,1,12.0,12.0,US,USD,15550104002
ORD5003,2026-09-11 16:45:00,customer_4003@example.com,3,13.0,39.0,US,USD,15550104003
ORD5004,2026-09-11 17:00:00,customer_4004@example.com,3,15.0,45.0,US,USD,15550104004
ORD5005,2026-09-11 17:15:00,customer_4005@example.com,1,27.0,27.0,US,USD,15550104005
ORD5006,2026-09-11 17:30:00,customer_4006@example.com,3,11.0,33.0,US,USD,15550104006
ORD5007,2026-09-11 17:45:00,customer_4007@example.com,4,23.0,92.0,US,USD,15550104007
ORD5008,2026-09-11 18:00:00,customer_4008@example.com,5,26.0,130.0,US,USD,15550104008
ORD5009,2026-09-11 18:15:00,customer_4009@example.com,4,18.0,72.0,US,USD,15550104009
ORD5010,2026-09-11 18:30:00,customer_4010@example.com,1,25.0,25.0,US,USD,15550104010
ORD5011,2026-09-11 18:45:00,customer_4011@example.com,5,10.0,50.0,US,USD,15550104011
ORD5012,2026-09-11 19:00:00,customer_4012@example.com,3,22.0,66.0,US,USD,15550104012
ORD5013,2026-09-11 19:15:00,customer_4013@example.com,5,22.0,110.0,US,USD,15550104013
ORD5014,2026-09-11 19:30:00,customer_4014@example.com,3,28.0,84.0,US,USD,15550104014
ORD5015,2026-09-11 19:45:00,customer_4015@example.com,1,25.0,25.0,US,USD,15550104015
ORD5016,2026-09-11 20:00:00,customer_4016@example.com,1,16.0,16.0,US,USD,15550104016
ORD5017,2026-09-11 20:15:00,customer_4017@example.com,3,25.0,75.0,US,USD,15550104017
ORD5018,2026-09-11 20:30:00,customer_4018@example.com,5,20.0,100.0,US,USD,15550104018
ORD5019,2026-09-11 20:45:00,customer_4019@example.com,2,29.0,58.0,US,USD,15550104019
ORD5020,2026-09-11 21:00:00,customer_4020@example.com,3,21.0,63.0,US,USD,15550104020
ORD5021,2026-09-11 21:15:00,customer_4021@example.com,4,16.0,64.0,US,USD,15550104021
ORD5022,2026-09-11 21:30:00,customer_4022@example.com,4,30.0,120.0,US,USD,15550104022
ORD5023,2026-09-11 21:45:00,customer_4023@example.com,1,27.0,27.0,US,USD,15550104023
ORD5024,2026-09-11 22:00:00,customer_4024@example.com,2,19.0,38.0,US,USD,15550104024
ORD5025,2026-09-11 22:15:00,customer_4025@example.com,3,11.0,33.0,US,USD,15550104025
ORD5026,2026-09-11 22:30:00,customer_4026@example.com,3,28.0,84.0,US,USD,15550104026
ORD5027,2026-09-11 22:45:00,customer_4027@example.com,4,17.0,68.0,US,USD,15550104027
ORD5028,2026-09-11 23:00:00,customer_4028@example.com,5,12.0,60.0,US,USD,15550104028
ORD5029,2026-09-11 23:15:00,customer_4029@example.com,5,13.0,65.0,US,USD,15550104029
ORD5030,2026-09-11 23:30:00,customer_4030@example.com,5,20.0,100.0,US,USD,15550104030
ORD5031,2026-09-11 23:45:00,customer_4031@example.com,3,12.0,36.0,US,USD,15550104031
ORD5032,2026-09-12 00:00:00,customer_4032@example.com,5,26.0,130.0,US,USD,15550104032
ORD5033,2026-09-12 00:15:00,customer_4033@example.com,4,23.0,92.0,US,USD,15550104033
ORD5034,2026-09-12 00:30:00,customer_4034@example.com,2,21.0,42.0,US,USD,15550104034
ORD5035,2026-09-12 00:45:00,customer_4035@example.com,1,30.0,30.0,US,USD,15550104035
ORD5036,2026-09-12 01:00:00,customer_4036@example.com,3,26.0,78.0,US,USD,15550104036
ORD5037,2026-09-12 01:15:00,customer_4037@example.com,3,23.0,69.0,US,USD,15550104037
ORD5038,2026-09-12 01:30:00,customer_4038@example.com,5,20.0,100.0,US,USD,15550104038
ORD5039,2026-09-12 01:45:00,customer_4039@example.com,2,23.0,46.0,US,USD,15550104039
ORD5040,2026-09-12 02:00:00,customer_4040@example.com,4,18.0,72.0,US,USD,15550104040
ORD5041,2026-09-12 02:15:00,customer_4041@example.com,5,26.0,130.0,US,USD,15550104041
ORD5042,2026-09-12 02:30:00,customer_4042@example.com,4,27.0,108.0,US,USD,15550104042
ORD5043,2026-09-12 02:45:00,customer_4043@example.com,2,10.0,20.0,US,USD,15550104043
ORD5044,2026-09-12 03:00:00,customer_4044@example.com,5,15.0,75.0,US,USD,15550104044
ORD5045,2026-09-12 03:15:00,customer_4045@example.com,5,25.0,125.0,US,USD,15550104045
ORD5046,2026-09-12 03:30:00,customer_4046@example.com,2,24.0,48.0,US,USD,15550104046
ORD5047,2026-09-12 03:45:00,customer_4047@example.com,3,30.0,90.0,US,USD,15550104047
ORD5048,2026-09-12 04:00:00,customer_4048@example.com,5,29.0,145.0,US,USD,15550104048
ORD5049,2026-09-12 04:15:00,customer_4049@example.com,4,28.0,112.0,US,USD,15550104049
ORD5050,2026-09-12 04:30:00,customer_4050@example.com,1,26.0,26.0,US,USD,15550104050
ORD5051,2026-09-12 04:45:00,customer_4051@example.com,2,21.0,42.0,US,USD,15550104051
ORD5052,2026-09-12 05:00:00,customer_4052@example.com,4,14.0,56.0,US,USD,15550104052
ORD5053,2026-09-12 05:15:00,customer_4053@example.com,2,14.0,28.0,US,USD,15550104053
ORD5054,2026-09-12 05:30:00,customer_4054@example.com,3,23.0,69.0,US,USD,15550104054
ORD5055,2026-09-12 05:45:00,customer_4055@example.com,4,20.0,80.0,US,USD,15550104055
ORD5056,2026-09-12 06:00:00,customer_4056@example.com,1,30.0,30.0,US,USD,15550104056
ORD5057,2026-09-12 06:15:00,customer_4057@example.com,2,23.0,46.0,US,USD,15550104057
ORD5058,2026-09-12 06:30:00,customer_4058@example.com,3,19.0,57.0,US,USD,15550104058
ORD5059,2026-09-12 06:45:00,customer_4059@example.com,2,18.0,36.0,US,USD,15550104059
ORD5060,2026-09-12 07:00:00,customer_4060@example.com,5,17.0,85.0,US,USD,15550104060
ORD5061,2026-09-12 07:15:00,customer_4061@example.com,4,17.0,68.0,US,USD,15550104061
ORD5062,2026-09-12 07:30:00,customer_4062@example.com,1,14.0,14.0,US,USD,15550104062
ORD5063,2026-09-12 07:45:00,customer_4063@example.com,2,10.0,20.0,US,USD,15550104063
ORD5064,2026-09-12 08:00:00,customer_4064@example.com,2,19.0,38.0,US,USD,15550104064
ORD5065,2026-09-12 08:15:00,customer_4065@example.com,4,25.0,100.0,US,USD,15550104065
ORD5066,2026-09-12 08:30:00,customer_4066@example.com,5,23.0,115.0,US,USD,15550104066
ORD5067,2026-09-12 08:45:00,customer_4067@example.com,4,30.0,120.0,US,USD,15550104067
ORD5068,2026-09-12 09:00:00,customer_4068@example.com,1,16.0,16.0,US,USD,15550104068
ORD5069,2026-09-12 09:15:00,customer_4069@example.com,2,18.0,36.0,US,USD,15550104069
ORD5070,2026-09-12 09:30:00,customer_4070@example.com,2,10.0,20.0,US,USD,15550104070
ORD5071,2026-09-12 09:45:00,customer_4071@example.com,3,18.0,54.0,US,USD,15550104071
ORD5072,2026-09-12 10:00:00,customer_4072@example.com,5,15.0,75.0,US,USD,15550104072
ORD5073,2026-09-12 10:15:00,customer_4073@example.com,1,25.0,25.0,US,USD,15550104073
ORD5074,2026-09-12 10:30:00,customer_4074@example.com,1,11.0,11.0,US,USD,15550104074
ORD5075,2026-09-12 10:45:00,customer_4075@example.com,1,20.0,20.0,US,USD,15550104075
ORD5076,2026-09-12 11:00:00,customer_4076@example.com,5,19.0,95.0,US,USD,15550104076
ORD5077,2026-09-12 11:15:00,customer_4077@example.com,1,23.0,23.0,US,USD,15550104077
ORD5078,2026-09-12 11:30:00,customer_4078@example.com,3,12.0,36.0,US,USD,15550104078
ORD5079,2026-09-12 11:45:00,customer_4079@example.com,4,14.0,56.0,US,USD,15550104079
ORD5080,2026-09-12 12:00:00,customer_4080@example.com,2,13.0,26.0,US,USD,15550104080
ORD5081,2026-09-12 12:15:00,customer_4081@example.com,5,26.0,130.0,US,USD,15550104081
ORD5082,2026-09-12 12:30:00,customer_4082@example.com,1,26.0,26.0,US,USD,15550104082
ORD5083,2026-09-12 12:45:00,customer_4083@example.com,5,26.0,130.0,US,USD,15550104083
ORD5084,2026-09-12 13:00:00,customer_4084@example.com,3,25.0,75.0,US,USD,15550104084
ORD5085,2026-09-12 13:15:00,customer_4085@example.com,1,17.0,17.0,US,USD,15550104085
ORD5086,2026-09-12 13:30:00,customer_4086@example.com,5,13.0,65.0,US,USD,15550104086
ORD5087,2026-09-12 13:45:00,customer_4087@example.com,3,20.0,60.0,US,USD,15550104087
ORD5088,2026-09-12 14:00:00,customer_4088@example.com,5,22.0,110.0,US,USD,15550104088
ORD5089,2026-09-12 14:15:00,customer_4089@example.com,2,23.0,46.0,US,USD,15550104089
ORD5090,2026-09-12 14:30:00,customer_4090@example.com,2,14.0,28.0,US,USD,15550104090
ORD5091,2026-09-12 14:45:00,customer_4091@example.com,1,15.0,15.0,US,USD,15550104091
ORD5092,2026-09-12 15:00:00,customer_4092@example.com,2,18.0,36.0,US,USD,15550104092
ORD5093,2026-09-12 15:15:00,customer_4093@example.com,4,23.0,92.0,US,USD,15550104093
ORD5094,2026-09-12 15:30:00,customer_4094@example.com,3,28.0,84.0,US,USD,15550104094
ORD5095,2026-09-12 15:45:00,customer_4095@example.com,1,25.0,25.0,US,USD,15550104095
ORD5096,2026-09-12 16:00:00,customer_4096@example.com,5,21.0,105.0,US,USD,15550104096
ORD5097,2026-09-12 16:15:00,customer_4097@example.com,1,20.0,20.0,US,USD,15550104097
ORD5098,2026-09-12 16:30:00,customer_4098@example.com,5,23.0,115.0,US,USD,15550104098
ORD5099,2026-09-12 16:45:00,customer_4099@example.com,4,17.0,68.0,US,USD,15550104099
ORD5100,2026-09-12 17:00:00,customer_4100@example.com,3,14.0,42.0,US,USD,15550104100
ORD5101,2026-09-12 17:15:00,customer_4101@example.com,3,25.0,75.0,US,USD,15550104101
ORD5102,2026-09-12 17:30:00,customer_4102@example.com,3,19.0,57.0,US,USD,15550104102
ORD5103,2026-09-12 17:45:00,customer_4103@example.com,1,30.0,30.0,US,USD,15550104103
ORD5104,2026-09-12 18:00:00,customer_4104@example.com,5,11.0,55.0,US,USD,15550104104
ORD5105,2026-09-12 18:15:00,customer_4105@example.com,1,17.0,17.0,US,USD,15550104105
ORD5106,2026-09-12 18:30:00,customer_4106@example.com,3,27.0,81.0,US,USD,15550104106
ORD5107,2026-09-12 18:45:00,customer_4107@example.com,4,19.0,76.0,US,USD,15550104107
ORD5108,2026-09-12 19:00:00,customer_4108@example.com,3,13.0,39.0,US,USD,15550104108
ORD5109,2026-09-12 19:15:00,customer_4109@example.com,5,17.0,85.0,US,USD,15550104109
ORD5110,2026-09-12 19:30:00,customer_4110@example.com,4,22.0,88.0,US,USD,15550104110
ORD5111,2026-09-12 19:45:00,customer_4111@example.com,1,22.0,22.0,US,USD,15550104111
ORD5112,2026-09-12 20:00:00,customer_4112@example.com,3,19.0,57.0,US,USD,15550104112
ORD5113,2026-09-12 20:15:00,customer_4113@example.com,1,17.0,17.0,US,USD,15550104113
ORD5114,2026-09-12 20:30:00,customer_4114@example.com,3,16.0,48.0,US,USD,15550104114
ORD5115,2026-09-12 20:45:00,customer_4115@example.com,2,24.0,48.0,US,USD,15550104115
ORD5116,2026-09-12 21:00:00,customer_4116@example.com,3,30.0,90.0,US,USD,15550104116
ORD5117,2026-09-12 21:15:00,customer_4117@example.com,4,11.0,44.0,US,USD,15550104117
ORD5118,2026-09-12 21:30:00,customer_4118@example.com,3,12.0,36.0,US,USD,15550104118
ORD5119,2026-09-12 21:45:00,customer_4119@example.com,4,25.0,100.0,US,USD,15550104119
ORD5120,2026-09-12 22:00:00,customer_4120@example.com,4,20.0,80.0,US,USD,15550104120
ORD5121,2026-09-12 22:15:00,customer_4121@example.com,4,13.0,52.0,US,USD,15550104121
ORD5122,2026-09-12 22:30:00,customer_4122@example.com,2,18.0,36.0,US,USD,15550104122
ORD5123,2026-09-12 22:45:00,customer_4123@example.com,5,12.0,60.0,US,USD,15550104123
ORD5124,2026-09-12 23:00:00,customer_4124@example.com,3,23.0,69.0,US,USD,15550104124
ORD5125,2026-09-12 23:15:00,customer_4125@example.com,5,27.0,135.0,US,USD,15550104125
ORD5126,2026-09-12 23:30:00,customer_4126@example.com,3,24.0,72.0,US,USD,15550104126
ORD5127,2026-09-12 23:45:00,customer_4127@example.com,1,11.0,11.0,US,USD,15550104127
ORD5128,2026-09-13 00:00:00,customer_4128@example.com,2,30.0,60.0,US,USD,15550104128
ORD5129,2026-09-13 00:15:00,customer_4129@example.com,4,30.0,120.0,US,USD,15550104129
ORD5130,2026-09-13 00:30:00,customer_4130@example.com,2,10.0,20.0,US,USD,15550104130
ORD5131,2026-09-13 00:45:00,customer_4131@example.com,4,16.0,64.0,US,USD,15550104131
ORD5132,2026-09-13 01:00:00,customer_4132@example.com,3,20.0,60.0,US,USD,15550104132
ORD5133,2026-09-13 01:15:00,customer_4133@example.com,5,12.0,60.0,US,USD,15550104133
ORD5134,2026-09-13 01:30:00,customer_4134@example.com,1,15.0,15.0,US,USD,15550104134
ORD5135,2026-09-13 01:45:00,customer_4135@example.com,2,26.0,52.0,US,USD,15550104135
ORD5136,2026-09-13 02:00:00,customer_4136@example.com,2,29.0,58.0,US,USD,15550104136
ORD5137,2026-09-13 02:15:00,customer_4137@example.com,4,20.0,80.0,US,USD,15550104137
ORD5138,2026-09-13 02:30:00,customer_4138@example.com,4,25.0,100.0,US,USD,15550104138
ORD5139,2026-09-13 02:45:00,customer_4139@example.com,2,18.0,36.0,US,USD,15550104139
ORD5140,2026-09-13 03:00:00,customer_4140@example.com,2,28.0,56.0,US,USD,15550104140
ORD5141,2026-09-13 03:15:00,customer_4141@example.com,3,19.0,57.0,US,USD,15550104141
ORD5142,2026-09-13 03:30:00,customer_4142@example.com,2,12.0,24.0,US,USD,15550104142
ORD5143,2026-09-13 03:45:00,customer_4143@example.com,4,21.0,84.0,US,USD,15550104143
ORD5144,2026-09-13 04:00:00,customer_4144@example.com,2,22.0,44.0,US,USD,15550104144
ORD5145,2026-09-13 04:15:00,customer_4145@example.com,4,28.0,112.0,US,USD,15550104145
ORD5146,2026-09-13 04:30:00,customer_4146@example.com,2,10.0,20.0,US,USD,15550104146
ORD5147,2026-09-13 04:45:00,customer_4147@example.com,1,27.0,27.0,US,USD,15550104147
ORD5148,2026-09-13 05:00:00,customer_4148@example.com,5,30.0,150.0,US,USD,15550104148
ORD5149,2026-09-13 05:15:00,customer_4149@example.com,2,12.0,24.0,US,USD,15550104149
ORD5150,2026-09-13 05:30:00,customer_4150@example.com,4,16.0,64.0,US,USD,15550104150
ORD5151,2026-09-13 05:45:00,customer_4151@example.com,3,15.0,45.0,US,USD,15550104151
ORD5152,2026-09-13 06:00:00,customer_4152@example.com,1,22.0,22.0,US,USD,15550104152
ORD5153,2026-09-13 06:15:00,customer_4153@example.com,5,23.0,115.0,US,USD,15550104153
ORD5154,2026-09-13 06:30:00,customer_4154@example.com,5,18.0,90.0,US,USD,15550104154
ORD5155,2026-09-13 06:45:00,customer_4155@example.com,2,12.0,24.0,US,USD,15550104155
ORD5156,2026-09-13 07:00:00,customer_4156@example.com,3,15.0,45.0,US,USD,15550104156
ORD5157,2026-09-13 07:15:00,customer_4157@example.com,5,13.0,65.0,US,USD,15550104157
ORD5158,2026-09-13 07:30:00,customer_4158@example.com,1,26.0,26.0,US,USD,15550104158
ORD5159,2026-09-13 07:45:00,customer_4159@example.com,4,24.0,96.0,US,USD,15550104159
ORD5160,2026-09-13 08:00:00,customer_4160@example.com,4,13.0,52.0,US,USD,15550104160
ORD5161,2026-09-13 08:15:00,customer_4161@example.com,2,16.0,32.0,US,USD,15550104161
ORD5162,2026-09-13 08:30:00,customer_4162@example.com,2,18.0,36.0,US,USD,15550104162
ORD5163,2026-09-13 08:45:00,customer_4163@example.com,3,25.0,75.0,US,USD,15550104163
ORD5164,2026-09-13 09:00:00,customer_4164@example.com,4,14.0,56.0,US,USD,15550104164
ORD5165,2026-09-13 09:15:00,customer_4165@example.com,4,16.0,64.0,US,USD,15550104165
ORD5166,2026-09-13 09:30:00,customer_4166@example.com,5,16.0,80.0,US,USD,15550104166
ORD5167,2026-09-13 09:45:00,customer_4167@example.com,3,16.0,48.0,US,USD,15550104167
ORD5168,2026-09-13 10:00:00,customer_4168@example.com,4,15.0,60.0,US,USD,15550104168
ORD5169,2026-09-13 10:15:00,customer_4169@example.com,4,14.0,56.0,US,USD,15550104169
ORD5170,2026-09-13 10:30:00,customer_4170@example.com,1,19.0,19.0,US,USD,15550104170
ORD5171,2026-09-13 10:45:00,customer_4171@example.com,3,17.0,51.0,US,USD,15550104171
ORD5172,2026-09-13 11:00:00,customer_4172@example.com,5,24.0,120.0,US,USD,15550104172
ORD5173,2026-09-13 11:15:00,customer_4173@example.com,2,21.0,42.0,US,USD,15550104173
ORD5174,2026-09-13 11:30:00,customer_4174@example.com,5,30.0,150.0,US,USD,15550104174
ORD5175,2026-09-13 11:45:00,customer_4175@example.com,4,12.0,48.0,US,USD,15550104175
ORD5176,2026-09-13 12:00:00,customer_4176@example.com,1,25.0,25.0,US,USD,15550104176
ORD5177,2026-09-13 12:15:00,customer_4177@example.com,2,20.0,40.0,US,USD,15550104177
ORD5178,2026-09-13 12:30:00,customer_4178@example.com,4,16.0,64.0,US,USD,15550104178
ORD5179,2026-09-13 12:45:00,customer_4179@example.com,4,23.0,92.0,US,USD,15550104179
ORD5180,2026-09-13 13:00:00,customer_4180@example.com,5,18.0,90.0,US,USD,15550104180
ORD5181,2026-09-13 13:15:00,customer_4181@example.com,1,13.0,13.0,US,USD,15550104181
ORD5182,2026-09-13 13:30:00,customer_4182@example.com,5,11.0,55.0,US,USD,15550104182
ORD5183,2026-09-13 13:45:00,customer_4183@example.com,1,20.0,20.0,US,USD,15550104183
ORD5184,2026-09-13 14:00:00,customer_4184@example.com,2,25.0,50.0,US,USD,15550104184
ORD5185,2026-09-13 14:15:00,customer_4185@example.com,3,29.0,87.0,US,USD,15550104185
ORD5186,2026-09-13 14:30:00,customer_4186@example.com,5,11.0,55.0,US,USD,15550104186
ORD5187,2026-09-13 14:45:00,customer_4187@example.com,1,18.0,18.0,US,USD,15550104187
ORD5188,2026-09-13 15:00:00,customer_4188@example.com,5,29.0,145.0,US,USD,15550104188
ORD5189,2026-09-13 15:15:00,customer_4189@example.com,4,19.0,76.0,US,USD,15550104189
ORD5190,2026-09-13 15:30:00,customer_4190@example.com,4,21.0,84.0,US,USD,15550104190
ORD5191,2026-09-13 15:45:00,customer_4191@example.com,2,27.0,54.0,US,USD,15550104191
ORD5192,2026-09-13 16:00:00,customer_4192@example.com,1,28.0,28.0,US,USD,15550104192
ORD5193,2026-09-13 16:15:00,customer_4193@example.com,2,18.0,36.0,US,USD,15550104193
ORD5194,2026-09-13 16:30:00,customer_4194@example.com,2,26.0,52.0,US,USD,15550104194
ORD5195,2026-09-13 16:45:00,customer_4195@example.com,4,20.0,80.0,US,USD,15550104195
ORD5196,2026-09-13 17:00:00,customer_4196@example.com,4,14.0,56.0,US,USD,15550104196
ORD5197,2026-09-13 17:15:00,customer_4197@example.com,1,20.0,20.0,US,USD,15550104197
ORD5198,2026-09-13 17:30:00,customer_4198@example.com,5,23.0,115.0,US,USD,15550104198
ORD5199,2026-09-13 17:45:00,customer_4199@example.com,2,18.0,36.0,US,USD,15550104199
ORD5200,2026-09-13 18:00:00,customer_4200@example.com,1,20.0,20.0,US,USD,15550104200
ORD5201,2026-09-13 18:15:00,customer_4201@example.com,1,14.0,14.0,US,USD,15550104201
ORD5202,2026-09-13 18:30:00,customer_4202@example.com,4,18.0,72.0,US,USD,15550104202
ORD5203,2026-09-13 18:45:00,customer_4203@example.com,3,23.0,69.0,US,USD,15550104203
ORD5204,2026-09-13 19:00:00,customer_4204@example.com,3,18.0,54.0,US,USD,15550104204
ORD5205,2026-09-13 19:15:00,customer_4205@example.com,5,18.0,90.0,US,USD,15550104205
ORD5206,2026-09-13 19:30:00,customer_4206@example.com,5,20.0,100.0,US,USD,15550104206
ORD5207,2026-09-13 19:45:00,customer_4207@example.com,4,15.0,60.0,US,USD,15550104207
ORD5208,2026-09-13 20:00:00,customer_4208@example.com,3,25.0,75.0,US,USD,15550104208
ORD5209,2026-09-13 20:15:00,customer_4209@example.com,2,27.0,54.0,US,USD,15550104209
ORD5210,2026-09-13 20:30:00,customer_4210@example.com,4,11.0,44.0,US,USD,15550104210
ORD5211,2026-09-13 20:45:00,customer_4211@example.com,2,14.0,28.0,US,USD,15550104211
ORD5212,2026-09-13 21:00:00,customer_4212@example.com,1,17.0,17.0,US,USD,15550104212
ORD5213,2026-09-13 21:15:00,customer_4213@example.com,2,11.0,22.0,US,USD,15550104213
ORD5214,2026-09-13 21:30:00,customer_4214@example.com,4,18.0,72.0,US,USD,15550104214
ORD5215,2026-09-13 21:45:00,customer_4215@example.com,2,24.0,48.0,US,USD,15550104215
ORD5216,2026-09-13 22:00:00,customer_4216@example.com,4,13.0,52.0,US,USD,15550104216
ORD5217,2026-09-13 22:15:00,customer_4217@example.com,4,11.0,44.0,US,USD,15550104217
ORD5218,2026-09-13 22:30:00,customer_4218@example.com,4,21.0,84.0,US,USD,15550104218
ORD5219,2026-09-13 22:45:00,customer_4219@example.com,5,25.0,125.0,US,USD,15550104219
ORD5220,2026-09-13 23:00:00,customer_4220@example.com,4,25.0,100.0,US,USD,15550104220
ORD5221,2026-09-13 23:15:00,customer_4221@example.com,1,14.0,14.0,US,USD,15550104221
ORD5222,2026-09-13 23:30:00,customer_4222@example.com,1,21.0,21.0,US,USD,15550104222
ORD5223,2026-09-13 23:45:00,customer_4223@example.com,1,16.0,16.0,US,USD,15550104223
ORD5224,2026-09-14 00:00:00,customer_4224@example.com,3,15.0,45.0,US,USD,15550104224
ORD5225,2026-09-14 00:15:00,customer_4225@example.com,2,26.0,52.0,US,USD,15550104225
ORD5226,2026-09-14 00:30:00,customer_4226@example.com,3,28.0,84.0,US,USD,15550104226
ORD5227,2026-09-14 00:45:00,customer_4227@example.com,5,16.0,80.0,US,USD,15550104227
ORD5228,2026-09-14 01:00:00,customer_4228@example.com,5,10.0,50.0,US,USD,15550104228
ORD5229,2026-09-14 01:15:00,customer_4229@example.com,5,28.0,140.0,US,USD,15550104229
ORD5230,2026-09-14 01:30:00,customer_4230@example.com,2,23.0,46.0,US,USD,15550104230
ORD5231,2026-09-14 01:45:00,customer_4231@example.com,1,17.0,17.0,US,USD,15550104231
ORD5232,2026-09-14 02:00:00,customer_4232@example.com,4,13.0,52.0,US,USD,15550104232
ORD5233,2026-09-14 02:15:00,customer_4233@example.com,3,10.0,30.0,US,USD,15550104233
ORD5234,2026-09-14 02:30:00,customer_4234@example.com,3,13.0,39.0,US,USD,15550104234
ORD5235,2026-09-14 02:45:00,customer_4235@example.com,4,21.0,84.0,US,USD,15550104235
ORD5236,2026-09-14 03:00:00,customer_4236@example.com,5,13.0,65.0,US,USD,15550104236
ORD5237,2026-09-14 03:15:00,customer_4237@example.com,3,14.0,42.0,US,USD,15550104237
ORD5238,2026-09-14 03:30:00,customer_4238@example.com,1,12.0,12.0,US,USD,15550104238
ORD5239,2026-09-14 03:45:00,customer_4239@example.com,4,25.0,100.0,US,USD,15550104239
ORD5240,2026-09-14 04:00:00,customer_4240@example.com,4,30.0,120.0,US,USD,15550104240
ORD5241,2026-09-14 04:15:00,customer_4241@example.com,3,29.0,87.0,US,USD,15550104241
ORD5242,2026-09-14 04:30:00,customer_4242@example.com,1,20.0,20.0,US,USD,15550104242
ORD5243,2026-09-14 04:45:00,customer_4243@example.com,1,30.0,30.0,US,USD,15550104243
ORD5244,2026-09-14 05:00:00,customer_4244@example.com,5,24.0,120.0,US,USD,15550104244
ORD5245,2026-09-14 05:15:00,customer_4245@example.com,3,28.0,84.0,US,USD,15550104245
ORD5246,2026-09-14 05:30:00,customer_4246@example.com,2,16.0,32.0,US,USD,15550104246
ORD5247,2026-09-14 05:45:00,customer_4247@example.com,1,30.0,30.0,US,USD,15550104247
ORD5248,2026-09-14 06:00:00,customer_4248@example.com,3,20.0,60.0,US,USD,15550104248
ORD5249,2026-09-14 06:15:00,customer_4249@example.com,1,12.0,12.0,US,USD,15550104249
ORD5250,2026-09-14 06:30:00,customer_4250@example.com,5,29.0,145.0,US,USD,15550104250
ORD5251,2026-09-14 06:45:00,customer_4251@example.com,4,12.0,48.0,US,USD,15550104251
ORD5252,2026-09-14 07:00:00,customer_4252@example.com,4,18.0,72.0,US,USD,15550104252
ORD5253,2026-09-14 07:15:00,customer_4253@example.com,2,17.0,34.0,US,USD,15550104253
ORD5254,2026-09-14 07:30:00,customer_4254@example.com,4,12.0,48.0,US,USD,15550104254
ORD5255,2026-09-14 07:45:00,customer_4255@example.com,1,16.0,16.0,US,USD,15550104255
ORD5256,2026-09-14 08:00:00,customer_4256@example.com,2,22.0,44.0,US,USD,15550104256
ORD5257,2026-09-14 08:15:00,customer_4257@example.com,4,19.0,76.0,US,USD,15550104257
ORD5258,2026-09-14 08:30:00,customer_4258@example.com,2,13.0,26.0,US,USD,15550104258
ORD5259,2026-09-14 08:45:00,customer_4259@example.com,3,25.0,75.0,US,USD,15550104259
ORD5260,2026-09-14 09:00:00,customer_4260@example.com,4,19.0,76.0,US,USD,15550104260
ORD5261,2026-09-14 09:15:00,customer_4261@example.com,5,14.0,70.0,US,USD,15550104261
ORD5262,2026-09-14 09:30:00,customer_4262@example.com,3,13.0,39.0,US,USD,15550104262
ORD5263,2026-09-14 09:45:00,customer_4263@example.com,3,26.0,78.0,US,USD,15550104263
ORD5264,2026-09-14 10:00:00,customer_4264@example.com,2,25.0,50.0,US,USD,15550104264
ORD5265,2026-09-14 10:15:00,customer_4265@example.com,4,22.0,88.0,US,USD,15550104265
ORD5266,2026-09-14 10:30:00,customer_4266@example.com,4,18.0,72.0,US,USD,15550104266
ORD5267,2026-09-14 10:45:00,customer_4267@example.com,5,29.0,145.0,US,USD,15550104267
ORD5268,2026-09-14 11:00:00,customer_4268@example.com,4,12.0,48.0,US,USD,15550104268
ORD5269,2026-09-14 11:15:00,customer_4269@example.com,4,21.0,84.0,US,USD,15550104269
ORD5270,2026-09-14 11:30:00,customer_4270@example.com,5,15.0,75.0,US,USD,15550104270
ORD5271,2026-09-14 11:45:00,customer_4271@example.com,4,30.0,120.0,US,USD,15550104271
ORD5272,2026-09-14 12:00:00,customer_4272@example.com,4,12.0,48.0,US,USD,15550104272
ORD5273,2026-09-14 12:15:00,customer_4273@example.com,1,26.0,26.0,US,USD,15550104273
ORD5274,2026-09-14 12:30:00,customer_4274@example.com,3,24.0,72.0,US,USD,15550104274
ORD5275,2026-09-14 12:45:00,customer_4275@example.com,2,30.0,60.0,US,USD,15550104275
ORD5276,2026-09-14 13:00:00,customer_4276@example.com,2,25.0,50.0,US,USD,15550104276
ORD5277,2026-09-14 13:15:00,customer_4277@example.com,5,30.0,150.0,US,USD,15550104277
ORD5278,2026-09-14 13:30:00,customer_4278@example.com,5,12.0,60.0,US,USD,15550104278
ORD5279,2026-09-14 13:45:00,customer_4279@example.com,3,24.0,72.0,US,USD,15550104279
ORD5280,2026-09-14 14:00:00,customer_4280@example.com,4,12.0,48.0,US,USD,15550104280
ORD5281,2026-09-14 14:15:00,customer_4281@example.com,4,19.0,76.0,US,USD,15550104281
ORD5282,2026-09-14 14:30:00,customer_4282@example.com,2,14.0,28.0,US,USD,15550104282
ORD5283,2026-09-14 14:45:00,customer_4283@example.com,3,17.0,51.0,US,USD,15550104283
ORD5284,2026-09-14 15:00:00,customer_4284@example.com,5,23.0,115.0,US,USD,15550104284
ORD5285,2026-09-14 15:15:00,customer_4285@example.com,3,28.0,84.0,US,USD,15550104285
ORD5286,2026-09-14 15:30:00,customer_4286@example.com,1,27.0,27.0,US,USD,15550104286
ORD5287,2026-09-14 15:45:00,customer_4287@example.com,1,11.0,11.0,US,USD,15550104287
ORD5288,2026-09-14 16:00:00,customer_4288@example.com,5,13.0,65.0,US,USD,15550104288
ORD5289,2026-09-14 16:15:00,customer_4289@example.com,5,23.0,115.0,US,USD,15550104289
ORD5290,2026-09-14 16:30:00,customer_4290@example.com,4,13.0,52.0,US,USD,15550104290
ORD5291,2026-09-14 16:45:00,customer_4291@example.com,4,28.0,112.0,US,USD,15550104291
ORD5292,2026-09-14 17:00:00,customer_4292@example.com,3,21.0,63.0,US,USD,15550104292
ORD5293,2026-09-14 17:15:00,customer_4293@example.com,3,28.0,84.0,US,USD,15550104293
ORD5294,2026-09-14 17:30:00,customer_4294@example.com,1,26.0,26.0,US,USD,15550104294
ORD5295,2026-09-14 17:45:00,customer_4295@example.com,1,13.0,13.0,US,USD,15550104295
ORD5296,2026-09-14 18:00:00,customer_4296@example.com,4,15.0,60.0,US,USD,15550104296
ORD5297,2026-09-14 18:15:00,customer_4297@example.com,2,22.0,44.0,US,USD,15550104297
ORD5298,2026-09-14 18:30:00,customer_4298@example.com,1,12.0,12.0,US,USD,15550104298
ORD5299,2026-09-14 18:45:00,customer_4299@example.com,4,19.0,76.0,US,USD,15550104299
ORD5300,2026-09-14 19:00:00,customer_4300@example.com,3,28.0,84.0,US,USD,15550104300
ORD5301,2026-09-14 19:15:00,customer_4301@example.com,4,24.0,96.0,US,USD,15550104301
ORD5302,2026-09-14 19:30:00,customer_4302@example.com,5,18.0,90.0,US,USD,15550104302
ORD5303,2026-09-14 19:45:00,customer_4303@example.com,3,15.0,45.0,US,USD,15550104303
ORD5304,2026-09-14 20:00:00,customer_4304@example.com,2,15.0,30.0,US,USD,15550104304
ORD5305,2026-09-14 20:15:00,customer_4305@example.com,1,29.0,29.0,US,USD,15550104305
ORD5306,2026-09-14 20:30:00,customer_4306@example.com,3,13.0,39.0,US,USD,15550104306
ORD5307,2026-09-14 20:45:00,customer_4307@example.com,4,27.0,108.0,US,USD,15550104307
ORD5308,2026-09-14 21:00:00,customer_4308@example.com,1,10.0,10.0,US,USD,15550104308
ORD5309,2026-09-14 21:15:00,customer_4309@example.com,4,13.0,52.0,US,USD,15550104309
ORD5310,2026-09-14 21:30:00,customer_4310@example.com,1,15.0,15.0,US,USD,15550104310
ORD5311,2026-09-14 21:45:00,customer_4311@example.com,4,24.0,96.0,US,USD,15550104311
ORD5312,2026-09-14 22:00:00,customer_4312@example.com,4,29.0,116.0,US,USD,15550104312
ORD5313,2026-09-14 22:15:00,customer_4313@example.com,4,19.0,76.0,US,USD,15550104313
ORD5314,2026-09-14 22:30:00,customer_4314@example.com,5,29.0,145.0,US,USD,15550104314
ORD5315,2026-09-14 22:45:00,customer_4315@example.com,3,22.0,66.0,US,USD,15550104315
ORD5316,2026-09-14 23:00:00,customer_4316@example.com,3,12.0,36.0,US,USD,15550104316
ORD5317,2026-09-14 23:15:00,customer_4317@example.com,2,14.0,28.0,US,USD,15550104317
ORD5318,2026-09-14 23:30:00,customer_4318@example.com,1,16.0,16.0,US,USD,15550104318
ORD5319,2026-09-14 23:45:00,customer_4319@example.com,1,10.0,10.0,US,USD,15550104319
ORD5320,2026-09-15 00:00:00,customer_4320@example.com,2,10.0,20.0,US,USD,15550104320
ORD5321,2026-09-15 00:15:00,customer_4321@example.com,2,25.0,50.0,US,USD,15550104321
ORD5322,2026-09-15 00:30:00,customer_4322@example.com,2,30.0,60.0,US,USD,15550104322
ORD5323,2026-09-15 00:45:00,customer_4323@example.com,2,23.0,46.0,US,USD,15550104323
ORD5324,2026-09-15 01:00:00,customer_4324@example.com,5,16.0,80.0,US,USD,15550104324
ORD5325,2026-09-15 01:15:00,customer_4325@example.com,1,19.0,19.0,US,USD,15550104325
ORD5326,2026-09-15 01:30:00,customer_4326@example.com,4,14.0,56.0,US,USD,15550104326
ORD5327,2026-09-15 01:45:00,customer_4327@example.com,4,23.0,92.0,US,USD,15550104327
ORD5328,2026-09-15 02:00:00,customer_4328@example.com,1,13.0,13.0,US,USD,15550104328
ORD5329,2026-09-15 02:15:00,customer_4329@example.com,2,14.0,28.0,US,USD,15550104329
ORD5330,2026-09-15 02:30:00,customer_4330@example.com,4,25.0,100.0,US,USD,15550104330
ORD5331,2026-09-15 02:45:00,customer_4331@example.com,4,10.0,40.0,US,USD,15550104331
ORD5332,2026-09-15 03:00:00,customer_4332@example.com,4,28.0,112.0,US,USD,15550104332
ORD5333,2026-09-15 03:15:00,customer_4333@example.com,2,16.0,32.0,US,USD,15550104333
ORD5334,2026-09-15 03:30:00,customer_4334@example.com,3,28.0,84.0,US,USD,15550104334
ORD5335,2026-09-15 03:45:00,customer_4335@example.com,4,11.0,44.0,US,USD,15550104335
ORD5336,2026-09-15 04:00:00,customer_4336@example.com,3,10.0,30.0,US,USD,15550104336
ORD5337,2026-09-15 04:15:00,customer_4337@example.com,1,30.0,30.0,US,USD,15550104337
ORD5338,2026-09-15 04:30:00,customer_4338@example.com,4,23.0,92.0,US,USD,15550104338
ORD5339,2026-09-15 04:45:00,customer_4339@example.com,4,28.0,112.0,US,USD,15550104339
ORD5340,2026-09-15 05:00:00,customer_4340@example.com,5,27.0,135.0,US,USD,15550104340
ORD5341,2026-09-15 05:15:00,customer_4341@example.com,3,11.0,33.0,US,USD,15550104341
ORD5342,2026-09-15 05:30:00,customer_4342@example.com,4,22.0,88.0,US,USD,15550104342
ORD5343,2026-09-15 05:45:00,customer_4343@example.com,4,26.0,104.0,US,USD,15550104343
ORD5344,2026-09-15 06:00:00,customer_4344@example.com,5,29.0,145.0,US,USD,15550104344
ORD5345,2026-09-15 06:15:00,customer_4345@example.com,4,17.0,68.0,US,USD,15550104345
ORD5346,2026-09-15 06:30:00,customer_4346@example.com,1,26.0,26.0,US,USD,15550104346
ORD5347,2026-09-15 06:45:00,customer_4347@example.com,1,23.0,23.0,US,USD,15550104347
ORD5348,2026-09-15 07:00:00,customer_4348@example.com,5,20.0,100.0,US,USD,15550104348
ORD5349,2026-09-15 07:15:00,customer_4349@example.com,5,12.0,60.0,US,USD,15550104349
ORD5350,2026-09-15 07:30:00,customer_4350@example.com,3,30.0,90.0,US,USD,15550104350
ORD5351,2026-09-15 07:45:00,customer_4351@example.com,4,25.0,100.0,US,USD,15550104351
ORD5352,2026-09-15 08:00:00,customer_4352@example.com,1,25.0,25.0,US,USD,15550104352
ORD5353,2026-09-15 08:15:00,customer_4353@example.com,5,30.0,150.0,US,USD,15550104353
ORD5354,2026-09-15 08:30:00,customer_4354@example.com,3,24.0,72.0,US,USD,15550104354
ORD5355,2026-09-15 08:45:00,customer_4355@example.com,4,10.0,40.0,US,USD,15550104355
ORD5356,2026-09-15 09:00:00,customer_4356@example.com,2,19.0,38.0,US,USD,15550104356
ORD5357,2026-09-15 09:15:00,customer_4357@example.com,2,25.0,50.0,US,USD,15550104357
ORD5358,2026-09-15 09:30:00,customer_4358@example.com,3,24.0,72.0,US,USD,15550104358
ORD5359,2026-09-15 09:45:00,customer_4359@example.com,2,26.0,52.0,US,USD,15550104359
ORD5360,2026-09-15 10:00:00,customer_4360@example.com,2,28.0,56.0,US,USD,15550104360
ORD5361,2026-09-15 10:15:00,customer_4361@example.com,3,29.0,87.0,US,USD,15550104361
ORD5362,2026-09-15 10:30:00,customer_4362@example.com,4,14.0,56.0,US,USD,15550104362
ORD5363,2026-09-15 10:45:00,customer_4363@example.com,3,22.0,66.0,US,USD,15550104363
ORD5364,2026-09-15 11:00:00,customer_4364@example.com,4,30.0,120.0,US,USD,15550104364
ORD5365,2026-09-15 11:15:00,customer_4365@example.com,3,25.0,75.0,US,USD,15550104365
ORD5366,2026-09-15 11:30:00,customer_4366@example.com,2,29.0,58.0,US,USD,15550104366
ORD5367,2026-09-15 11:45:00,customer_4367@example.com,2,19.0,38.0,US,USD,15550104367
ORD5368,2026-09-15 12:00:00,customer_4368@example.com,1,25.0,25.0,US,USD,15550104368
ORD5369,2026-09-15 12:15:00,customer_4369@example.com,2,15.0,30.0,US,USD,15550104369
ORD5370,2026-09-15 12:30:00,customer_4370@example.com,2,15.0,30.0,US,USD,15550104370
ORD5371,2026-09-15 12:45:00,customer_4371@example.com,5,25.0,125.0,US,USD,15550104371
ORD5372,2026-09-15 13:00:00,customer_4372@example.com,1,23.0,23.0,US,USD,15550104372
ORD5373,2026-09-15 13:15:00,customer_4373@example.com,4,19.0,76.0,US,USD,15550104373
ORD5374,2026-09-15 13:30:00,customer_4374@example.com,2,16.0,32.0,US,USD,15550104374
ORD5375,2026-09-15 13:45:00,customer_4375@example.com,5,11.0,55.0,US,USD,15550104375
ORD5376,2026-09-15 14:00:00,customer_4376@example.com,1,21.0,21.0,US,USD,15550104376
ORD5377,2026-09-15 14:15:00,customer_4377@example.com,3,21.0,63.0,US,USD,15550104377
ORD5378,2026-09-15 14:30:00,customer_4378@example.com,2,15.0,30.0,US,USD,15550104378
ORD5379,2026-09-15 14:45:00,customer_4379@example.com,5,11.0,55.0,US,USD,15550104379
ORD5380,2026-09-15 15:00:00,customer_4380@example.com,1,20.0,20.0,US,USD,15550104380
ORD5381,2026-09-15 15:15:00,customer_4381@example.com,4,13.0,52.0,US,USD,15550104381
ORD5382,2026-09-15 15:30:00,customer_4382@example.com,5,17.0,85.0,US,USD,15550104382
ORD5383,2026-09-15 15:45:00,customer_4383@example.com,1,27.0,27.0,US,USD,15550104383
ORD5384,2026-09-15 16:00:00,customer_4384@example.com,2,25.0,50.0,US,USD,15550104384
ORD5385,2026-09-15 16:15:00,customer_4385@example.com,3,20.0,60.0,US,USD,15550104385
ORD5386,2026-09-15 16:30:00,customer_4386@example.com,3,11.0,33.0,US,USD,15550104386
ORD5387,2026-09-15 16:45:00,customer_4387@example.com,5,18.0,90.0,US,USD,15550104387
ORD5388,2026-09-15 17:00:00,customer_4388@example.com,2,26.0,52.0,US,USD,15550104388
ORD5389,2026-09-15 17:15:00,customer_4389@example.com,5,13.0,65.0,US,USD,15550104389
ORD5390,2026-09-15 17:30:00,customer_4390@example.com,1,24.0,24.0,US,USD,15550104390
ORD5391,2026-09-15 17:45:00,customer_4391@example.com,4,13.0,52.0,US,USD,15550104391
ORD5392,2026-09-15 18:00:00,customer_4392@example.com,1,29.0,29.0,US,USD,15550104392
ORD5393,2026-09-15 18:15:00,customer_4393@example.com,5,13.0,65.0,US,USD,15550104393
ORD5394,2026-09-15 18:30:00,customer_4394@example.com,5,11.0,55.0,US,USD,15550104394
ORD5395,2026-09-15 18:45:00,customer_4395@example.com,5,13.0,65.0,US,USD,15550104395
ORD5396,2026-09-15 19:00:00,customer_4396@example.com,2,30.0,60.0,US,USD,15550104396
ORD5397,2026-09-15 19:15:00,customer_4397@example.com,1,16.0,16.0,US,USD,15550104397
ORD5398,2026-09-15 19:30:00,customer_4398@example.com,3,15.0,45.0,US,USD,15550104398
ORD5399,2026-09-15 19:45:00,customer_4399@example.com,3,24.0,72.0,US,USD,15550104399
ORD5400,2026-09-15 20:00:00,customer_4400@example.com,5,25.0,125.0,US,USD,15550104400
ORD5401,2026-09-15 20:15:00,customer_4401@example.com,1,14.0,14.0,US,USD,15550104401
ORD5402,2026-09-15 20:30:00,customer_4402@example.com,3,20.0,60.0,US,USD,15550104402
ORD5403,2026-09-15 20:45:00,customer_4403@example.com,2,13.0,26.0,US,USD,15550104403
ORD5404,2026-09-15 21:00:00,customer_4404@example.com,2,24.0,48.0,US,USD,15550104404
ORD5405,2026-09-15 21:15:00,customer_4405@example.com,4,10.0,40.0,US,USD,15550104405
ORD5406,2026-09-15 21:30:00,customer_4406@example.com,2,25.0,50.0,US,USD,15550104406
ORD5407,2026-09-15 21:45:00,customer_4407@example.com,3,19.0,57.0,US,USD,15550104407
ORD5408,2026-09-15 22:00:00,customer_4408@example.com,5,15.0,75.0,US,USD,15550104408
ORD5409,2026-09-15 22:15:00,customer_4409@example.com,1,18.0,18.0,US,USD,15550104409
ORD5410,2026-09-15 22:30:00,customer_4410@example.com,3,23.0,69.0,US,USD,15550104410
ORD5411,2026-09-15 22:45:00,customer_4411@example.com,3,30.0,90.0,US,USD,15550104411
ORD5412,2026-09-15 23:00:00,customer_4412@example.com,2,14.0,28.0,US,USD,15550104412
ORD5413,2026-09-15 23:15:00,customer_4413@example.com,5,23.0,115.0,US,USD,15550104413
ORD5414,2026-09-15 23:30:00,customer_4414@example.com,2,14.0,28.0,US,USD,15550104414
ORD5415,2026-09-15 23:45:00,customer_4415@example.com,4,23.0,92.0,US,USD,15550104415
ORD5416,2026-09-16 00:00:00,customer_4416@example.com,4,24.0,96.0,US,USD,15550104416
ORD5417,2026-09-16 00:15:00,customer_4417@example.com,5,21.0,105.0,US,USD,15550104417
ORD5418,2026-09-16 00:30:00,customer_4418@example.com,1,24.0,24.0,US,USD,15550104418
ORD5419,2026-09-16 00:45:00,customer_4419@example.com,2,10.0,20.0,US,USD,15550104419
ORD5420,2026-09-16 01:00:00,customer_4420@example.com,5,12.0,60.0,US,USD,15550104420
ORD5421,2026-09-16 01:15:00,customer_4421@example.com,1,20.0,20.0,US,USD,15550104421
ORD5422,2026-09-16 01:30:00,customer_4422@example.com,3,22.0,66.0,US,USD,15550104422
ORD5423,2026-09-16 01:45:00,customer_4423@example.com,2,23.0,46.0,US,USD,15550104423
ORD5424,2026-09-16 02:00:00,customer_4424@example.com,1,22.0,22.0,US,USD,15550104424
ORD5425,2026-09-16 02:15:00,customer_4425@example.com,1,30.0,30.0,US,USD,15550104425
ORD5426,2026-09-16 02:30:00,customer_4426@example.com,2,28.0,56.0,US,USD,15550104426
ORD5427,2026-09-16 02:45:00,customer_4427@example.com,1,30.0,30.0,US,USD,15550104427
ORD5428,2026-09-16 03:00:00,customer_4428@example.com,5,19.0,95.0,US,USD,15550104428
ORD5429,2026-09-16 03:15:00,customer_4429@example.com,4,22.0,88.0,US,USD,15550104429
ORD5430,2026-09-16 03:30:00,customer_4430@example.com,5,19.0,95.0,US,USD,15550104430
ORD5431,2026-09-16 03:45:00,customer_4431@example.com,3,21.0,63.0,US,USD,15550104431
ORD5432,2026-09-16 04:00:00,customer_4432@example.com,1,18.0,18.0,US,USD,15550104432
ORD5433,2026-09-16 04:15:00,customer_4433@example.com,5,29.0,145.0,US,USD,15550104433
ORD5434,2026-09-16 04:30:00,customer_4434@example.com,2,22.0,44.0,US,USD,15550104434
ORD5435,2026-09-16 04:45:00,customer_4435@example.com,4,30.0,120.0,US,USD,15550104435
ORD5436,2026-09-16 05:00:00,customer_4436@example.com,2,27.0,54.0,US,USD,15550104436
ORD5437,2026-09-16 05:15:00,customer_4437@example.com,5,29.0,145.0,US,USD,15550104437
ORD5438,2026-09-16 05:30:00,customer_4438@example.com,4,21.0,84.0,US,USD,15550104438
ORD5439,2026-09-16 05:45:00,customer_4439@example.com,4,16.0,64.0,US,USD,15550104439
ORD5440,2026-09-16 06:00:00,customer_4440@example.com,3,12.0,36.0,US,USD,15550104440
ORD5441,2026-09-16 06:15:00,customer_4441@example.com,1,27.0,27.0,US,USD,15550104441
ORD5442,2026-09-16 06:30:00,customer_4442@example.com,3,22.0,66.0,US,USD,15550104442
ORD5443,2026-09-16 06:45:00,customer_4443@example.com,2,26.0,52.0,US,USD,15550104443
ORD5444,2026-09-16 07:00:00,customer_4444@example.com,5,19.0,95.0,US,USD,15550104444
ORD5445,2026-09-16 07:15:00,customer_4445@example.com,2,12.0,24.0,US,USD,15550104445
ORD5446,2026-09-16 07:30:00,customer_4446@example.com,5,27.0,135.0,US,USD,15550104446
ORD5447,2026-09-16 07:45:00,customer_4447@example.com,3,26.0,78.0,US,USD,15550104447
ORD5448,2026-09-16 08:00:00,customer_4448@example.com,3,30.0,90.0,US,USD,15550104448
ORD5449,2026-09-16 08:15:00,customer_4449@example.com,2,10.0,20.0,US,USD,15550104449
ORD5450,2026-09-16 08:30:00,customer_4450@example.com,1,27.0,27.0,US,USD,15550104450
ORD5451,2026-09-16 08:45:00,customer_4451@example.com,5,18.0,90.0,US,USD,15550104451
ORD5452,2026-09-16 09:00:00,customer_4452@example.com,2,19.0,38.0,US,USD,15550104452
ORD5453,2026-09-16 09:15:00,customer_4453@example.com,4,26.0,104.0,US,USD,15550104453
ORD5454,2026-09-16 09:30:00,customer_4454@example.com,1,11.0,11.0,US,USD,15550104454
ORD5455,2026-09-16 09:45:00,customer_4455@example.com,3,18.0,54.0,US,USD,15550104455
ORD5456,2026-09-16 10:00:00,customer_4456@example.com,5,21.0,105.0,US,USD,15550104456
ORD5457,2026-09-16 10:15:00,customer_4457@example.com,1,11.0,11.0,US,USD,15550104457
ORD5458,2026-09-16 10:30:00,customer_4458@example.com,1,24.0,24.0,US,USD,15550104458
ORD5459,2026-09-16 10:45:00,customer_4459@example.com,3,28.0,84.0,US,USD,15550104459
ORD5460,2026-09-16 11:00:00,customer_4460@example.com,1,24.0,24.0,US,USD,15550104460
ORD5461,2026-09-16 11:15:00,customer_4461@example.com,3,17.0,51.0,US,USD,15550104461
ORD5462,2026-09-16 11:30:00,customer_4462@example.com,5,28.0,140.0,US,USD,15550104462
ORD5463,2026-09-16 11:45:00,customer_4463@example.com,5,29.0,145.0,US,USD,15550104463
ORD5464,2026-09-16 12:00:00,customer_4464@example.com,2,21.0,42.0,US,USD,15550104464
ORD5465,2026-09-16 12:15:00,customer_4465@example.com,3,19.0,57.0,US,USD,15550104465
ORD5466,2026-09-16 12:30:00,customer_4466@example.com,5,14.0,70.0,US,USD,15550104466
ORD5467,2026-09-16 12:45:00,customer_4467@example.com,4,26.0,104.0,US,USD,15550104467
ORD5468,2026-09-16 13:00:00,customer_4468@example.com,2,13.0,26.0,US,USD,15550104468
ORD5469,2026-09-16 13:15:00,customer_4469@example.com,3,26.0,78.0,US,USD,15550104469
ORD5470,2026-09-16 13:30:00,customer_4470@example.com,5,16.0,80.0,US,USD,15550104470
ORD5471,2026-09-16 13:45:00,customer_4471@example.com,3,24.0,72.0,US,USD,15550104471
ORD5472,2026-09-16 14:00:00,customer_4472@example.com,1,14.0,14.0,US,USD,15550104472
ORD5473,2026-09-16 14:15:00,customer_4473@example.com,4,23.0,92.0,US,USD,15550104473
ORD5474,2026-09-16 14:30:00,customer_4474@example.com,1,12.0,12.0,US,USD,15550104474
ORD5475,2026-09-16 14:45:00,customer_4475@example.com,1,23.0,23.0,US,USD,15550104475
ORD5476,2026-09-16 15:00:00,customer_4476@example.com,2,25.0,50.0,US,USD,15550104476
ORD5477,2026-09-16 15:15:00,customer_4477@example.com,2,24.0,48.0,US,USD,15550104477
ORD5478,2026-09-16 15:30:00,customer_4478@example.com,1,21.0,21.0,US,USD,15550104478
ORD5479,2026-09-16 15:45:00,customer_4479@example.com,5,22.0,110.0,US,USD,15550104479
ORD5480,2026-09-16 16:00:00,customer_4480@example.com,5,27.0,135.0,US,USD,15550104480
ORD5481,2026-09-16 16:15:00,customer_4481@example.com,5,22.0,110.0,US,USD,15550104481
ORD5482,2026-09-16 16:30:00,customer_4482@example.com,3,28.0,84.0,US,USD,15550104482
ORD5483,2026-09-16 16:45:00,customer_4483@example.com,4,30.0,120.0,US,USD,15550104483
ORD5484,2026-09-16 17:00:00,customer_4484@example.com,4,24.0,96.0,US,USD,15550104484
ORD5485,2026-09-16 17:15:00,customer_4485@example.com,4,23.0,92.0,US,USD,15550104485
ORD5486,2026-09-16 17:30:00,customer_4486@example.com,2,14.0,28.0,US,USD,15550104486
ORD5487,2026-09-16 17:45:00,customer_4487@example.com,5,14.0,70.0,US,USD,15550104487
ORD5488,2026-09-16 18:00:00,customer_4488@example.com,4,24.0,96.0,US,USD,15550104488
ORD5489,2026-09-16 18:15:00,customer_4489@example.com,2,26.0,52.0,US,USD,15550104489
ORD5490,2026-09-16 18:30:00,customer_4490@example.com,5,13.0,65.0,US,USD,15550104490
ORD5491,2026-09-16 18:45:00,customer_4491@example.com,2,24.0,48.0,US,USD,15550104491
ORD5492,2026-09-16 19:00:00,customer_4492@example.com,4,11.0,44.0,US,USD,15550104492
ORD5493,2026-09-16 19:15:00,customer_4493@example.com,2,27.0,54.0,US,USD,15550104493
ORD5494,2026-09-16 19:30:00,customer_4494@example.com,3,13.0,39.0,US,USD,15550104494
ORD5495,2026-09-16 19:45:00,customer_4495@example.com,5,23.0,115.0,US,USD,15550104495
ORD5496,2026-09-16 20:00:00,customer_4496@example.com,1,13.0,13.0,US,USD,15550104496
ORD5497,2026-09-16 20:15:00,customer_4497@example.com,3,28.0,84.0,US,USD,15550104497
ORD5498,2026-09-16 20:30:00,customer_4498@example.com,3,11.0,33.0,US,USD,15550104498
ORD5499,2026-09-16 20:45:00,customer_4499@example.com,5,14.0,70.0,US,USD,15550104499
ORD5500,2026-09-16 21:00:00,customer_4500@example.com,1,21.0,21.0,US,USD,15550104500
ORD5501,2026-09-16 21:15:00,customer_4501@example.com,3,21.0,63.0,US,USD,15550104501
ORD5502,2026-09-16 21:30:00,customer_4502@example.com,3,19.0,57.0,US,USD,15550104502
ORD5503,2026-09-16 21:45:00,customer_4503@example.com,4,10.0,40.0,US,USD,15550104503
ORD5504,2026-09-16 22:00:00,customer_4504@example.com,2,14.0,28.0,US,USD,15550104504
ORD5505,2026-09-16 22:15:00,customer_4505@example.com,5,23.0,115.0,US,USD,15550104505
ORD5506,2026-09-16 22:30:00,customer_4506@example.com,1,19.0,19.0,US,USD,15550104506
ORD5507,2026-09-16 22:45:00,customer_4507@example.com,3,16.0,48.0,US,USD,15550104507
ORD5508,2026-09-16 23:00:00,customer_4508@example.com,2,25.0,50.0,US,USD,15550104508
ORD5509,2026-09-16 23:15:00,customer_4509@example.com,1,13.0,13.0,US,USD,15550104509
ORD5510,2026-09-16 23:30:00,customer_4510@example.com,5,21.0,105.0,US,USD,15550104510
ORD5511,2026-09-16 23:45:00,customer_4511@example.com,1,11.0,11.0,US,USD,15550104511
ORD5512,2026-09-17 00:00:00,customer_4512@example.com,4,25.0,100.0,US,USD,15550104512
ORD5513,2026-09-17 00:15:00,customer_4513@example.com,5,19.0,95.0,US,USD,15550104513
ORD5514,2026-09-17 00:30:00,customer_4514@example.com,5,24.0,120.0,US,USD,15550104514
ORD5515,2026-09-17 00:45:00,customer_4515@example.com,3,22.0,66.0,US,USD,15550104515
ORD5516,2026-09-17 01:00:00,customer_4516@example.com,4,29.0,116.0,US,USD,15550104516
ORD5517,2026-09-17 01:15:00,customer_4517@example.com,2,14.0,28.0,US,USD,15550104517
ORD5518,2026-09-17 01:30:00,customer_4518@example.com,5,30.0,150.0,US,USD,15550104518
ORD5519,2026-09-17 01:45:00,customer_4519@example.com,4,24.0,96.0,US,USD,15550104519
ORD5520,2026-09-17 02:00:00,customer_4520@example.com,4,14.0,56.0,US,USD,15550104520
ORD5521,2026-09-17 02:15:00,customer_4521@example.com,3,12.0,36.0,US,USD,15550104521
ORD5522,2026-09-17 02:30:00,customer_4522@example.com,5,29.0,145.0,US,USD,15550104522
ORD5523,2026-09-17 02:45:00,customer_4523@example.com,4,22.0,88.0,US,USD,15550104523
ORD5524,2026-09-17 03:00:00,customer_4524@example.com,2,22.0,44.0,US,USD,15550104524
ORD5525,2026-09-17 03:15:00,customer_4525@example.com,3,27.0,81.0,US,USD,15550104525
ORD5526,2026-09-17 03:30:00,customer_4526@example.com,1,24.0,24.0,US,USD,15550104526
ORD5527,2026-09-17 03:45:00,customer_4527@example.com,3,30.0,90.0,US,USD,15550104527
ORD5528,2026-09-17 04:00:00,customer_4528@example.com,1,15.0,15.0,US,USD,15550104528
ORD5529,2026-09-17 04:15:00,customer_4529@example.com,1,28.0,28.0,US,USD,15550104529
ORD5530,2026-09-17 04:30:00,customer_4530@example.com,3,27.0,81.0,US,USD,15550104530
ORD5531,2026-09-17 04:45:00,customer_4531@example.com,1,30.0,30.0,US,USD,15550104531
ORD5532,2026-09-17 05:00:00,customer_4532@example.com,5,12.0,60.0,US,USD,15550104532
ORD5533,2026-09-17 05:15:00,customer_4533@example.com,2,29.0,58.0,US,USD,15550104533
ORD5534,2026-09-17 05:30:00,customer_4534@example.com,5,28.0,140.0,US,USD,15550104534
ORD5535,2026-09-17 05:45:00,customer_4535@example.com,1,28.0,28.0,US,USD,15550104535
ORD5536,2026-09-17 06:00:00,customer_4536@example.com,5,16.0,80.0,US,USD,15550104536
ORD5537,2026-09-17 06:15:00,customer_4537@example.com,4,26.0,104.0,US,USD,15550104537
ORD5538,2026-09-17 06:30:00,customer_4538@example.com,1,13.0,13.0,US,USD,15550104538
ORD5539,2026-09-17 06:45:00,customer_4539@example.com,5,15.0,75.0,US,USD,15550104539
ORD5540,2026-09-17 07:00:00,customer_4540@example.com,1,18.0,18.0,US,USD,15550104540
ORD5541,2026-09-17 07:15:00,customer_4541@example.com,2,17.0,34.0,US,USD,15550104541
ORD5542,2026-09-17 07:30:00,customer_4542@example.com,5,24.0,120.0,US,USD,15550104542
ORD5543,2026-09-17 07:45:00,customer_4543@example.com,1,27.0,27.0,US,USD,15550104543
ORD5544,2026-09-17 08:00:00,customer_4544@example.com,5,20.0,100.0,US,USD,15550104544
ORD5545,2026-09-17 08:15:00,customer_4545@example.com,4,28.0,112.0,US,USD,15550104545
ORD5546,2026-09-17 08:30:00,customer_4546@example.com,1,25.0,25.0,US,USD,15550104546
ORD5547,2026-09-17 08:45:00,customer_4547@example.com,1,20.0,20.0,US,USD,15550104547
ORD5548,2026-09-17 09:00:00,customer_4548@example.com,4,15.0,60.0,US,USD,15550104548
ORD5549,2026-09-17 09:15:00,customer_4549@example.com,4,10.0,40.0,US,USD,15550104549
ORD5550,2026-09-17 09:30:00,customer_4550@example.com,5,20.0,100.0,US,USD,15550104550
ORD5551,2026-09-17 09:45:00,customer_4551@example.com,4,18.0,72.0,US,USD,15550104551
ORD5552,2026-09-17 10:00:00,customer_4552@example.com,1,13.0,13.0,US,USD,15550104552
ORD5553,2026-09-17 10:15:00,customer_4553@example.com,1,27.0,27.0,US,USD,15550104553
ORD5554,2026-09-17 10:30:00,customer_4554@example.com,2,19.0,38.0,US,USD,15550104554
ORD5555,2026-09-17 10:45:00,customer_4555@example.com,2,15.0,30.0,US,USD,15550104555
ORD5556,2026-09-17 11:00:00,customer_4556@example.com,3,12.0,36.0,US,USD,15550104556
ORD5557,2026-09-17 11:15:00,customer_4557@example.com,2,19.0,38.0,US,USD,15550104557
ORD5558,2026-09-17 11:30:00,customer_4558@example.com,4,15.0,60.0,US,USD,15550104558
ORD5559,2026-09-17 11:45:00,customer_4559@example.com,1,29.0,29.0,US,USD,15550104559
ORD5560,2026-09-17 12:00:00,customer_4560@example.com,3,15.0,45.0,US,USD,15550104560
ORD5561,2026-09-17 12:15:00,customer_4561@example.com,1,11.0,11.0,US,USD,15550104561
ORD5562,2026-09-17 12:30:00,customer_4562@example.com,3,22.0,66.0,US,USD,15550104562
ORD5563,2026-09-17 12:45:00,customer_4563@example.com,1,20.0,20.0,US,USD,15550104563
ORD5564,2026-09-17 13:00:00,customer_4564@example.com,2,23.0,46.0,US,USD,15550104564
ORD5565,2026-09-17 13:15:00,customer_4565@example.com,3,18.0,54.0,US,USD,15550104565
ORD5566,2026-09-17 13:30:00,customer_4566@example.com,4,13.0,52.0,US,USD,15550104566
ORD5567,2026-09-17 13:45:00,customer_4567@example.com,1,16.0,16.0,US,USD,15550104567
ORD5568,2026-09-17 14:00:00,customer_4568@example.com,2,29.0,58.0,US,USD,15550104568
ORD5569,2026-09-17 14:15:00,customer_4569@example.com,5,17.0,85.0,US,USD,15550104569
ORD5570,2026-09-17 14:30:00,customer_4570@example.com,4,26.0,104.0,US,USD,15550104570
ORD5571,2026-09-17 14:45:00,customer_4571@example.com,5,22.0,110.0,US,USD,15550104571
ORD5572,2026-09-17 15:00:00,customer_4572@example.com,1,18.0,18.0,US,USD,15550104572
ORD5573,2026-09-17 15:15:00,customer_4573@example.com,1,20.0,20.0,US,USD,15550104573
ORD5574,2026-09-17 15:30:00,customer_4574@example.com,4,27.0,108.0,US,USD,15550104574
ORD5575,2026-09-17 15:45:00,customer_4575@example.com,4,12.0,48.0,US,USD,15550104575
ORD5576,2026-09-17 16:00:00,customer_4576@example.com,4,10.0,40.0,US,USD,15550104576
ORD5577,2026-09-17 16:15:00,customer_4577@example.com,4,30.0,120.0,US,USD,15550104577
ORD5578,2026-09-17 16:30:00,customer_4578@example.com,2,10.0,20.0,US,USD,15550104578
ORD5579,2026-09-17 16:45:00,customer_4579@example.com,3,27.0,81.0,US,USD,15550104579
ORD5580,2026-09-17 17:00:00,customer_4580@example.com,5,13.0,65.0,US,USD,15550104580
ORD5581,2026-09-17 17:15:00,customer_4581@example.com,2,27.0,54.0,US,USD,15550104581
ORD5582,2026-09-17 17:30:00,customer_4582@example.com,2,19.0,38.0,US,USD,15550104582
ORD5583,2026-09-17 17:45:00,customer_4583@example.com,5,23.0,115.0,US,USD,15550104583
ORD5584,2026-09-17 18:00:00,customer_4584@example.com,4,12.0,48.0,US,USD,15550104584
ORD5585,2026-09-17 18:15:00,customer_4585@example.com,5,16.0,80.0,US,USD,15550104585
ORD5586,2026-09-17 18:30:00,customer_4586@example.com,2,21.0,42.0,US,USD,15550104586
ORD5587,2026-09-17 18:45:00,customer_4587@example.com,5,15.0,75.0,US,USD,15550104587
ORD5588,2026-09-17 19:00:00,customer_4588@example.com,2,27.0,54.0,US,USD,15550104588
ORD5589,2026-09-17 19:15:00,customer_4589@example.com,4,27.0,108.0,US,USD,15550104589
ORD5590,2026-09-17 19:30:00,customer_4590@example.com,4,11.0,44.0,US,USD,15550104590
ORD5591,2026-09-17 19:45:00,customer_4591@example.com,1,24.0,24.0,US,USD,15550104591
ORD5592,2026-09-17 20:00:00,customer_4592@example.com,5,19.0,95.0,US,USD,15550104592
ORD5593,2026-09-17 20:15:00,customer_4593@example.com,2,10.0,20.0,US,USD,15550104593
ORD5594,2026-09-17 20:30:00,customer_4594@example.com,1,25.0,25.0,US,USD,15550104594
ORD5595,2026-09-17 20:45:00,customer_4595@example.com,3,29.0,87.0,US,USD,15550104595
ORD5596,2026-09-17 21:00:00,customer_4596@example.com,3,22.0,66.0,US,USD,15550104596
ORD5597,2026-09-17 21:15:00,customer_4597@example.com,3,30.0,90.0,US,USD,15550104597
ORD5598,2026-09-17 21:30:00,customer_4598@example.com,2,28.0,56.0,US,USD,15550104598
ORD5599,2026-09-17 21:45:00,customer_4599@example.com,5,19.0,95.0,US,USD,15550104599
ORD5600,2026-09-17 22:00:00,customer_4600@example.com,1,15.0,15.0,US,USD,15550104600
ORD5601,2026-09-17 22:15:00,customer_4601@example.com,5,28.0,140.0,US,USD,15550104601
ORD5602,2026-09-17 22:30:00,customer_4602@example.com,1,19.0,19.0,US,USD,15550104602
ORD5603,2026-09-17 22:45:00,customer_4603@example.com,1,22.0,22.0,US,USD,15550104603
ORD5604,2026-09-17 23:00:00,customer_4604@example.com,1,14.0,14.0,US,USD,15550104604
ORD5605,2026-09-17 23:15:00,customer_4605@example.com,5,18.0,90.0,US,USD,15550104605
ORD5606,2026-09-17 23:30:00,customer_4606@example.com,4,16.0,64.0,US,USD,15550104606
ORD5607,2026-09-17 23:45:00,customer_4607@example.com,5,26.0,130.0,US,USD,15550104607
ORD5608,2026-09-18 00:00:00,customer_4608@example.com,3,20.0,60.0,US,USD,15550104608
ORD5609,2026-09-18 00:15:00,customer_4609@example.com,3,24.0,72.0,US,USD,15550104609
ORD5610,2026-09-18 00:30:00,customer_4610@example.com,3,17.0,51.0,US,USD,15550104610
ORD5611,2026-09-18 00:45:00,customer_4611@example.com,3,20.0,60.0,US,USD,15550104611
ORD5612,2026-09-18 01:00:00,customer_4612@example.com,2,24.0,48.0,US,USD,15550104612
ORD5613,2026-09-18 01:15:00,customer_4613@example.com,5,20.0,100.0,US,USD,15550104613
ORD5614,2026-09-18 01:30:00,customer_4614@example.com,1,14.0,14.0,US,USD,15550104614
ORD5615,2026-09-18 01:45:00,customer_4615@example.com,1,29.0,29.0,US,USD,15550104615
ORD5616,2026-09-18 02:00:00,customer_4616@example.com,4,10.0,40.0,US,USD,15550104616
ORD5617,2026-09-18 02:15:00,customer_4617@example.com,1,15.0,15.0,US,USD,15550104617
ORD5618,2026-09-18 02:30:00,customer_4618@example.com,4,27.0,108.0,US,USD,15550104618
ORD5619,2026-09-18 02:45:00,customer_4619@example.com,4,22.0,88.0,US,USD,15550104619
ORD5620,2026-09-18 03:00:00,customer_4620@example.com,5,12.0,60.0,US,USD,15550104620
ORD5621,2026-09-18 03:15:00,customer_4621@example.com,1,27.0,27.0,US,USD,15550104621
ORD5622,2026-09-18 03:30:00,customer_4622@example.com,1,24.0,24.0,US,USD,15550104622
ORD5623,2026-09-18 03:45:00,customer_4623@example.com,1,21.0,21.0,US,USD,15550104623
ORD5624,2026-09-18 04:00:00,customer_4624@example.com,4,29.0,116.0,US,USD,15550104624
ORD5625,2026-09-18 04:15:00,customer_4625@example.com,3,22.0,66.0,US,USD,15550104625
ORD5626,2026-09-18 04:30:00,customer_4626@example.com,2,10.0,20.0,US,USD,15550104626
ORD5627,2026-09-18 04:45:00,customer_4627@example.com,1,24.0,24.0,US,USD,15550104627
ORD5628,2026-09-18 05:00:00,customer_4628@example.com,3,16.0,48.0,US,USD,15550104628
ORD5629,2026-09-18 05:15:00,customer_4629@example.com,4,10.0,40.0,US,USD,15550104629
ORD5630,2026-09-18 05:30:00,customer_4630@example.com,2,10.0,20.0,US,USD,15550104630
ORD5631,2026-09-18 05:45:00,customer_4631@example.com,3,21.0,63.0,US,USD,15550104631
ORD5632,2026-09-18 06:00:00,customer_4632@example.com,2,12.0,24.0,US,USD,15550104632
ORD5633,2026-09-18 06:15:00,customer_4633@example.com,5,30.0,150.0,US,USD,15550104633
ORD5634,2026-09-18 06:30:00,customer_4634@example.com,3,17.0,51.0,US,USD,15550104634
ORD5635,2026-09-18 06:45:00,customer_4635@example.com,2,25.0,50.0,US,USD,15550104635
ORD5636,2026-09-18 07:00:00,customer_4636@example.com,3,11.0,33.0,US,USD,15550104636
ORD5637,2026-09-18 07:15:00,customer_4637@example.com,3,25.0,75.0,US,USD,15550104637
ORD5638,2026-09-18 07:30:00,customer_4638@example.com,5,16.0,80.0,US,USD,15550104638
ORD5639,2026-09-18 07:45:00,customer_4639@example.com,1,16.0,16.0,US,USD,15550104639
ORD5640,2026-09-18 08:00:00,customer_4640@example.com,4,13.0,52.0,US,USD,15550104640
ORD5641,2026-09-18 08:15:00,customer_4641@example.com,3,28.0,84.0,US,USD,15550104641
ORD5642,2026-09-18 08:30:00,customer_4642@example.com,5,25.0,125.0,US,USD,15550104642
ORD5643,2026-09-18 08:45:00,customer_4643@example.com,2,27.0,54.0,US,USD,15550104643
ORD5644,2026-09-18 09:00:00,customer_4644@example.com,2,28.0,56.0,US,USD,15550104644
ORD5645,2026-09-18 09:15:00,customer_4645@example.com,5,28.0,140.0,US,USD,15550104645
ORD5646,2026-09-18 09:30:00,customer_4646@example.com,2,12.0,24.0,US,USD,15550104646
ORD5647,2026-09-18 09:45:00,customer_4647@example.com,5,14.0,70.0,US,USD,15550104647
ORD5648,2026-09-18 10:00:00,customer_4648@example.com,1,14.0,14.0,US,USD,15550104648
ORD5649,2026-09-18 10:15:00,customer_4649@example.com,3,28.0,84.0,US,USD,15550104649
ORD5650,2026-09-18 10:30:00,customer_4650@example.com,2,26.0,52.0,US,USD,15550104650
ORD5651,2026-09-18 10:45:00,customer_4651@example.com,3,16.0,48.0,US,USD,15550104651
ORD5652,2026-09-18 11:00:00,customer_4652@example.com,1,27.0,27.0,US,USD,15550104652
ORD5653,2026-09-18 11:15:00,customer_4653@example.com,5,18.0,90.0,US,USD,15550104653
ORD5654,2026-09-18 11:30:00,customer_4654@example.com,5,24.0,120.0,US,USD,15550104654
ORD5655,2026-09-18 11:45:00,customer_4655@example.com,1,23.0,23.0,US,USD,15550104655
ORD5656,2026-09-18 12:00:00,customer_4656@example.com,1,20.0,20.0,US,USD,15550104656
ORD5657,2026-09-18 12:15:00,customer_4657@example.com,4,23.0,92.0,US,USD,15550104657
ORD5658,2026-09-18 12:30:00,customer_4658@example.com,3,13.0,39.0,US,USD,15550104658
ORD5659,2026-09-18 12:45:00,customer_4659@example.com,5,24.0,120.0,US,USD,15550104659
ORD5660,2026-09-18 13:00:00,customer_4660@example.com,4,21.0,84.0,US,USD,15550104660
ORD5661,2026-09-18 13:15:00,customer_4661@example.com,5,11.0,55.0,US,USD,15550104661
ORD5662,2026-09-18 13:30:00,customer_4662@example.com,2,11.0,22.0,US,USD,15550104662
ORD5663,2026-09-18 13:45:00,customer_4663@example.com,3,23.0,69.0,US,USD,15550104663
ORD5664,2026-09-18 14:00:00,customer_4664@example.com,5,24.0,120.0,US,USD,15550104664
ORD5665,2026-09-18 14:15:00,customer_4665@example.com,3,10.0,30.0,US,USD,15550104665
ORD5666,2026-09-18 14:30:00,customer_4666@example.com,4,16.0,64.0,US,USD,15550104666
ORD5667,2026-09-18 14:45:00,customer_4667@example.com,3,12.0,36.0,US,USD,15550104667
ORD5668,2026-09-18 15:00:00,customer_4668@example.com,5,10.0,50.0,US,USD,15550104668
ORD5669,2026-09-18 15:15:00,customer_4669@example.com,2,23.0,46.0,US,USD,15550104669
ORD5670,2026-09-18 15:30:00,customer_4670@example.com,1,17.0,17.0,US,USD,15550104670
ORD5671,2026-09-18 15:45:00,customer_4671@example.com,2,15.0,30.0,US,USD,15550104671
ORD5672,2026-09-18 16:00:00,customer_4672@example.com,3,19.0,57.0,US,USD,15550104672
ORD5673,2026-09-18 16:15:00,customer_4673@example.com,1,30.0,30.0,US,USD,15550104673
ORD5674,2026-09-18 16:30:00,customer_4674@example.com,1,10.0,10.0,US,USD,15550104674
ORD5675,2026-09-18 16:45:00,customer_4675@example.com,4,23.0,92.0,US,USD,15550104675
ORD5676,2026-09-18 17:00:00,customer_4676@example.com,1,28.0,28.0,US,USD,15550104676
ORD5677,2026-09-18 17:15:00,customer_4677@example.com,3,18.0,54.0,US,USD,15550104677
ORD5678,2026-09-18 17:30:00,customer_4678@example.com,2,13.0,26.0,US,USD,15550104678
ORD5679,2026-09-18 17:45:00,customer_4679@example.com,4,17.0,68.0,US,USD,15550104679
ORD5680,2026-09-18 18:00:00,customer_4680@example.com,3,11.0,33.0,US,USD,15550104680
ORD5681,2026-09-18 18:15:00,customer_4681@example.com,3,26.0,78.0,US,USD,15550104681
ORD5682,2026-09-18 18:30:00,customer_4682@example.com,2,12.0,24.0,US,USD,15550104682
ORD5683,2026-09-18 18:45:00,customer_4683@example.com,5,29.0,145.0,US,USD,15550104683
ORD5684,2026-09-18 19:00:00,customer_4684@example.com,4,13.0,52.0,US,USD,15550104684
ORD5685,2026-09-18 19:15:00,customer_4685@example.com,4,28.0,112.0,US,USD,15550104685
ORD5686,2026-09-18 19:30:00,customer_4686@example.com,1,12.0,12.0,US,USD,15550104686
ORD5687,2026-09-18 19:45:00,customer_4687@example.com,1,11.0,11.0,US,USD,15550104687
ORD5688,2026-09-18 20:00:00,customer_4688@example.com,4,20.0,80.0,US,USD,15550104688
ORD5689,2026-09-18 20:15:00,customer_4689@example.com,1,14.0,14.0,US,USD,15550104689
ORD5690,2026-09-18 20:30:00,customer_4690@example.com,1,24.0,24.0,US,USD,15550104690
ORD5691,2026-09-18 20:45:00,customer_4691@example.com,1,19.0,19.0,US,USD,15550104691
ORD5692,2026-09-18 21:00:00,customer_4692@example.com,5,30.0,150.0,US,USD,15550104692
ORD5693,2026-09-18 21:15:00,customer_4693@example.com,4,12.0,48.0,US,USD,15550104693
ORD5694,2026-09-18 21:30:00,customer_4694@example.com,1,11.0,11.0,US,USD,15550104694
ORD5695,2026-09-18 21:45:00,customer_4695@example.com,5,11.0,55.0,US,USD,15550104695
ORD5696,2026-09-18 22:00:00,customer_4696@example.com,3,22.0,66.0,US,USD,15550104696
ORD5697,2026-09-18 22:15:00,customer_4697@example.com,4,13.0,52.0,US,USD,15550104697
ORD5698,2026-09-18 22:30:00,customer_4698@example.com,5,23.0,115.0,US,USD,15550104698
ORD5699,2026-09-18 22:45:00,customer_4699@example.com,2,29.0,58.0,US,USD,15550104699
ORD5700,2026-09-18 23:00:00,customer_4700@example.com,5,10.0,50.0,US,USD,15550104700
ORD5701,2026-09-18 23:15:00,customer_4701@example.com,4,22.0,88.0,US,USD,15550104701
ORD5702,2026-09-18 23:30:00,customer_4702@example.com,4,23.0,92.0,US,USD,15550104702
ORD5703,2026-09-18 23:45:00,customer_4703@example.com,5,29.0,145.0,US,USD,15550104703
ORD5704,2026-09-19 00:00:00,customer_4704@example.com,1,20.0,20.0,US,USD,15550104704
ORD5705,2026-09-19 00:15:00,customer_4705@example.com,1,24.0,24.0,US,USD,15550104705
ORD5706,2026-09-19 00:30:00,customer_4706@example.com,5,20.0,100.0,US,USD,15550104706
ORD5707,2026-09-19 00:45:00,customer_4707@example.com,5,16.0,80.0,US,USD,15550104707
ORD5708,2026-09-19 01:00:00,customer_4708@example.com,1,13.0,13.0,US,USD,15550104708
ORD5709,2026-09-19 01:15:00,customer_4709@example.com,1,29.0,29.0,US,USD,15550104709
ORD5710,2026-09-19 01:30:00,customer_4710@example.com,1,28.0,28.0,US,USD,15550104710
ORD5711,2026-09-19 01:45:00,customer_4711@example.com,2,28.0,56.0,US,USD,15550104711
ORD5712,2026-09-19 02:00:00,customer_4712@example.com,2,30.0,60.0,US,USD,15550104712
ORD5713,2026-09-19 02:15:00,customer_4713@example.com,5,18.0,90.0,US,USD,15550104713
ORD5714,2026-09-19 02:30:00,customer_4714@example.com,3,23.0,69.0,US,USD,15550104714
ORD5715,2026-09-19 02:45:00,customer_4715@example.com,4,29.0,116.0,US,USD,15550104715
ORD5716,2026-09-19 03:00:00,customer_4716@example.com,4,15.0,60.0,US,USD,15550104716
ORD5717,2026-09-19 03:15:00,customer_4717@example.com,2,14.0,28.0,US,USD,15550104717
ORD5718,2026-09-19 03:30:00,customer_4718@example.com,1,11.0,11.0,US,USD,15550104718
ORD5719,2026-09-19 03:45:00,customer_4719@example.com,2,19.0,38.0,US,USD,15550104719
ORD5720,2026-09-19 04:00:00,customer_4720@example.com,5,23.0,115.0,US,USD,15550104720
ORD5721,2026-09-19 04:15:00,customer_4721@example.com,5,30.0,150.0,US,USD,15550104721
ORD5722,2026-09-19 04:30:00,customer_4722@example.com,3,19.0,57.0,US,USD,15550104722
ORD5723,2026-09-19 04:45:00,customer_4723@example.com,5,27.0,135.0,US,USD,15550104723
ORD5724,2026-09-19 05:00:00,customer_4724@example.com,2,14.0,28.0,US,USD,15550104724
ORD5725,2026-09-19 05:15:00,customer_4725@example.com,4,19.0,76.0,US,USD,15550104725
ORD5726,2026-09-19 05:30:00,customer_4726@example.com,5,20.0,100.0,US,USD,15550104726
ORD5727,2026-09-19 05:45:00,customer_4727@example.com,3,21.0,63.0,US,USD,15550104727
ORD5728,2026-09-19 06:00:00,customer_4728@example.com,1,26.0,26.0,US,USD,15550104728
ORD5729,2026-09-19 06:15:00,customer_4729@example.com,5,14.0,70.0,US,USD,15550104729
ORD5730,2026-09-19 06:30:00,customer_4730@example.com,1,17.0,17.0,US,USD,15550104730
ORD5731,2026-09-19 06:45:00,customer_4731@example.com,5,27.0,135.0,US,USD,15550104731
ORD5732,2026-09-19 07:00:00,customer_4732@example.com,1,23.0,23.0,US,USD,15550104732
ORD5733,2026-09-19 07:15:00,customer_4733@example.com,3,16.0,48.0,US,USD,15550104733
ORD5734,2026-09-19 07:30:00,customer_4734@example.com,2,30.0,60.0,US,USD,15550104734
ORD5735,2026-09-19 07:45:00,customer_4735@example.com,2,12.0,24.0,US,USD,15550104735
ORD5736,2026-09-19 08:00:00,customer_4736@example.com,3,16.0,48.0,US,USD,15550104736
ORD5737,2026-09-19 08:15:00,customer_4737@example.com,4,24.0,96.0,US,USD,15550104737
ORD5738,2026-09-19 08:30:00,customer_4738@example.com,5,20.0,100.0,US,USD,15550104738
ORD5739,2026-09-19 08:45:00,customer_4739@example.com,5,28.0,140.0,US,USD,15550104739
ORD5740,2026-09-19 09:00:00,customer_4740@example.com,3,29.0,87.0,US,USD,15550104740
ORD5741,2026-09-19 09:15:00,customer_4741@example.com,3,23.0,69.0,US,USD,15550104741
ORD5742,2026-09-19 09:30:00,customer_4742@example.com,3,15.0,45.0,US,USD,15550104742
ORD5743,2026-09-19 09:45:00,customer_4743@example.com,1,24.0,24.0,US,USD,15550104743
ORD5744,2026-09-19 10:00:00,customer_4744@example.com,1,25.0,25.0,US,USD,15550104744
ORD5745,2026-09-19 10:15:00,customer_4745@example.com,2,10.0,20.0,US,USD,15550104745
ORD5746,2026-09-19 10:30:00,customer_4746@example.com,2,17.0,34.0,US,USD,15550104746
ORD5747,2026-09-19 10:45:00,customer_4747@example.com,4,29.0,116.0,US,USD,15550104747
ORD5748,2026-09-19 11:00:00,customer_4748@example.com,2,17.0,34.0,US,USD,15550104748
ORD5749,2026-09-19 11:15:00,customer_4749@example.com,4,20.0,80.0,US,USD,15550104749
ORD5750,2026-09-19 11:30:00,customer_4750@example.com,4,16.0,64.0,US,USD,15550104750
ORD5751,2026-09-19 11:45:00,customer_4751@example.com,4,15.0,60.0,US,USD,15550104751
ORD5752,2026-09-19 12:00:00,customer_4752@example.com,1,21.0,21.0,US,USD,15550104752
ORD5753,2026-09-19 12:15:00,customer_4753@example.com,1,12.0,12.0,US,USD,15550104753
ORD5754,2026-09-19 12:30:00,customer_4754@example.com,3,10.0,30.0,US,USD,15550104754
ORD5755,2026-09-19 12:45:00,customer_4755@example.com,5,13.0,65.0,US,USD,15550104755
ORD5756,2026-09-19 13:00:00,customer_4756@example.com,2,19.0,38.0,US,USD,15550104756
ORD5757,2026-09-19 13:15:00,customer_4757@example.com,4,16.0,64.0,US,USD,15550104757
ORD5758,2026-09-19 13:30:00,customer_4758@example.com,5,21.0,105.0,US,USD,15550104758
ORD5759,2026-09-19 13:45:00,customer_4759@example.com,1,10.0,10.0,US,USD,15550104759
ORD5760,2026-09-19 14:00:00,customer_4760@example.com,2,16.0,32.0,US,USD,15550104760
ORD5761,2026-09-19 14:15:00,customer_4761@example.com,3,15.0,45.0,US,USD,15550104761
ORD5762,2026-09-19 14:30:00,customer_4762@example.com,2,18.0,36.0,US,USD,15550104762
ORD5763,2026-09-19 14:45:00,customer_4763@example.com,2,20.0,40.0,US,USD,15550104763
ORD5764,2026-09-19 15:00:00,customer_4764@example.com,5,17.0,85.0,US,USD,15550104764
ORD5765,2026-09-19 15:15:00,customer_4765@example.com,2,16.0,32.0,US,USD,15550104765
ORD5766,2026-09-19 15:30:00,customer_4766@example.com,1,15.0,15.0,US,USD,15550104766
ORD5767,2026-09-19 15:45:00,customer_4767@example.com,3,13.0,39.0,US,USD,15550104767
ORD5768,2026-09-19 16:00:00,customer_4768@example.com,1,14.0,14.0,US,USD,15550104768
ORD5769,2026-09-19 16:15:00,customer_4769@example.com,4,30.0,120.0,US,USD,15550104769
ORD5770,2026-09-19 16:30:00,customer_4770@example.com,1,20.0,20.0,US,USD,15550104770
ORD5771,2026-09-19 16:45:00,customer_4771@example.com,2,19.0,38.0,US,USD,15550104771
ORD5772,2026-09-19 17:00:00,customer_4772@example.com,4,17.0,68.0,US,USD,15550104772
ORD5773,2026-09-19 17:15:00,customer_4773@example.com,3,21.0,63.0,US,USD,15550104773
ORD5774,2026-09-19 17:30:00,customer_4774@example.com,2,26.0,52.0,US,USD,15550104774
ORD5775,2026-09-19 17:45:00,customer_4775@example.com,5,23.0,115.0,US,USD,15550104775
ORD5776,2026-09-19 18:00:00,customer_4776@example.com,1,13.0,13.0,US,USD,15550104776
ORD5777,2026-09-19 18:15:00,customer_4777@example.com,2,14.0,28.0,US,USD,15550104777
ORD5778,2026-09-19 18:30:00,customer_4778@example.com,2,16.0,32.0,US,USD,15550104778
ORD5779,2026-09-19 18:45:00,customer_4779@example.com,5,22.0,110.0,US,USD,15550104779
ORD5780,2026-09-19 19:00:00,customer_4780@example.com,3,20.0,60.0,US,USD,15550104780
ORD5781,2026-09-19 19:15:00,customer_4781@example.com,5,23.0,115.0,US,USD,15550104781
ORD5782,2026-09-19 19:30:00,customer_4782@example.com,2,11.0,22.0,US,USD,15550104782
ORD5783,2026-09-19 19:45:00,customer_4783@example.com,5,28.0,140.0,US,USD,15550104783
ORD5784,2026-09-19 20:00:00,customer_4784@example.com,2,27.0,54.0,US,USD,15550104784
ORD5785,2026-09-19 20:15:00,customer_4785@example.com,3,14.0,42.0,US,USD,15550104785
ORD5786,2026-09-19 20:30:00,customer_4786@example.com,3,17.0,51.0,US,USD,15550104786
ORD5787,2026-09-19 20:45:00,customer_4787@example.com,1,30.0,30.0,US,USD,15550104787
ORD5788,2026-09-19 21:00:00,customer_4788@example.com,3,14.0,42.0,US,USD,15550104788
ORD5789,2026-09-19 21:15:00,customer_4789@example.com,5,28.0,140.0,US,USD,15550104789
ORD5790,2026-09-19 21:30:00,customer_4790@example.com,4,16.0,64.0,US,USD,15550104790
ORD5791,2026-09-19 21:45:00,customer_4791@example.com,1,25.0,25.0,US,USD,15550104791
ORD5792,2026-09-19 22:00:00,customer_4792@example.com,5,12.0,60.0,US,USD,15550104792
ORD5793,2026-09-19 22:15:00,customer_4793@example.com,2,26.0,52.0,US,USD,15550104793
ORD5794,2026-09-19 22:30:00,customer_4794@example.com,4,30.0,120.0,US,USD,15550104794
ORD5795,2026-09-19 22:45:00,customer_4795@example.com,5,21.0,105.0,US,USD,15550104795
ORD5796,2026-09-19 23:00:00,customer_4796@example.com,4,26.0,104.0,US,USD,15550104796
ORD5797,2026-09-19 23:15:00,customer_4797@example.com,4,15.0,60.0,US,USD,15550104797
ORD5798,2026-09-19 23:30:00,customer_4798@example.com,3,21.0,63.0,US,USD,15550104798
ORD5799,2026-09-19 23:45:00,customer_4799@example.com,5,25.0,125.0,US,USD,15550104799
ORD5800,2026-09-20 00:00:00,customer_4800@example.com,4,25.0,100.0,US,USD,15550104800
ORD5801,2026-09-20 00:15:00,customer_4801@example.com,3,28.0,84.0,US,USD,15550104801
ORD5802,2026-09-20 00:30:00,customer_4802@example.com,4,30.0,120.0,US,USD,15550104802
ORD5803,2026-09-20 00:45:00,customer_4803@example.com,5,30.0,150.0,US,USD,15550104803
ORD5804,2026-09-20 01:00:00,customer_4804@example.com,1,16.0,16.0,US,USD,15550104804
ORD5805,2026-09-20 01:15:00,customer_4805@example.com,2,16.0,32.0,US,USD,15550104805
ORD5806,2026-09-20 01:30:00,customer_4806@example.com,4,17.0,68.0,US,USD,15550104806
ORD5807,2026-09-20 01:45:00,customer_4807@example.com,4,16.0,64.0,US,USD,15550104807
ORD5808,2026-09-20 02:00:00,customer_4808@example.com,3,23.0,69.0,US,USD,15550104808
ORD5809,2026-09-20 02:15:00,customer_4809@example.com,4,28.0,112.0,US,USD,15550104809
ORD5810,2026-09-20 02:30:00,customer_4810@example.com,2,21.0,42.0,US,USD,15550104810
ORD5811,2026-09-20 02:45:00,customer_4811@example.com,3,27.0,81.0,US,USD,15550104811
ORD5812,2026-09-20 03:00:00,customer_4812@example.com,1,14.0,14.0,US,USD,15550104812
ORD5813,2026-09-20 03:15:00,customer_4813@example.com,1,19.0,19.0,US,USD,15550104813
ORD5814,2026-09-20 03:30:00,customer_4814@example.com,4,26.0,104.0,US,USD,15550104814
ORD5815,2026-09-20 03:45:00,customer_4815@example.com,3,17.0,51.0,US,USD,15550104815
ORD5816,2026-09-20 04:00:00,customer_4816@example.com,5,11.0,55.0,US,USD,15550104816
ORD5817,2026-09-20 04:15:00,customer_4817@example.com,4,26.0,104.0,US,USD,15550104817
ORD5818,2026-09-20 04:30:00,customer_4818@example.com,5,20.0,100.0,US,USD,15550104818
ORD5819,2026-09-20 04:45:00,customer_4819@example.com,4,24.0,96.0,US,USD,15550104819
ORD5820,2026-09-20 05:00:00,customer_4820@example.com,4,23.0,92.0,US,USD,15550104820
ORD5821,2026-09-20 05:15:00,customer_4821@example.com,4,21.0,84.0,US,USD,15550104821
ORD5822,2026-09-20 05:30:00,customer_4822@example.com,4,20.0,80.0,US,USD,15550104822
ORD5823,2026-09-20 05:45:00,customer_4823@example.com,3,22.0,66.0,US,USD,15550104823
ORD5824,2026-09-20 06:00:00,customer_4824@example.com,1,15.0,15.0,US,USD,15550104824
ORD5825,2026-09-20 06:15:00,customer_4825@example.com,4,17.0,68.0,US,USD,15550104825
ORD5826,2026-09-20 06:30:00,customer_4826@example.com,3,30.0,90.0,US,USD,15550104826
ORD5827,2026-09-20 06:45:00,customer_4827@example.com,1,21.0,21.0,US,USD,15550104827
ORD5828,2026-09-20 07:00:00,customer_4828@example.com,1,19.0,19.0,US,USD,15550104828
ORD5829,2026-09-20 07:15:00,customer_4829@example.com,5,26.0,130.0,US,USD,15550104829
ORD5830,2026-09-20 07:30:00,customer_4830@example.com,5,30.0,150.0,US,USD,15550104830
ORD5831,2026-09-20 07:45:00,customer_4831@example.com,1,18.0,18.0,US,USD,15550104831
ORD5832,2026-09-20 08:00:00,customer_4832@example.com,2,13.0,26.0,US,USD,15550104832
ORD5833,2026-09-20 08:15:00,customer_4833@example.com,1,12.0,12.0,US,USD,15550104833
ORD5834,2026-09-20 08:30:00,customer_4834@example.com,3,11.0,33.0,US,USD,15550104834
ORD5835,2026-09-20 08:45:00,customer_4835@example.com,5,16.0,80.0,US,USD,15550104835
ORD5836,2026-09-20 09:00:00,customer_4836@example.com,3,16.0,48.0,US,USD,15550104836
ORD5837,2026-09-20 09:15:00,customer_4837@example.com,3,18.0,54.0,US,USD,15550104837
ORD5838,2026-09-20 09:30:00,customer_4838@example.com,3,18.0,54.0,US,USD,15550104838
ORD5839,2026-09-20 09:45:00,customer_4839@example.com,2,29.0,58.0,US,USD,15550104839
ORD5840,2026-09-20 10:00:00,customer_4840@example.com,2,27.0,54.0,US,USD,15550104840
ORD5841,2026-09-20 10:15:00,customer_4841@example.com,3,10.0,30.0,US,USD,15550104841
ORD5842,2026-09-20 10:30:00,customer_4842@example.com,3,19.0,57.0,US,USD,15550104842
ORD5843,2026-09-20 10:45:00,customer_4843@example.com,3,22.0,66.0,US,USD,15550104843
ORD5844,2026-09-20 11:00:00,customer_4844@example.com,4,28.0,112.0,US,USD,15550104844
ORD5845,2026-09-20 11:15:00,customer_4845@example.com,1,25.0,25.0,US,USD,15550104845
ORD5846,2026-09-20 11:30:00,customer_4846@example.com,5,14.0,70.0,US,USD,15550104846
ORD5847,2026-09-20 11:45:00,customer_4847@example.com,4,17.0,68.0,US,USD,15550104847
ORD5848,2026-09-20 12:00:00,customer_4848@example.com,2,16.0,32.0,US,USD,15550104848
ORD5849,2026-09-20 12:15:00,customer_4849@example.com,4,17.0,68.0,US,USD,15550104849
ORD5850,2026-09-20 12:30:00,customer_4850@example.com,5,28.0,140.0,US,USD,15550104850
ORD5851,2026-09-20 12:45:00,customer_4851@example.com,5,24.0,120.0,US,USD,15550104851
ORD5852,2026-09-20 13:00:00,customer_4852@example.com,4,20.0,80.0,US,USD,15550104852
ORD5853,2026-09-20 13:15:00,customer_4853@example.com,1,20.0,20.0,US,USD,15550104853
ORD5854,2026-09-20 13:30:00,customer_4854@example.com,2,23.0,46.0,US,USD,15550104854
ORD5855,2026-09-20 13:45:00,customer_4855@example.com,4,16.0,64.0,US,USD,15550104855
ORD5856,2026-09-20 14:00:00,customer_4856@example.com,4,24.0,96.0,US,USD,15550104856
ORD5857,2026-09-20 14:15:00,customer_4857@example.com,5,10.0,50.0,US,USD,15550104857
ORD5858,2026-09-20 14:30:00,customer_4858@example.com,3,14.0,42.0,US,USD,15550104858
ORD5859,2026-09-20 14:45:00,customer_4859@example.com,5,14.0,70.0,US,USD,15550104859
ORD5860,2026-09-20 15:00:00,customer_4860@example.com,3,10.0,30.0,US,USD,15550104860
ORD5861,2026-09-20 15:15:00,customer_4861@example.com,4,21.0,84.0,US,USD,15550104861
ORD5862,2026-09-20 15:30:00,customer_4862@example.com,3,17.0,51.0,US,USD,15550104862
ORD5863,2026-09-20 15:45:00,customer_4863@example.com,4,23.0,92.0,US,USD,15550104863
ORD5864,2026-09-20 16:00:00,customer_4864@example.com,4,27.0,108.0,US,USD,15550104864
ORD5865,2026-09-20 16:15:00,customer_4865@example.com,3,20.0,60.0,US,USD,15550104865
ORD5866,2026-09-20 16:30:00,customer_4866@example.com,5,10.0,50.0,US,USD,15550104866
ORD5867,2026-09-20 16:45:00,customer_4867@example.com,5,11.0,55.0,US,USD,15550104867
ORD5868,2026-09-20 17:00:00,customer_4868@example.com,2,14.0,28.0,US,USD,15550104868
ORD5869,2026-09-20 17:15:00,customer_4869@example.com,3,28.0,84.0,US,USD,15550104869
ORD5870,2026-09-20 17:30:00,customer_4870@example.com,5,29.0,145.0,US,USD,15550104870
ORD5871,2026-09-20 17:45:00,customer_4871@example.com,5,22.0,110.0,US,USD,15550104871
ORD5872,2026-09-20 18:00:00,customer_4872@example.com,4,16.0,64.0,US,USD,15550104872
ORD5873,2026-09-20 18:15:00,customer_4873@example.com,4,12.0,48.0,US,USD,15550104873
ORD5874,2026-09-20 18:30:00,customer_4874@example.com,5,22.0,110.0,US,USD,15550104874
ORD5875,2026-09-20 18:45:00,customer_4875@example.com,2,25.0,50.0,US,USD,15550104875
ORD5876,2026-09-20 19:00:00,customer_4876@example.com,1,20.0,20.0,US,USD,15550104876
ORD5877,2026-09-20 19:15:00,customer_4877@example.com,5,24.0,120.0,US,USD,15550104877
ORD5878,2026-09-20 19:30:00,customer_4878@example.com,3,12.0,36.0,US,USD,15550104878
ORD5879,2026-09-20 19:45:00,customer_4879@example.com,2,13.0,26.0,US,USD,15550104879
ORD5880,2026-09-20 20:00:00,customer_4880@example.com,5,15.0,75.0,US,USD,15550104880
ORD5881,2026-09-20 20:15:00,customer_4881@example.com,1,29.0,29.0,US,USD,15550104881
ORD5882,2026-09-20 20:30:00,customer_4882@example.com,4,10.0,40.0,US,USD,15550104882
ORD5883,2026-09-20 20:45:00,customer_4883@example.com,2,16.0,32.0,US,USD,15550104883
ORD5884,2026-09-20 21:00:00,customer_4884@example.com,1,22.0,22.0,US,USD,15550104884
ORD5885,2026-09-20 21:15:00,customer_4885@example.com,3,16.0,48.0,US,USD,15550104885
ORD5886,2026-09-20 21:30:00,customer_4886@example.com,2,19.0,38.0,US,USD,15550104886
ORD5887,2026-09-20 21:45:00,customer_4887@example.com,5,12.0,60.0,US,USD,15550104887
ORD5888,2026-09-20 22:00:00,customer_4888@example.com,4,11.0,44.0,US,USD,15550104888
ORD5889,2026-09-20 22:15:00,customer_4889@example.com,3,26.0,78.0,US,USD,15550104889
ORD5890,2026-09-20 22:30:00,customer_4890@example.com,1,15.0,15.0,US,USD,15550104890
ORD5891,2026-09-20 22:45:00,customer_4891@example.com,3,23.0,69.0,US,USD,15550104891
ORD5892,2026-09-20 23:00:00,customer_4892@example.com,4,15.0,60.0,US,USD,15550104892
ORD5893,2026-09-20 23:15:00,customer_4893@example.com,1,14.0,14.0,US,USD,15550104893
ORD5894,2026-09-20 23:30:00,customer_4894@example.com,5,23.0,115.0,US,USD,15550104894
ORD5895,2026-09-20 23:45:00,customer_4895@example.com,4,12.0,48.0,US,USD,15550104895
ORD5896,2026-09-21 00:00:00,customer_4896@example.com,4,16.0,64.0,US,USD,15550104896
ORD5897,2026-09-21 00:15:00,customer_4897@example.com,2,16.0,32.0,US,USD,15550104897
ORD5898,2026-09-21 00:30:00,customer_4898@example.com,3,23.0,69.0,US,USD,15550104898
ORD5899,2026-09-21 00:45:00,customer_4899@example.com,4,15.0,60.0,US,USD,15550104899
ORD5900,2026-09-21 01:00:00,customer_4900@example.com,5,28.0,140.0,US,USD,15550104900
ORD5901,2026-09-21 01:15:00,customer_4901@example.com,3,28.0,84.0,US,USD,15550104901
ORD5902,2026-09-21 01:30:00,customer_4902@example.com,2,26.0,52.0,US,USD,15550104902
ORD5903,2026-09-21 01:45:00,customer_4903@example.com,4,18.0,72.0,US,USD,15550104903
ORD5904,2026-09-21 02:00:00,customer_4904@example.com,2,10.0,20.0,US,USD,15550104904
ORD5905,2026-09-21 02:15:00,customer_4905@example.com,2,24.0,48.0,US,USD,15550104905
ORD5906,2026-09-21 02:30:00,customer_4906@example.com,1,22.0,22.0,US,USD,15550104906
ORD5907,2026-09-21 02:45:00,customer_4907@example.com,5,17.0,85.0,US,USD,15550104907
ORD5908,2026-09-21 03:00:00,customer_4908@example.com,5,20.0,100.0,US,USD,15550104908
ORD5909,2026-09-21 03:15:00,customer_4909@example.com,5,25.0,125.0,US,USD,15550104909
ORD5910,2026-09-21 03:30:00,customer_4910@example.com,4,24.0,96.0,US,USD,15550104910
ORD5911,2026-09-21 03:45:00,customer_4911@example.com,5,11.0,55.0,US,USD,15550104911
ORD5912,2026-09-21 04:00:00,customer_4912@example.com,1,19.0,19.0,US,USD,15550104912
ORD5913,2026-09-21 04:15:00,customer_4913@example.com,4,21.0,84.0,US,USD,15550104913
ORD5914,2026-09-21 04:30:00,customer_4914@example.com,3,22.0,66.0,US,USD,15550104914
ORD5915,2026-09-21 04:45:00,customer_4915@example.com,5,15.0,75.0,US,USD,15550104915
ORD5916,2026-09-21 05:00:00,customer_4916@example.com,4,17.0,68.0,US,USD,15550104916
ORD5917,2026-09-21 05:15:00,customer_4917@example.com,2,29.0,58.0,US,USD,15550104917
ORD5918,2026-09-21 05:30:00,customer_4918@example.com,4,24.0,96.0,US,USD,15550104918
ORD5919,2026-09-21 05:45:00,customer_4919@example.com,4,15.0,60.0,US,USD,15550104919
ORD5920,2026-09-21 06:00:00,customer_4920@example.com,5,13.0,65.0,US,USD,15550104920
ORD5921,2026-09-21 06:15:00,customer_4921@example.com,4,11.0,44.0,US,USD,15550104921
ORD5922,2026-09-21 06:30:00,customer_4922@example.com,2,15.0,30.0,US,USD,15550104922
ORD5923,2026-09-21 06:45:00,customer_4923@example.com,3,30.0,90.0,US,USD,15550104923
ORD5924,2026-09-21 07:00:00,customer_4924@example.com,5,19.0,95.0,US,USD,15550104924
ORD5925,2026-09-21 07:15:00,customer_4925@example.com,1,16.0,16.0,US,USD,15550104925
ORD5926,2026-09-21 07:30:00,customer_4926@example.com,4,23.0,92.0,US,USD,15550104926
ORD5927,2026-09-21 07:45:00,customer_4927@example.com,5,13.0,65.0,US,USD,15550104927
ORD5928,2026-09-21 08:00:00,customer_4928@example.com,3,12.0,36.0,US,USD,15550104928
ORD5929,2026-09-21 08:15:00,customer_4929@example.com,1,26.0,26.0,US,USD,15550104929
ORD5930,2026-09-21 08:30:00,customer_4930@example.com,3,23.0,69.0,US,USD,15550104930
ORD5931,2026-09-21 08:45:00,customer_4931@example.com,4,15.0,60.0,US,USD,15550104931
ORD5932,2026-09-21 09:00:00,customer_4932@example.com,3,16.0,48.0,US,USD,15550104932
ORD5933,2026-09-21 09:15:00,customer_4933@example.com,5,11.0,55.0,US,USD,15550104933
ORD5934,2026-09-21 09:30:00,customer_4934@example.com,4,10.0,40.0,US,USD,15550104934
ORD5935,2026-09-21 09:45:00,customer_4935@example.com,1,30.0,30.0,US,USD,15550104935
ORD5936,2026-09-21 10:00:00,customer_4936@example.com,4,22.0,88.0,US,USD,15550104936
ORD5937,2026-09-21 10:15:00,customer_4937@example.com,3,22.0,66.0,US,USD,15550104937
ORD5938,2026-09-21 10:30:00,customer_4938@example.com,2,22.0,44.0,US,USD,15550104938
ORD5939,2026-09-21 10:45:00,customer_4939@example.com,1,10.0,10.0,US,USD,15550104939
ORD5940,2026-09-21 11:00:00,customer_4940@example.com,3,13.0,39.0,US,USD,15550104940
ORD5941,2026-09-21 11:15:00,customer_4941@example.com,2,20.0,40.0,US,USD,15550104941
ORD5942,2026-09-21 11:30:00,customer_4942@example.com,4,25.0,100.0,US,USD,15550104942
ORD5943,2026-09-21 11:45:00,customer_4943@example.com,4,12.0,48.0,US,USD,15550104943
ORD5944,2026-09-21 12:00:00,customer_4944@example.com,1,27.0,27.0,US,USD,15550104944
ORD5945,2026-09-21 12:15:00,customer_4945@example.com,2,24.0,48.0,US,USD,15550104945
ORD5946,2026-09-21 12:30:00,customer_4946@example.com,2,25.0,50.0,US,USD,15550104946
ORD5947,2026-09-21 12:45:00,customer_4947@example.com,3,15.0,45.0,US,USD,15550104947
ORD5948,2026-09-21 13:00:00,customer_4948@example.com,2,10.0,20.0,US,USD,15550104948
ORD5949,2026-09-21 13:15:00,customer_4949@example.com,5,13.0,65.0,US,USD,15550104949
ORD5950,2026-09-21 13:30:00,customer_4950@example.com,2,19.0,38.0,US,USD,15550104950
ORD5951,2026-09-21 13:45:00,customer_4951@example.com,1,27.0,27.0,US,USD,15550104951
ORD5952,2026-09-21 14:00:00,customer_4952@example.com,4,15.0,60.0,US,USD,15550104952
ORD5953,2026-09-21 14:15:00,customer_4953@example.com,1,10.0,10.0,US,USD,15550104953
ORD5954,2026-09-21 14:30:00,customer_4954@example.com,3,14.0,42.0,US,USD,15550104954
ORD5955,2026-09-21 14:45:00,customer_4955@example.com,4,21.0,84.0,US,USD,15550104955
ORD5956,2026-09-21 15:00:00,customer_4956@example.com,2,16.0,32.0,US,USD,15550104956
ORD5957,2026-09-21 15:15:00,customer_4957@example.com,1,27.0,27.0,US,USD,15550104957
ORD5958,2026-09-21 15:30:00,customer_4958@example.com,2,24.0,48.0,US,USD,15550104958
ORD5959,2026-09-21 15:45:00,customer_4959@example.com,1,30.0,30.0,US,USD,15550104959
ORD5960,2026-09-21 16:00:00,customer_4960@example.com,5,30.0,150.0,US,USD,15550104960
ORD5961,2026-09-21 16:15:00,customer_4961@example.com,1,22.0,22.0,US,USD,15550104961
ORD5962,2026-09-21 16:30:00,customer_4962@example.com,3,24.0,72.0,US,USD,15550104962
ORD5963,2026-09-21 16:45:00,customer_4963@example.com,1,29.0,29.0,US,USD,15550104963
ORD5964,2026-09-21 17:00:00,customer_4964@example.com,1,11.0,11.0,US,USD,15550104964
ORD5965,2026-09-21 17:15:00,customer_4965@example.com,4,16.0,64.0,US,USD,15550104965
ORD5966,2026-09-21 17:30:00,customer_4966@example.com,2,21.0,42.0,US,USD,15550104966
ORD5967,2026-09-21 17:45:00,customer_4967@example.com,2,16.0,32.0,US,USD,15550104967
ORD5968,2026-09-21 18:00:00,customer_4968@example.com,1,10.0,10.0,US,USD,15550104968
ORD5969,2026-09-21 18:15:00,customer_4969@example.com,4,10.0,40.0,US,USD,15550104969
ORD5970,2026-09-21 18:30:00,customer_4970@example.com,1,20.0,20.0,US,USD,15550104970
ORD5971,2026-09-21 18:45:00,customer_4971@example.com,2,12.0,24.0,US,USD,15550104971
ORD5972,2026-09-21 19:00:00,customer_4972@example.com,2,13.0,26.0,US,USD,15550104972
ORD5973,2026-09-21 19:15:00,customer_4973@example.com,2,15.0,30.0,US,USD,15550104973
ORD5974,2026-09-21 19:30:00,customer_4974@example.com,1,23.0,23.0,US,USD,15550104974
ORD5975,2026-09-21 19:45:00,customer_4975@example.com,5,13.0,65.0,US,USD,15550104975
ORD5976,2026-09-21 20:00:00,customer_4976@example.com,3,20.0,60.0,US,USD,15550104976
ORD5977,2026-09-21 20:15:00,customer_4977@example.com,5,30.0,150.0,US,USD,15550104977
ORD5978,2026-09-21 20:30:00,customer_4978@example.com,2,29.0,58.0,US,USD,15550104978
ORD5979,2026-09-21 20:45:00,customer_4979@example.com,2,27.0,54.0,US,USD,15550104979
ORD5980,2026-09-21 21:00:00,customer_4980@example.com,4,23.0,92.0,US,USD,15550104980
ORD5981,2026-09-21 21:15:00,customer_4981@example.com,1,17.0,17.0,US,USD,15550104981
ORD5982,2026-09-21 21:30:00,customer_4982@example.com,2,13.0,26.0,US,USD,15550104982
ORD5983,2026-09-21 21:45:00,customer_4983@example.com,3,20.0,60.0,US,USD,15550104983
ORD5984,2026-09-21 22:00:00,customer_4984@example.com,2,10.0,20.0,US,USD,15550104984
ORD5985,2026-09-21 22:15:00,customer_4985@example.com,4,30.0,120.0,US,USD,15550104985
ORD5986,2026-09-21 22:30:00,customer_4986@example.com,3,10.0,30.0,US,USD,15550104986
ORD5987,2026-09-21 22:45:00,customer_4987@example.com,4,16.0,64.0,US,USD,15550104987
ORD5988,2026-09-21 23:00:00,customer_4988@example.com,4,17.0,68.0,US,USD,15550104988
ORD5989,2026-09-21 23:15:00,customer_4989@example.com,1,18.0,18.0,US,USD,15550104989
ORD5990,2026-09-21 23:30:00,customer_4990@example.com,5,21.0,105.0,US,USD,15550104990
ORD5991,2026-09-21 23:45:00,customer_4991@example.com,1,12.0,12.0,US,USD,15550104991
ORD5992,2026-09-22 00:00:00,customer_4992@example.com,2,23.0,46.0,US,USD,15550104992
ORD5993,2026-09-22 00:15:00,customer_4993@example.com,3,29.0,87.0,US,USD,15550104993
ORD5994,2026-09-22 00:30:00,customer_4994@example.com,4,13.0,52.0,US,USD,15550104994
ORD5995,2026-09-22 00:45:00,customer_4995@example.com,5,28.0,140.0,US,USD,15550104995
ORD5996,2026-09-22 01:00:00,customer_4996@example.com,2,18.0,36.0,US,USD,15550104996
ORD5997,2026-09-22 01:15:00,customer_4997@example.com,1,29.0,29.0,US,USD,15550104997
ORD5998,2026-09-22 01:30:00,customer_4998@example.com,3,30.0,90.0,US,USD,15550104998
